Track URI,Track Name,Album Name,Artist Name(s),Release Date,Duration (ms),Popularity,Explicit,Added By,Added At,Genres,Record Label,Danceability,Energy,Key,Loudness,Mode,Speechiness,Acousticness,Instrumentalness,Liveness,Valence,Tempo,Time Signature
spotify:track:4kwQ5HS3XUyIjDVESkrgWJ,"Insetos","Escolhas e Reflexos","Dudu;Ribb;Iuri Rio Branco",2024-11-07,154000,33,false,8jtopaclkzi6fkcxvnzy3t27q,2024-11-21T20:06:29Z,"trap brasileiro,hip hop brasileiro,trap,funk consciente,boom bap","Som Livre",0.629,0.491,3,-13.791,1,0.128,0.209,0,0.13,0.663,139.808,4
spotify:track:7ytjb8ZvBX7hViPXKBJp95,"Pra Se Entorpecer","Escolhas e Reflexos","Dudu;Yunk Vino;Iuri Rio Branco",2024-11-07,160000,33,true,8jtopaclkzi6fkcxvnzy3t27q,2024-11-21T20:06:42Z,"trap brasileiro,hip hop brasileiro,trap,trap funk,boom bap","Som Livre",0.664,0.336,2,-18.907,1,0.0931,0.115,0,0.0973,0.354,110.033,4
spotify:track:6vqHCFSzYNzg96n8NoKxHt,"Mundo da Fama","Escolhas e Reflexos","Dudu;Mc Dricka;Major RD;Iuri Rio Branco",2024-11-07,213994,32,true,8jtopaclkzi6fkcxvnzy3t27q,2024-11-21T20:06:47Z,"trap brasileiro,hip hop brasileiro,trap,funk,brega funk,funk de bh,trap funk,boom bap","Som Livre",0.773,0.827,2,-3.753,1,0.164,0.577,0,0.272,0.565,139.971,4
spotify:track:6GfoDDI4Kdc1htSqSQaG5P,"Loop","Escolhas e Reflexos","Dudu;OGBEATZZ;Nandela;c4;Iuri Rio Branco;JP Diazz;Tkd",2024-11-07,120021,33,true,8jtopaclkzi6fkcxvnzy3t27q,2024-11-21T20:06:51Z,"trap brasileiro,hip hop brasileiro,trap,funk consciente,trap funk,funk,boom bap","Som Livre",0.709,0.408,4,-16.64,0,0.269,0.608,0,0.111,0.498,136.149,4
spotify:track:1xyfg4Legt3mDtgMNCi9Zk,"Missão","Escolhas e Reflexos","Dudu;PJ HOUDINI;JP Diazz;TR3VAS;Iuri Rio Branco",2024-11-07,117000,28,false,8jtopaclkzi6fkcxvnzy3t27q,2024-11-21T20:07:08Z,"trap brasileiro,hip hop brasileiro,trap,trap funk,boom bap","Som Livre",0.825,0.498,1,-7.206,1,0.26,0.0147,0.0362,0.106,0.565,156.996,4
spotify:track:2paAeGAcxrYFx8nNuqvy2p,"Eu Não Vou Ligar","Escolhas e Reflexos","Dudu;Leviano;Tibery;Stuani;Iuri Rio Branco",2024-11-07,228000,32,true,8jtopaclkzi6fkcxvnzy3t27q,2024-11-21T20:07:54Z,"trap brasileiro,hip hop brasileiro,trap,trap funk,boom bap","Som Livre",0.74,0.192,4,-23.685,0,0.132,0.389,0,0.134,0.496,140.961,4
spotify:track:1K7NHzkutNMEqc4jE2LjHq,"Melhor Sozinho","Escolhas e Reflexos","Dudu;BIN;Marquinho no Beat;Rocco;H4lfmeasures;Iuri Rio Branco",2024-11-07,146997,30,true,8jtopaclkzi6fkcxvnzy3t27q,2024-11-21T20:09:03Z,"trap brasileiro,hip hop brasileiro,trap,trap funk,funk,boom bap","Som Livre",0.647,0.706,2,-4.787,0,0.538,0.0787,0,0.107,0.736,159.791,4
spotify:track:3YgqR2xkM3cfAfaBN9pMLv,"Quarto 28","Escolhas e Reflexos","Dudu;Menor MC;Mc Davi;Dj Yuri Pedrada;DJ WN;Iuri Rio Branco",2024-11-07,248997,38,true,8jtopaclkzi6fkcxvnzy3t27q,2024-11-21T20:09:25Z,"trap brasileiro,hip hop brasileiro,trap,trap funk,funk,funk consciente,boom bap","Som Livre",0.875,0.301,7,-10.728,0,0.184,0.685,0.00000116,0.0631,0.547,113.205,5
spotify:track:06bYQc04V55BwlonklgiB9,"Amor","Escolhas e Reflexos","Dudu;Adrielzinho;Dj Yuri Pedrada;Iuri Rio Branco",2024-11-07,122005,29,true,8jtopaclkzi6fkcxvnzy3t27q,2024-11-21T20:09:41Z,"trap brasileiro,hip hop brasileiro,trap,brega funk,brega,funk,trap funk,funk consciente,boom bap","Som Livre",0.861,0.187,5,-20.873,0,0.829,0.611,0,0.0746,0.893,127.867,4
spotify:track:3ANMfAxYqSXxxaS7kWIPtg,"Filho da Noite","Escolhas e Reflexos","Dudu;Leozin;Iuri Rio Branco",2024-11-07,131146,33,true,8jtopaclkzi6fkcxvnzy3t27q,2024-11-21T20:10:05Z,"trap brasileiro,hip hop brasileiro,trap,boom bap","Som Livre",0.78,0.525,8,-10.772,1,0.22,0.121,0.00201,0.0816,0.473,134.987,4
spotify:track:64iBfVmlDnQVxZCz9ySpU1,"Sensação de Liberdade","Eu Ainda Tenho Coração","LEALL;Rock Danger;BK;Nagalli;Rocco",2023-12-13,178869,57,true,8jtopaclkzi6fkcxvnzy3t27q,2024-11-21T20:11:52Z,"boom bap,hip hop brasileiro,trap brasileiro,grime,trap,trap funk","Rock Danger",0.713,0.67,8,-4.952,0,0.264,0.521,0.00000146,0.464,0.486,135.931,4
spotify:track:71FR8fEoMruTM1tyk6NJBw,"Malefícios do Dinheiro","Eu Ainda Tenho Coração","LEALL;Rock Danger;meLLo;Neconbeat",2023-12-13,151925,49,true,8jtopaclkzi6fkcxvnzy3t27q,2024-11-21T20:12:03Z,"boom bap,hip hop brasileiro,trap brasileiro,grime,trap,trap funk","Rock Danger",0.483,0.622,1,-5.673,0,0.133,0.313,0,0.191,0.565,138.364,4
spotify:track:3wD9ExI9VWjvk2xEX5xLrQ,"Eu Ainda Tenho Coração","Eu Ainda Tenho Coração","LEALL;Rock Danger;Babidi",2023-12-13,121333,55,true,8jtopaclkzi6fkcxvnzy3t27q,2024-11-21T20:36:05Z,"boom bap,hip hop brasileiro,trap brasileiro,grime,trap,trap funk","Rock Danger",0.634,0.615,4,-5.613,0,0.231,0.78,0.00000794,0.216,0.428,143.725,4
spotify:track:3DzAFZC6joBBQ4ePVygbBY,"Medo de Quase Nada","Eu Ainda Tenho Coração","LEALL;Rock Danger;Pedro Apoema",2023-12-13,165642,63,true,8jtopaclkzi6fkcxvnzy3t27q,2024-11-21T20:36:15Z,"boom bap,hip hop brasileiro,trap brasileiro,grime,trap,trap funk","Rock Danger",0.686,0.788,8,-4.955,0,0.388,0.68,0,0.205,0.528,137.618,4
spotify:track:5MGMXOhVvwzCjFgdQsFokR,"SLIDE","VULTURES 2","¥$;Kanye West;Ty Dolla $ign",2024-08-03,197777,61,true,8jtopaclkzi6fkcxvnzy3t27q,2024-11-22T11:08:15Z,"rap,trap soul","YZY",0.749,0.802,10,-5.78,0,0.0858,0.0258,0,0.118,0.443,107.996,4
spotify:track:0JgassGI6jNxpX82jGpcuJ,"TIME MOVING SLOW","VULTURES 2","¥$;Kanye West;Ty Dolla $ign",2024-08-03,159669,57,true,8jtopaclkzi6fkcxvnzy3t27q,2024-11-22T11:11:37Z,"rap,trap soul","YZY",0.777,0.607,4,-8.227,0,0.199,0.176,0,0.228,0.261,120.866,4
spotify:track:4Qay2jEWJYjXmJ8eNOGtaD,"FRIED","VULTURES 2","¥$;Kanye West;Ty Dolla $ign",2024-08-03,166400,62,true,8jtopaclkzi6fkcxvnzy3t27q,2024-11-22T11:14:41Z,"rap,trap soul","YZY",0.566,0.635,1,-6.989,1,0.0343,0.0154,0.00000633,0.834,0.199,149.993,4
spotify:track:1MTpRBLniy6298BCdyKUfQ,"FOREVER ROLLING","VULTURES 2","¥$;Kanye West;Ty Dolla $ign",2024-08-03,194655,55,true,8jtopaclkzi6fkcxvnzy3t27q,2024-11-22T11:16:14Z,"rap,trap soul","YZY",0.468,0.591,2,-7.481,0,0.302,0.222,0,0.139,0.0742,90.178,4
spotify:track:2F17uzMHglvoThKCdouHJa,"DELINEADO","MAGIC SHOW (DELUXE)","Nagalli;Veigh;Caio Luccas;Supernova Ent",2024-05-26,185462,48,true,8jtopaclkzi6fkcxvnzy3t27q,2024-11-22T11:18:56Z,"trap brasileiro,trap,trap funk,hip hop brasileiro","Supernova Ent",0.643,0.517,4,-7.991,0,0.128,0.54,0,0.085,0.625,87.823,4
spotify:track:47hRNyee7x3fVsan14sROS,"SE ENVOLVE","MAGIC SHOW (DELUXE)","Nagalli;Veigh;Supernova Ent",2024-05-26,129927,29,true,8jtopaclkzi6fkcxvnzy3t27q,2024-11-22T11:19:01Z,"trap brasileiro,trap,trap funk,hip hop brasileiro","Supernova Ent",0.594,0.457,1,-6.444,1,0.215,0.0468,0,0.126,0.325,98.903,3
spotify:track:6oz71ERnTQ12vnkr7VwXOs,"SUBSTÂNCIA","MAGIC SHOW (DELUXE)","Nagalli;Trunks;Supernova Ent",2024-05-26,130500,27,true,8jtopaclkzi6fkcxvnzy3t27q,2024-11-22T11:21:34Z,"trap brasileiro,trap,trap funk,hip hop brasileiro","Supernova Ent",0.871,0.72,1,-5.126,0,0.14,0.138,0,0.164,0.726,122.054,4
spotify:track:5gxIUJwuBqqfxrCKUFbzMy,"DÍGITOS","MAGIC SHOW (DELUXE)","Nagalli;Jovem Dex;Supernova Ent",2024-05-26,179205,27,true,8jtopaclkzi6fkcxvnzy3t27q,2024-11-22T11:22:03Z,"trap brasileiro,trap,trap funk,hip hop brasileiro","Supernova Ent",0.787,0.759,5,-3.748,0,0.296,0.0332,0,0.162,0.718,149.938,4
spotify:track:33rrlkg13OnEkKHtRnrz2R,"Medley de Igaratá","Medley de Igaratá","Mc Negão Original;DJ Guh Mix",2024-04-25,258480,54,true,8jtopaclkzi6fkcxvnzy3t27q,2024-11-22T11:24:39Z,"funk,trap funk,funk consciente","Cria Hit BR",0.717,0.721,9,-5.363,1,0.758,0.315,0,0.304,0.773,129.782,4
spotify:track:5AAWUikqjEoNwVbKERUseF,"Medley de Igaratá 2","Medley de Igaratá 2","Mc Negão Original;DJ Guh Mix;Dj TC",2024-06-18,310153,54,true,8jtopaclkzi6fkcxvnzy3t27q,2024-11-22T11:25:20Z,"funk,trap funk,funk consciente","Cria Hit BR",0.645,0.599,2,-7.452,1,0.812,0.529,0,0.122,0.816,86.68,5
spotify:track:4FbYt9D0katV4nXZaC01Yt,"Medley de Igaratá 3","Medley de Igaratá 3","Mc Negão Original;DJ Guh Mix;Mc Robert",2024-11-07,265750,67,true,8jtopaclkzi6fkcxvnzy3t27q,2024-11-22T11:25:38Z,"funk,trap funk,funk consciente,funk carioca","Cria Hit BR",0.839,0.662,5,-5.738,0,0.307,0.312,0,0.398,0.834,130.12,4
spotify:track:0I9jwO0Ww5nuCu79lioqBA,"O Amor da Sua Vida É 244","Funktroit, Vol. 1","MC Saci;Mc Rodrigo do CN;Dj Dg Do Rb",2024-02-01,147346,22,true,8jtopaclkzi6fkcxvnzy3t27q,2024-11-22T11:30:54Z,"funk de bh,funk,funk carioca","eumcsaci",0.911,0.533,8,-1.766,1,0.452,0.8,0.000144,0.1,0.608,129.969,4
spotify:track:0nZ9uIZINDv5Qb4BbWPn6F,"Perigos Noturnos","Funktroit, Vol. 1","MC Saci;Mc Pretchako;DJ Sammer",2024-02-01,114461,21,true,8jtopaclkzi6fkcxvnzy3t27q,2024-11-22T11:31:03Z,"funk de bh,funk","eumcsaci",0.68,0.752,0,-2.8,1,0.439,0.496,0,0.1,0.716,83.071,5
spotify:track:1qJOlOF2vYhdiwmDpnafOo,"Ele Me Implora","Funktroit, Vol. 1","MC Saci;Triz;Dj Ph Da Vp",2024-02-01,118153,16,true,8jtopaclkzi6fkcxvnzy3t27q,2024-11-22T11:31:20Z,"funk de bh,funk,funk bruxaria","eumcsaci",0.683,0.531,4,-5.529,0,0.149,0.748,0.00000689,0.188,0.545,86.522,5
spotify:track:3Dr8QMt3IU8D68H4jwx6Sh,"Quem Não É Visto Não É Lembrado","Funktroit, Vol. 1","MC Saci;Mc Rodrigo do CN;DJ Sammer",2024-02-01,129692,40,true,8jtopaclkzi6fkcxvnzy3t27q,2024-11-22T11:31:26Z,"funk de bh,funk,funk carioca","eumcsaci",0.879,0.787,10,-2.468,0,0.336,0.659,0.000105,0.581,0.527,130.076,4
spotify:track:3ql9ezPcuBZj3NKN3jmhZo,"ALCIONE","KAREN$","Kayin;Fahel",2024-07-31,120040,10,true,8jtopaclkzi6fkcxvnzy3t27q,2024-11-22T11:33:41Z,"trap brasileiro,trap funk,trap","Kayin",0.664,0.809,8,-4.029,1,0.344,0.56,0,0.264,0.742,81.998,4
spotify:track:7GhjxP0wItJS3njIL2DPB4,"NOVA ONDA","KAREN$","Kayin;Fahel;KayG",2024-07-31,130560,17,true,8jtopaclkzi6fkcxvnzy3t27q,2024-11-22T11:34:17Z,"trap brasileiro,trap funk,trap","Kayin",0.778,0.534,1,-4.591,1,0.19,0.121,0,0.0858,0.221,125.012,4
spotify:track:2nMvkxwy9BjinrCdWhHZBo,"CLICK CLACK","KAREN$","Kayin;Fahel",2024-07-31,110066,6,true,8jtopaclkzi6fkcxvnzy3t27q,2024-11-22T11:34:22Z,"trap brasileiro,trap funk,trap","Kayin",0.575,0.657,0,-8.373,1,0.373,0.0175,0,0.232,0.569,79.002,4
spotify:track:5lzozMoomZNhvKRoqNVg3t,"Foragido","Foragido","Kayin;Veigh;OGBEATZZ",2024-01-18,138920,45,true,8jtopaclkzi6fkcxvnzy3t27q,2024-11-22T11:36:34Z,"trap brasileiro,trap funk,trap,hip hop brasileiro,funk consciente,funk","Kayin",0.783,0.67,10,-4.634,0,0.291,0.647,0,0.129,0.527,131.077,4
spotify:track:3azNM7IeJ4a4PfTIHDW8U4,"Karma","Traumas e Vícios","CJota;Pedro Lotto",2024-10-17,122790,46,false,8jtopaclkzi6fkcxvnzy3t27q,2024-11-22T11:41:14Z,"trap brasileiro,trap funk,trap,hip hop brasileiro","LYONS PRODUÇÕES OFICIAL",0.673,0.51,2,-5.019,0,0.0407,0.667,0,0.14,0.463,129.033,4
spotify:track:4cDnflcgSQGiTa1WJhUMoP,"Primeiro Capítulo","AINDA NO MESMO BAIRRO","Niink;Supernova Ent;Stick;Nagalli;Galdino",2024-10-31,181111,48,true,8jtopaclkzi6fkcxvnzy3t27q,2024-11-22T11:42:50Z,"trap brasileiro,trap,trap funk,hip hop brasileiro","Supernova Ent",0.736,0.466,5,-8.274,1,0.104,0.326,0,0.218,0.249,135.022,4
spotify:track:1FSvqHzMs4v8vb17Cwuf5U,"Não Morro Cedo","AINDA NO MESMO BAIRRO","Niink;Supernova Ent;Stick;Fahel",2024-10-31,148225,43,true,8jtopaclkzi6fkcxvnzy3t27q,2024-11-22T11:46:45Z,"trap brasileiro,trap,trap funk,hip hop brasileiro","Supernova Ent",0.809,0.534,10,-6.555,0,0.326,0.336,0.000258,0.232,0.269,136.009,4
spotify:track:0lN6Mpuubw0DRgOqYq7Fg8,"Um Mano Discreto (feat. Mc Luanna)","AINDA NO MESMO BAIRRO","Niink;Supernova Ent;Toledo;Galdino;Mc Luanna",2024-10-31,151982,52,true,8jtopaclkzi6fkcxvnzy3t27q,2024-11-22T12:53:41Z,"trap brasileiro,trap,trap funk,hip hop brasileiro","Supernova Ent",0.826,0.603,1,-6.809,0,0.243,0.397,0,0.111,0.418,125.999,4
spotify:track:57pu5CRTcZsI6xhJHW1jbF,"Ruas de Sangue","Filho Pródigo","Flacko;Neo Beats",2020-12-18,144000,19,false,8jtopaclkzi6fkcxvnzy3t27q,2024-11-27T11:41:52Z,"trap brasileiro,trap,hip hop brasileiro,trap funk","Flacko",0.927,0.45,1,-12.771,0,0.417,0.0515,0,0.116,0.684,135.025,3
spotify:track:2vpqNffbsulOSe3VvNvHEs,"Suco de Uva, Snacks e Champagne","AINDA NO MESMO BAIRRO","Niink;Emitê Único;Ghard;Supernova Ent;Stick;Honaiser",2024-10-31,164387,41,true,8jtopaclkzi6fkcxvnzy3t27q,2024-12-05T20:05:10Z,"trap brasileiro,trap,trap funk,hip hop brasileiro","Supernova Ent",0.864,0.673,7,-6.08,1,0.303,0.35,0,0.111,0.718,146.07,4
spotify:track:7utOZloEGOqiZQLZt3g2zA,"Olhos de Sangue","AINDA NO MESMO BAIRRO","Niink;Fabiow011;Supernova Ent;Luskin",2024-10-31,155306,45,true,8jtopaclkzi6fkcxvnzy3t27q,2024-12-05T20:08:06Z,"trap brasileiro,trap,trap funk,hip hop brasileiro","Supernova Ent",0.852,0.443,9,-7.495,1,0.186,0.22,0,0.112,0.325,135.969,4
spotify:track:5Y6LrdrVV52nIhfxzej2cv,"100 Neurose, 100 Ganhos","AINDA NO MESMO BAIRRO","Niink;Supernova Ent;Stick;Honaiser",2024-10-31,118354,43,false,8jtopaclkzi6fkcxvnzy3t27q,2024-12-05T20:12:02Z,"trap brasileiro,trap,trap funk,hip hop brasileiro","Supernova Ent",0.697,0.453,1,-9.426,1,0.237,0.0893,0.000018,0.133,0.144,146.04,4
spotify:track:1WgrmCKBw7AkWQ9FiHZSjM,"Travaglini","AINDA NO MESMO BAIRRO","Niink;L7NNON;Supernova Ent;Honaiser;Toledo;Galdino",2024-10-31,166957,40,false,8jtopaclkzi6fkcxvnzy3t27q,2024-12-05T20:22:55Z,"trap brasileiro,trap,trap funk,hip hop brasileiro,funk carioca","Supernova Ent",0.666,0.449,11,-9.808,0,0.354,0.661,0.0000349,0.115,0.395,91.951,4
spotify:track:7pmLik6qMsjV32hTn7hogB,"Seja Bem-Vinda","AINDA NO MESMO BAIRRO","Niink;Veigh;Supernova Ent;Nagalli;Bvga Beatz;Toledo;Galdino;Honaiser",2024-10-31,140858,50,true,8jtopaclkzi6fkcxvnzy3t27q,2024-12-05T20:23:00Z,"trap brasileiro,trap,trap funk,hip hop brasileiro","Supernova Ent",0.611,0.6,2,-6.657,1,0.379,0.206,0,0.209,0.284,142.327,4
spotify:track:5CLWuY6NeZKBc0xeo7qpXq,"Me Perdoe Kendrick","AINDA NO MESMO BAIRRO","Niink;Supernova Ent;Bvga Beatz;Toledo;LeodoKick",2024-10-31,148837,47,true,8jtopaclkzi6fkcxvnzy3t27q,2024-12-05T20:23:07Z,"trap brasileiro,trap,trap funk,hip hop brasileiro","Supernova Ent",0.845,0.469,1,-8.423,1,0.341,0.265,0.00000253,0.11,0.278,129.146,4
spotify:track:03trGuoe1iyuz6bIYsfPNH,"Saiba escolher a mulher pro seu lado","AINDA NO MESMO BAIRRO","Niink;Supernova Ent;Nagalli;Toledo;Stick",2024-10-31,194377,49,false,8jtopaclkzi6fkcxvnzy3t27q,2024-12-05T20:26:51Z,"trap brasileiro,trap,trap funk,hip hop brasileiro","Supernova Ent",0.565,0.651,8,-6.616,0,0.295,0.342,0,0.126,0.278,107.538,3
spotify:track:1WyNzdSC0x0d2F4hD1RP0z,"On God (feat. KayCyy)","B.I.B.L.E.","Fivio Foreign;KayCyy",2022-07-15,186666,21,true,8jtopaclkzi6fkcxvnzy3t27q,2024-12-08T19:07:38Z,"drill do brooklyn,drill de nova iorque,drill,drill reino unido","RichFish/Columbia",0.432,0.463,2,-5.721,0,0.115,0.426,0,0.0978,0.0493,175.086,4
spotify:track:6qM0Hk646wYVqYKug16hEO,"Through the Fire (feat. Quavo)","B.I.B.L.E.","Fivio Foreign;Quavo",2022-07-15,205287,24,true,8jtopaclkzi6fkcxvnzy3t27q,2024-12-08T19:09:38Z,"drill do brooklyn,drill de nova iorque,drill,drill reino unido","RichFish/Columbia",0.706,0.729,4,-5.393,0,0.313,0.414,0,0.285,0.669,145.149,4
spotify:track:0ndFwqzI6VO4u8IJEWdgmQ,"Magic City (feat. Quavo)","B.I.B.L.E.","Fivio Foreign;Quavo",2022-07-15,158676,25,true,8jtopaclkzi6fkcxvnzy3t27q,2024-12-08T19:13:23Z,"drill do brooklyn,drill de nova iorque,drill,drill reino unido","RichFish/Columbia",0.794,0.742,3,-6.873,0,0.343,0.0866,0,0.134,0.643,145.128,4
spotify:track:7jwrYkG9VLzbZ4E7c25UUZ,"What’s My Name (with Queen Naija & Coi Leray)","B.I.B.L.E.","Fivio Foreign;Queen Naija;Coi Leray",2022-07-15,201398,28,true,8jtopaclkzi6fkcxvnzy3t27q,2024-12-08T19:20:51Z,"drill do brooklyn,drill de nova iorque,drill,drill reino unido","RichFish/Columbia",0.776,0.58,1,-7.26,0,0.13,0.0228,0,0.162,0.409,143.032,4
spotify:track:7ibRBJ4g5Si4l3L0t5XEGS,"Hello (feat. Chlöe & KayCyy)","B.I.B.L.E.","Fivio Foreign;Chlöe;KayCyy",2022-07-15,264794,20,true,8jtopaclkzi6fkcxvnzy3t27q,2024-12-08T19:27:50Z,"drill do brooklyn,drill de nova iorque,drill,drill reino unido","RichFish/Columbia",0.538,0.522,6,-8.901,0,0.334,0.246,0,0.227,0.346,99.57,3
spotify:track:0RcFZOeIHESVEl0UFu4vxc,"Confidence (feat. A$AP Rocky)","B.I.B.L.E.","Fivio Foreign;A$AP Rocky",2022-07-15,110852,20,true,8jtopaclkzi6fkcxvnzy3t27q,2024-12-08T19:30:24Z,"drill do brooklyn,drill de nova iorque,drill,drill reino unido,rap","RichFish/Columbia",0.535,0.688,8,-6.484,1,0.517,0.123,0,0.147,0.482,98.916,3
spotify:track:0egqFR6kwpegARjqWoxd05,"Love Songs (feat. Ne-Yo)","B.I.B.L.E.","Fivio Foreign;Ne-Yo",2022-07-15,158182,20,true,8jtopaclkzi6fkcxvnzy3t27q,2024-12-08T19:50:27Z,"drill do brooklyn,drill de nova iorque,drill,drill reino unido","RichFish/Columbia",0.758,0.592,1,-5.769,1,0.429,0.271,0,0.0941,0.69,176.093,4
spotify:track:5TG8HeWIIvveI3rRu0yJui,"Turn Left","Turn Left","Snavs;WiDE AWAKE",2018-06-01,195200,42,false,8jtopaclkzi6fkcxvnzy3t27q,2024-12-09T19:39:24Z,"future bass,edm trap","Spinnin' Records",0.547,0.917,8,-2.484,1,0.0345,0.0625,0.00163,0.201,0.294,150.063,4
spotify:track:1ONKjaDIhaRpfXZM6Aissj,"On My Own","On My Own","Far Out;Karra",2018-06-28,270224,48,false,8jtopaclkzi6fkcxvnzy3t27q,2024-12-09T19:41:18Z,"future bass,melodic bass","Lowly",0.403,0.779,4,-2.981,1,0.0535,0.125,0.000077,0.385,0.103,145.084,4
spotify:track:7kUljt0NM5sISL3OGNVxYd,"Royalty","Royalty","Egzod;Maestro Chives",2021-04-22,223520,42,false,8jtopaclkzi6fkcxvnzy3t27q,2024-12-09T19:42:49Z,"","NCS",0.388,0.855,4,-4.229,0,0.0644,0.0181,0.0000811,0.137,0.32,80.121,4
spotify:track:0YThXX1dqUpYBLyJNAsF9N,"If We Being Rëal","2093","Yeat",2024-02-16,172500,76,true,8jtopaclkzi6fkcxvnzy3t27q,2024-12-09T19:43:31Z,"rage rap","Field Trip Recordings/Capitol Records",0.457,0.499,1,-6.67,1,0.0334,0.247,0.0000634,0.171,0.0348,127.95,4
spotify:track:49FYlytm3dAAraYgpoJZux,"Umbrella","Good Girl Gone Bad: Reloaded","Rihanna;JAŸ-Z",2008-06-02,275986,87,false,8jtopaclkzi6fkcxvnzy3t27q,2024-12-12T10:44:39Z,"hip hop,east coast hip hop,rap","Def Jam Recordings",0.585,0.828,1,-4.603,1,0.124,0.00906,0,0.0426,0.584,174.034,4
spotify:track:68RhNM8ehkarnEKnCkqlsp,"24","Donda","Kanye West",2021-08-29,197898,59,false,8jtopaclkzi6fkcxvnzy3t27q,2024-12-12T20:39:42Z,"rap","Rock The World/IDJ/Kanye LP7",0.386,0.534,5,-6.086,0,0.0389,0.129,0,0.351,0.343,110.057,4
spotify:track:4IdcxaEb9gfR3064T8AOgu,"Menor Quente (feat. Veigh & Ghard)","Mixtape Supernova Vol.1","Supernova Ent;Niink;G.A;Veigh;Ghard",2024-12-12,198656,52,false,8jtopaclkzi6fkcxvnzy3t27q,2024-12-15T18:54:07Z,"trap brasileiro,trap,trap funk,hip hop brasileiro","Supernova Entertainment",0.883,0.338,0,-9.453,0,0.154,0.234,0,0.0988,0.226,115.989,4
spotify:track:5p0xBbD3UOlsA7AgECeLZw,"Novo Império (feat. Veigh & Ghard)","Mixtape Supernova Vol.1","Supernova Ent;G.A;Niink;Veigh;Ghard",2024-12-12,189400,48,false,8jtopaclkzi6fkcxvnzy3t27q,2024-12-15T18:56:11Z,"trap brasileiro,trap,trap funk,hip hop brasileiro","Supernova Entertainment",0.798,0.397,1,-8.177,0,0.227,0.466,0,0.109,0.141,132.017,4
spotify:track:1HhHVYJHmsVyZvBR1nmY29,"Esquema de Pirâmide (feat. Veigh)","Mixtape Supernova Vol.1","Supernova Ent;Niink;Ghard;Veigh",2024-12-12,123996,57,false,8jtopaclkzi6fkcxvnzy3t27q,2024-12-15T19:00:44Z,"trap brasileiro,trap,trap funk,hip hop brasileiro","Supernova Entertainment",0.923,0.556,11,-7.956,0,0.282,0.213,0,0.0901,0.617,120.027,4
spotify:track:6Lgqcjgo0vYFSzdR8f15Gm,"Dembélé (feat. Niink & Veigh)","Mixtape Supernova Vol.1","Supernova Ent;Ghard;G.A;Niink;Veigh",2024-12-12,150822,52,false,8jtopaclkzi6fkcxvnzy3t27q,2024-12-15T19:00:50Z,"trap brasileiro,trap,trap funk,hip hop brasileiro","Supernova Entertainment",0.714,0.577,2,-10.595,1,0.32,0.514,0.00000131,0.111,0.524,140.017,4
spotify:track:2WdV619lpewERqKr0V2G5f,"Vivendo Igual IG (feat. Veigh & Niink)","Mixtape Supernova Vol.1","Supernova Ent;Ryu, The Runner;Emitê Único;Veigh;Niink",2024-12-12,202303,53,false,8jtopaclkzi6fkcxvnzy3t27q,2024-12-17T11:34:40Z,"trap brasileiro,trap,trap funk,hip hop brasileiro","Supernova Entertainment",0.885,0.842,11,-4.507,1,0.106,0.43,0,0.103,0.468,133.966,4
spotify:track:7kexCUP26MJzOjq5NtqRaa,"Pobre Juan (feat. Veigh & G.A)","Mixtape Supernova Vol.1","Supernova Ent;Ghard;Niink;Veigh;G.A",2024-12-12,236141,54,false,8jtopaclkzi6fkcxvnzy3t27q,2024-12-17T11:42:34Z,"trap brasileiro,trap,trap funk,hip hop brasileiro","Supernova Entertainment",0.738,0.67,0,-6.907,1,0.0598,0.289,0,0.202,0.0543,126.077,3
spotify:track:7tFHqw01PJ16Q7KBWzSDdT,"Plug da Nova (feat. Veigh & Ghard)","Mixtape Supernova Vol.1","Supernova Ent;G.A;Niink;Veigh;Ghard",2024-12-12,201081,49,false,8jtopaclkzi6fkcxvnzy3t27q,2024-12-17T11:43:27Z,"trap brasileiro,trap,trap funk,hip hop brasileiro","Supernova Entertainment",0.731,0.467,7,-8.688,0,0.203,0.371,0,0.134,0.373,147.96,4
spotify:track:48vVVCikPLX7q7qMaATDaJ,"VADIA (feat. Veigh & G.A)","Mixtape Supernova Vol.1","Supernova Ent;Vulgo FK;Niink;Veigh;G.A",2024-12-12,174550,56,false,8jtopaclkzi6fkcxvnzy3t27q,2024-12-17T11:50:10Z,"trap brasileiro,trap,trap funk,hip hop brasileiro,funk","Supernova Entertainment",0.694,0.52,5,-6.511,0,0.0655,0.295,0,0.11,0.678,120.763,4
spotify:track:0JuSGEldfovcc8IS9va1wa,"Believe What I Say","Donda","Kanye West",2021-08-29,242400,65,false,8jtopaclkzi6fkcxvnzy3t27q,2024-12-17T13:23:59Z,"rap","Rock The World/IDJ/Kanye LP7",0.595,0.656,7,-7.868,1,0.247,0.148,0,0.47,0.416,99.811,4
spotify:track:5Wcj7hadvsXMi5MjD4RlRq,"Eu Tenho Isso","NOVA ORDEM MIXTAPE","Jé;Rare Kidd;CandyBoiNarco;Enzo from the Block;Hugo Joe",2024-12-11,240000,25,true,8jtopaclkzi6fkcxvnzy3t27q,2024-12-26T19:53:17Z,"trap brasileiro,trap,hip hop brasileiro,trap funk","Universal Music Ltda.",0.703,0.311,11,-12.952,1,0.193,0.266,0,0.104,0.317,132.09,4
spotify:track:0x4BkXp4Z1mS9vAkeOpGQT,"Eu Sou O Mano","NOVA ORDEM MIXTAPE","Jé;Tevito;Rare Kidd;Shock Gr",2024-12-11,201290,25,true,8jtopaclkzi6fkcxvnzy3t27q,2024-12-26T20:01:49Z,"trap brasileiro,trap,hip hop brasileiro","Universal Music Ltda.",0.875,0.274,2,-12.129,1,0.225,0.143,0,0.0665,0.4,123.973,4
spotify:track:5rt19RW0rXQEMqjhpzf1Ix,"KD O Neguinho?","NOVA ORDEM MIXTAPE","Jé;Rare Kidd",2024-12-11,129634,32,true,8jtopaclkzi6fkcxvnzy3t27q,2024-12-26T20:06:29Z,"trap brasileiro,trap,hip hop brasileiro","Universal Music Ltda.",0.858,0.349,2,-12.449,1,0.144,0.223,0,0.153,0.561,137.01,4
spotify:track:1eNw4DniOcOXyaXRpsJlBv,"Arrogante","NOVA ORDEM MIXTAPE","Jé;TH 011;ABDALA;Rare Kidd",2024-12-11,231864,31,true,8jtopaclkzi6fkcxvnzy3t27q,2024-12-26T20:11:31Z,"trap brasileiro,trap,hip hop brasileiro","Universal Music Ltda.",0.712,0.428,10,-12.246,1,0.626,0.0247,0,0.319,0.59,118.038,4
spotify:track:5UgslZk5ond557tZDBmXXq,"Sobe & Desce","NOVA ORDEM MIXTAPE","Jé",2024-12-11,147692,9,true,8jtopaclkzi6fkcxvnzy3t27q,2024-12-26T20:17:14Z,"trap brasileiro,trap,hip hop brasileiro","Universal Music Ltda.",0.86,0.274,11,-14.545,0,0.104,0.0268,0,0.0904,0.462,129.958,3
spotify:track:30bnzeJ9KdC6TS32UUtZjC,"gênesis","TESTEMUNHAS DE TOKIODK","TOKIODK;Markin Avel;HHR",2024-10-31,137853,43,true,8jtopaclkzi6fkcxvnzy3t27q,2025-01-06T10:54:22Z,"boom bap,trap brasileiro,hip hop brasileiro,trap,trap funk","HHR RECORDS",0.545,0.692,1,-4.648,0,0.371,0.529,0,0.284,0.334,148.125,4
spotify:track:45LIzxmiMnbTGs3QYKCQzc,"testemunhas de tokiodk","TESTEMUNHAS DE TOKIODK","TOKIODK;Tz da Coronel;Dj Alle da coro;HHR",2024-10-31,192000,54,true,8jtopaclkzi6fkcxvnzy3t27q,2025-01-06T10:57:23Z,"boom bap,trap brasileiro,hip hop brasileiro,trap,trap funk,funk carioca","HHR RECORDS",0.805,0.65,0,-4.764,0,0.241,0.272,0,0.129,0.259,129.954,4
spotify:track:72glfC59EBnvCyyq3DLB9m,"zendaya","TESTEMUNHAS DE TOKIODK","TOKIODK;Sain;2ZDinizz;LB Único;HHR",2024-10-31,201481,54,true,8jtopaclkzi6fkcxvnzy3t27q,2025-01-06T11:21:52Z,"boom bap,trap brasileiro,hip hop brasileiro,trap,trap funk,funk","HHR RECORDS",0.642,0.742,0,-7.595,1,0.304,0.517,0.00000281,0.163,0.403,81.192,4
spotify:track:7BP9U0Hz4HrmUxtn2GABWO,"só tu faz assim","TESTEMUNHAS DE TOKIODK","TOKIODK;Gustavo Oli;LB Único;HHR",2024-10-31,173592,30,true,8jtopaclkzi6fkcxvnzy3t27q,2025-01-06T11:29:06Z,"boom bap,trap brasileiro,hip hop brasileiro,trap,trap funk,funk","HHR RECORDS",0.777,0.542,2,-5.383,0,0.0791,0.155,0.0000952,0.159,0.0785,102.914,4
spotify:track:37Dlab5cTdAa1XOu6IEqDl,"SKYLINE","TESTEMUNHAS DE TOKIODK","TOKIODK;Major RD;LeodoKick;HHR",2024-10-31,198000,51,true,8jtopaclkzi6fkcxvnzy3t27q,2025-01-06T17:34:45Z,"boom bap,trap brasileiro,hip hop brasileiro,trap,trap funk","HHR RECORDS",0.641,0.903,8,-2.552,1,0.362,0.543,0,0.386,0.813,139.846,4
spotify:track:7pY3HDfEFgtDX13QxPSytn,"Anjos & Demônios","NOVA ORDEM MIXTAPE","Jé;Rare Kidd",2024-12-11,157611,29,true,8jtopaclkzi6fkcxvnzy3t27q,2025-01-08T11:00:38Z,"trap brasileiro,trap,hip hop brasileiro","Universal Music Ltda.",0.604,0.349,0,-13.651,1,0.0536,0.134,0,0.0963,0.175,134.057,4
spotify:track:5CY7IiYV8EfEoQHsbBtlth,"Morning Gift","TUNDE","Victor Oladipo",2023-02-17,186666,5,false,8jtopaclkzi6fkcxvnzy3t27q,2025-01-14T10:31:52Z,"","Feathery Records",0.759,0.592,0,-5.809,0,0.102,0.0858,0.00000303,0.331,0.646,108.065,4
spotify:track:6Iug4VOmsK9NY7jhSez8EV,"Symphony","TUNDE","Victor Oladipo",2023-02-17,150230,3,false,8jtopaclkzi6fkcxvnzy3t27q,2025-01-14T10:42:54Z,"","Feathery Records",0.642,0.515,7,-7.799,1,0.241,0.116,0,0.106,0.692,89.2,4
spotify:track:2NrnMuYlgQMvgMhW3W1vWf,"Faithful","TUNDE","Victor Oladipo",2023-02-17,144000,8,false,8jtopaclkzi6fkcxvnzy3t27q,2025-01-14T10:42:59Z,"","Feathery Records",0.713,0.577,8,-7.174,0,0.337,0.263,0,0.1,0.491,94.899,4
spotify:track:4WwJ4xNXqRjNJOXYm38QNa,"NASCI PRA ISSO","HIGHBOYZ","Febem;Sain;JXNV$",2024-12-20,186461,40,true,8jtopaclkzi6fkcxvnzy3t27q,2025-01-15T10:26:18Z,"hip hop brasileiro,boom bap,grime,trap brasileiro","Highboyz / BRIME.Br",0.464,0.815,11,-4.817,0,0.269,0.0932,0,0.0993,0.407,130.29,4
spotify:track:5aZ8wCDMoHHIexUsGYVPFL,"EUROCHECK (feat. DJ Mako)","HIGHBOYZ","Febem;Sain;JXNV$;DJ Mako",2024-12-20,123243,33,true,8jtopaclkzi6fkcxvnzy3t27q,2025-01-15T10:32:28Z,"hip hop brasileiro,boom bap,grime,trap brasileiro","Highboyz / BRIME.Br",0.707,0.786,7,-4.618,1,0.302,0.0909,0.00129,0.674,0.584,148.096,4
spotify:track:7vKHQPVSdeuNLxRfD9lSN9,"BOTACARA","HIGHBOYZ","Febem;Sain;JXNV$",2024-12-20,186352,37,true,8jtopaclkzi6fkcxvnzy3t27q,2025-01-15T10:32:31Z,"hip hop brasileiro,boom bap,grime,trap brasileiro","Highboyz / BRIME.Br",0.715,0.845,1,-5.074,1,0.182,0.137,0,0.14,0.543,85.009,4
spotify:track:40IlDiaDYNzwor4KuXyYPL,"A Cúpula Gang","Direto da Selva Deluxe","Tz da Coronel;Mascotin;Lc da 100",2024-11-28,254698,37,true,8jtopaclkzi6fkcxvnzy3t27q,2025-01-15T10:53:41Z,"trap brasileiro,trap funk,trap,hip hop brasileiro","Cúpula Records",0.776,0.614,1,-3.861,0,0.0877,0.23,0,0.236,0.56,132.97,4
spotify:track:1T524gnYNnw5Ac35eyW5TR,"Não Temos Medo - Remix","Direto da Selva Deluxe","Tz da Coronel;Filipe Ret;Orochi",2024-11-28,256618,62,true,8jtopaclkzi6fkcxvnzy3t27q,2025-01-15T11:01:48Z,"trap brasileiro,trap funk,trap,hip hop brasileiro","Cúpula Records",0.761,0.494,5,-5.39,0,0.0955,0.715,0,0.229,0.7,128.047,4
spotify:track:0nUkYjnUoksBaNa3MI66TF,"250 por rota","TESTEMUNHAS DE TOKIODK","TOKIODK;BK;LeodoKick;HHR",2024-10-31,217872,44,true,8jtopaclkzi6fkcxvnzy3t27q,2025-01-23T10:11:21Z,"boom bap,trap brasileiro,hip hop brasileiro,trap,trap funk","HHR RECORDS",0.842,0.756,10,-6.838,0,0.228,0.355,0.00000338,0.106,0.829,140.977,4
spotify:track:05xHVCa4LsX7g5i38vFRbM,"JÓIAS NO COFRE","CONVICTO","Sant;GTA;Guilty Simpson;Phat Kat;WC no Beat",2024-12-12,287591,32,true,8jtopaclkzi6fkcxvnzy3t27q,2025-01-23T10:59:25Z,"hip hop brasileiro,boom bap,moombahton,hip hop alternativo,hip hop underground,funk,trap funk,trap brasileiro","Som Livre",0.794,0.599,7,-5.597,1,0.359,0.332,0,0.0932,0.741,90.994,4
spotify:track:0pzV9MYuBwnPE56pZjMxPX,"NQL BECO","CONVICTO","Sant;AçúK;Borges;Beat do Ávila",2024-12-12,228853,35,true,8jtopaclkzi6fkcxvnzy3t27q,2025-01-23T11:05:57Z,"hip hop brasileiro,boom bap,trap brasileiro,trap,trap funk","Som Livre",0.837,0.725,1,-5.268,1,0.179,0.0449,0,0.095,0.486,93.002,4
spotify:track:4crsG5vF7S6pKL3li89TNP,"QUAL FOI","CONVICTO","Sant;Murica;Lis Mc;LP Beatzz",2024-12-12,195310,34,false,8jtopaclkzi6fkcxvnzy3t27q,2025-01-23T11:14:07Z,"hip hop brasileiro,boom bap","Som Livre",0.801,0.667,2,-5.998,0,0.266,0.171,0,0.219,0.479,94.023,4
spotify:track:11O7Dsj0G1moCsCa18NkF0,"QUANTOS?","CONVICTO","Sant;Tshawtty;L. Abner;Wonderyo",2024-12-12,205881,31,false,8jtopaclkzi6fkcxvnzy3t27q,2025-01-23T19:40:18Z,"hip hop brasileiro,boom bap,trap brasileiro","Som Livre",0.731,0.545,11,-6.475,0,0.306,0.186,0,0.316,0.313,95.963,4
spotify:track:2MbAych1mwiIkgve4Z6MZG,"Você Pode Ir Além","Diamantes, Lágrimas e Rostos para Esquecer","BK;FYE;Deekapz",2025-01-28,215338,4,false,8jtopaclkzi6fkcxvnzy3t27q,2025-01-28T09:58:36Z,"hip hop brasileiro,boom bap,trap brasileiro","Gigantes",0.671,0.7,4,-6.038,0,0.0416,0.132,0.000106,0.18,0.291,115.052,4
spotify:track:4zRkxMnP9wmAPBPPU0Uds8,"Só Eu Sei","Diamantes, Lágrimas e Rostos para Esquecer","BK;Nansy Silvvz;Djavan",2025-01-28,220218,4,false,8jtopaclkzi6fkcxvnzy3t27q,2025-01-28T10:01:59Z,"hip hop brasileiro,boom bap,trap brasileiro,mpb","Gigantes",0.512,0.526,6,-7.095,0,0.257,0.239,0,0.127,0.6,99.061,4
spotify:track:6upD8qnsJjNFj5bLwoN6aS,"Não Adianta Chorar","Diamantes, Lágrimas e Rostos para Esquecer","BK;JXNV$;Pretinho da Serrinha;Trio Mocoto",2025-01-28,230400,4,false,8jtopaclkzi6fkcxvnzy3t27q,2025-01-28T10:02:49Z,"hip hop brasileiro,boom bap,trap brasileiro,samba,pagode,jazz brasileiro,bossa nova","Gigantes",0.629,0.751,7,-6.234,0,0.0977,0.124,0.00000231,0.12,0.419,160.011,4
spotify:track:18z8Px2zIsaQrtszgWdVZn,"Só Quero Ver","Diamantes, Lágrimas e Rostos para Esquecer","BK;Deekapz;Evinha",2025-01-28,169546,8,false,8jtopaclkzi6fkcxvnzy3t27q,2025-01-28T10:14:35Z,"hip hop brasileiro,boom bap,trap brasileiro,mpb,bossa nova,jazz brasileiro","Gigantes",0.648,0.631,0,-7.067,0,0.181,0.724,0,0.145,0.772,92.891,4
spotify:track:2KtidsJE7J9iIm4Xc48Am1,"Da Madrugada","Diamantes, Lágrimas e Rostos para Esquecer","BK;JXNV$;Fat Family",2025-01-28,207600,3,false,8jtopaclkzi6fkcxvnzy3t27q,2025-01-29T15:18:13Z,"hip hop brasileiro,boom bap,trap brasileiro,pop nacional,mpb","Gigantes",0.799,0.563,6,-7.201,0,0.346,0.119,0.00000162,0.145,0.389,147.982,4
spotify:track:5673WA8EEUSPx1ir26lhGW,"Wake Me Up (feat. Justice)","Hurry Up Tomorrow","The Weeknd;Justice",2025-01-31,308575,71,false,8jtopaclkzi6fkcxvnzy3t27q,2025-01-31T10:00:07Z,"house francês,new rave","XO / Republic Records",0.603,0.509,1,-8.896,1,0.0337,0.00495,0.000397,0.512,0.175,110.992,4
spotify:track:3AWDeHLc88XogCaCnZQLVI,"Cry For Me","Hurry Up Tomorrow","The Weeknd",2025-01-31,224136,82,true,8jtopaclkzi6fkcxvnzy3t27q,2025-01-31T10:03:13Z,"","XO / Republic Records",0.647,0.645,7,-6.425,0,0.0303,0.0871,0,0.671,0.422,120.098,4
spotify:track:7DY756WOLyOz2Xnhw4EFiC,"São Paulo (feat. Anitta)","Hurry Up Tomorrow","The Weeknd;Anitta",2025-01-31,301623,86,true,8jtopaclkzi6fkcxvnzy3t27q,2025-01-31T10:07:36Z,"pop nacional,funk pop,funk,funk carioca","XO / Republic Records",0.538,0.658,5,-7.273,0,0.076,0.0385,0.000146,0.573,0.553,127.322,4
spotify:track:5rzI6Jnlhx8DgVgsOLorfW,"Baptized In Fear","Hurry Up Tomorrow","The Weeknd",2025-01-31,232176,72,false,8jtopaclkzi6fkcxvnzy3t27q,2025-01-31T10:12:23Z,"","XO / Republic Records",0.571,0.516,7,-7.567,0,0.0296,0.138,0,0.435,0.456,123.666,4
spotify:track:0sTBOp1hdayTjw6UOyPyi6,"Open Hearts","Hurry Up Tomorrow","The Weeknd",2025-01-31,234923,74,false,8jtopaclkzi6fkcxvnzy3t27q,2025-01-31T10:15:37Z,"","XO / Republic Records",0.656,0.753,7,-5.947,0,0.122,0.00353,0.000368,0.199,0.375,123.972,4
spotify:track:637oNhilCI9UlkWkUW4Grt,"Enjoy The Show (feat. Future)","Hurry Up Tomorrow","The Weeknd;Future",2025-01-31,301428,66,true,8jtopaclkzi6fkcxvnzy3t27q,2025-01-31T10:27:01Z,"rap","XO / Republic Records",0.628,0.616,11,-7.423,1,0.0526,0.178,0.000047,0.331,0.241,119.978,4
spotify:track:0FolPJnYMo71Z7qasTuoJT,"Given Up On Me","Hurry Up Tomorrow","The Weeknd",2025-01-31,354781,68,false,8jtopaclkzi6fkcxvnzy3t27q,2025-01-31T10:31:28Z,"","XO / Republic Records",0.416,0.386,0,-12.348,1,0.054,0.0811,0.00462,0.12,0.0606,116.857,4
spotify:track:0bcZ7xN9IcjSNxLerzR2yl,"I Can't Wait To Get There","Hurry Up Tomorrow","The Weeknd",2025-01-31,188921,66,true,8jtopaclkzi6fkcxvnzy3t27q,2025-01-31T10:38:03Z,"","XO / Republic Records",0.65,0.436,1,-10.047,0,0.048,0.538,0.00223,0.118,0.122,146.052,4
spotify:track:0FIDCNYYjNvPVimz5icugS,"Timeless (feat Playboi Carti)","Hurry Up Tomorrow","The Weeknd;Playboi Carti",2025-01-31,256000,91,true,8jtopaclkzi6fkcxvnzy3t27q,2025-01-31T10:42:39Z,"rage rap","XO / Republic Records",0.768,0.775,11,-5.06,0,0.0466,0.069,0.00000296,0.138,0.6,119.999,4
spotify:track:7rVmzyFA7f4rNGl9onF21E,"Take Me Back To LA","Hurry Up Tomorrow","The Weeknd",2025-01-31,253734,67,false,8jtopaclkzi6fkcxvnzy3t27q,2025-01-31T10:51:39Z,"","XO / Republic Records",0.37,0.567,8,-7.518,0,0.0455,0.1,0,0.0781,0.184,207.735,4
spotify:track:4sWQbsLLH2NEbO79DSZCL9,"Big Sleep (feat. Giorgio Moroder)","Hurry Up Tomorrow","The Weeknd;Giorgio Moroder",2025-01-31,225312,62,false,8jtopaclkzi6fkcxvnzy3t27q,2025-01-31T11:13:10Z,"italo disco,disco","XO / Republic Records",0.322,0.335,0,-10.08,0,0.0292,0.468,0.00422,0.455,0.165,108.749,4
spotify:track:0K3w6WNawZlv6Izmsrye8o,"Give Me Mercy","Hurry Up Tomorrow","The Weeknd",2025-01-31,216431,62,false,8jtopaclkzi6fkcxvnzy3t27q,2025-01-31T11:16:18Z,"","XO / Republic Records",0.646,0.666,10,-7.195,1,0.0553,0.158,0,0.131,0.312,101.142,4
spotify:track:6i5fDaCzwxRrZtuvvcqoIf,"Drive","Hurry Up Tomorrow","The Weeknd",2025-01-31,188645,64,false,8jtopaclkzi6fkcxvnzy3t27q,2025-01-31T11:25:12Z,"","XO / Republic Records",0.581,0.558,0,-6.512,0,0.0311,0.174,0.00134,0.135,0.229,152.095,4
spotify:track:5ZDKPFRZC6QlJpf8bCIXTs,"The Abyss (feat. Lana Del Rey)","Hurry Up Tomorrow","The Weeknd;Lana Del Rey",2025-01-31,282873,75,false,8jtopaclkzi6fkcxvnzy3t27q,2025-01-31T11:27:39Z,"","XO / Republic Records",0.192,0.401,0,-8.553,0,0.0325,0.231,0.00000369,0.177,0.0571,84.501,4
spotify:track:717s9KFmHhyy5t3xkStS56,"Red Terror","Hurry Up Tomorrow","The Weeknd",2025-01-31,231860,62,false,8jtopaclkzi6fkcxvnzy3t27q,2025-01-31T11:31:26Z,"","XO / Republic Records",0.269,0.329,1,-11.148,1,0.0354,0.429,0.0000201,0.538,0.157,80.193,3
spotify:track:6n6GfXu4i22rdsmRKe2eIn,"Without a Warning","Hurry Up Tomorrow","The Weeknd",2025-01-31,297525,66,false,8jtopaclkzi6fkcxvnzy3t27q,2025-01-31T11:36:05Z,"","XO / Republic Records",0.269,0.505,1,-8.168,0,0.042,0.161,0.00000428,0.672,0.0687,87.735,4
spotify:track:2gyHr9WqZeMtzJOpWGuGo6,"Reflections Laughing (feat. Travis Scott, Florence + The Machine)","Hurry Up Tomorrow","The Weeknd;Travis Scott;Florence + The Machine",2025-01-31,291192,69,true,8jtopaclkzi6fkcxvnzy3t27q,2025-02-07T10:14:42Z,"rap,pop barroco","XO / Republic Records",0.33,0.355,11,-9.703,0,0.0355,0.135,0.00726,0.131,0.0382,79.818,4
spotify:track:2v0AG62ZHtD3I4YmTb3WYM,"Niagara Falls","Hurry Up Tomorrow","The Weeknd",2025-01-31,277274,72,true,8jtopaclkzi6fkcxvnzy3t27q,2025-02-07T10:14:51Z,"","XO / Republic Records",0.568,0.559,6,-6.829,0,0.0347,0.0748,0.000179,0.192,0.182,97.215,4
spotify:track:4TDPlp7OSOjuDU3l7PCM04,"Hurry Up Tomorrow","Hurry Up Tomorrow","The Weeknd",2025-01-31,291486,63,false,8jtopaclkzi6fkcxvnzy3t27q,2025-02-07T10:15:00Z,"","XO / Republic Records",0.431,0.447,5,-8.875,1,0.0353,0.355,0.000198,0.131,0.0575,160.079,4
spotify:track:0Cs4JVI0hTVyhSMf1sjZAr,"Quem Não Volta","Diamantes, Lágrimas e Rostos para Esquecer","BK;Theo Zagrae;Luciana Mello",2025-01-28,129455,2,false,8jtopaclkzi6fkcxvnzy3t27q,2025-02-17T00:40:13Z,"hip hop brasileiro,boom bap,trap brasileiro,samba,mpb,pagode,nova mpb","Gigantes",0.742,0.7,8,-7.521,1,0.246,0.065,0.0005,0.0787,0.643,171.841,4
spotify:track:3XOjmBsIytUuXfqP73E1qK,"Te Devo Nada","Diamantes, Lágrimas e Rostos para Esquecer","BK;FYE;JXNV$;Nansy Silvvz",2025-01-28,265311,7,true,8jtopaclkzi6fkcxvnzy3t27q,2025-02-17T00:47:00Z,"hip hop brasileiro,boom bap,trap brasileiro","Gigantes",0.551,0.539,4,-7.562,0,0.291,0.0965,0.00000223,0.0957,0.212,102.117,4
spotify:track:0s3cLPceTPHQcnFtSCJtCH,"Eu Consegui","Diamantes, Lágrimas e Rostos para Esquecer","BK;JXNV$",2025-01-28,177663,3,false,8jtopaclkzi6fkcxvnzy3t27q,2025-02-17T00:48:49Z,"hip hop brasileiro,boom bap,trap brasileiro","Gigantes",0.773,0.596,1,-4.639,1,0.174,0.225,0.00000124,0.0796,0.239,130.045,4
spotify:track:0A8YhNLcSp4FzFfLVpapF9,"Real","Diamantes, Lágrimas e Rostos para Esquecer","BK;Maui;JXNV$",2025-01-28,206954,5,false,8jtopaclkzi6fkcxvnzy3t27q,2025-02-17T00:55:06Z,"hip hop brasileiro,boom bap,trap brasileiro","Gigantes",0.789,0.543,10,-6.941,1,0.393,0.661,0,0.311,0.627,139.947,4
spotify:track:4LnWhzPtnRoVZrnKqMnbd9,"Abaixo Das Nuvens","Diamantes, Lágrimas e Rostos para Esquecer","BK;Borges;Luedji Luna;Nansy Silvvz;Dj Will",2025-01-28,282554,3,false,8jtopaclkzi6fkcxvnzy3t27q,2025-02-17T00:59:30Z,"hip hop brasileiro,boom bap,trap brasileiro,trap,trap funk,nova mpb,afro house","Gigantes",0.676,0.817,1,-4.963,1,0.304,0.136,0,0.246,0.606,159.96,4
spotify:track:0arxXBXzv96Q449DK1SmiX,"Cacos De Vidro (sample: Esperar pra Ver)","Diamantes, Lágrimas e Rostos para Esquecer","BK;Kolo;Evinha",2025-01-28,149373,11,false,8jtopaclkzi6fkcxvnzy3t27q,2025-02-17T01:05:30Z,"hip hop brasileiro,boom bap,trap brasileiro,mpb,bossa nova,jazz brasileiro","Gigantes",0.707,0.683,9,-6.004,1,0.141,0.695,0,0.624,0.418,94.018,4
spotify:track:6e3JR2qt0N79KtQNcWHrqq,"Ninguém Vai Tirar Minha Paz","Diamantes, Lágrimas e Rostos para Esquecer","BK;Melly;Milton Nascimento;JXNV$",2025-01-28,225813,2,false,8jtopaclkzi6fkcxvnzy3t27q,2025-02-17T01:05:38Z,"hip hop brasileiro,boom bap,trap brasileiro,nova mpb,mpb,bossa nova,jazz brasileiro","Gigantes",0.579,0.799,10,-3.611,0,0.345,0.2,0,0.392,0.541,103.298,4
spotify:track:12GkNbxsxp9X86ndYqLLRB,"Mandamentos","Diamantes, Lágrimas e Rostos para Esquecer","BK;MC Maneirinho;FYE",2025-01-28,155553,2,false,8jtopaclkzi6fkcxvnzy3t27q,2025-02-17T01:09:27Z,"hip hop brasileiro,boom bap,trap brasileiro,trap funk,funk,funk carioca,funk consciente,trap","Gigantes",0.732,0.716,10,-6.726,0,0.251,0.444,0,0.155,0.316,67.868,4
spotify:track:5nRfT586RO0PT7jLpT77zr,"Dois iPhones","Mixtape Chiró","Orochi;Kizzy;RUXN;Portugal No Beat",2025-02-28,196521,41,true,8jtopaclkzi6fkcxvnzy3t27q,2025-04-02T11:20:47Z,"trap brasileiro,hip hop brasileiro,trap funk,trap","Mainstreet Records",0.676,0.564,0,-7.141,1,0.219,0.45,0,0.119,0.366,137.854,4
spotify:track:2hODs0DVxW04GZGncL1LIJ,"Corolla","Mixtape Chiró","Orochi;TkN;Tkd",2025-02-28,142614,43,true,8jtopaclkzi6fkcxvnzy3t27q,2025-04-02T11:22:42Z,"trap brasileiro,hip hop brasileiro,trap funk,trap","Mainstreet Records",0.657,0.618,0,-8.131,1,0.077,0.149,0.00000248,0.107,0.276,137.877,4
spotify:track:3bpNcH1SCEMn6zuynZGY5e,"Fashion","Mixtape Chiró","Orochi;TkN;RUXN;Kizzy;ProdSmile",2025-02-28,213284,72,false,8jtopaclkzi6fkcxvnzy3t27q,2025-04-02T11:25:27Z,"trap brasileiro,hip hop brasileiro,trap funk,trap","Mainstreet Records",0.582,0.472,7,-8.188,0,0.0817,0.319,0,0.144,0.146,136.794,4
spotify:track:20OB6MzHqP6Oc9xTfWxIT8,"Depois Que Terminou","Mixtape Chiró","Orochi;Mc Rodrigo do CN;Portugal No Beat;Tkd;Marquinho no Beat;Quantich",2025-02-28,161221,47,true,8jtopaclkzi6fkcxvnzy3t27q,2025-04-02T11:41:52Z,"trap brasileiro,hip hop brasileiro,trap funk,trap,funk,funk de bh,funk carioca","Mainstreet Records",0.832,0.639,10,-4.647,0,0.0494,0.502,0.00000447,0.107,0.68,130.948,4
spotify:track:0nk4wPJZDfDwpHijYmc208,"Se Der Saudades Telefona","Mixtape Chiró","Orochi;Puterrier;TkN;RUXN",2025-02-28,155725,46,true,8jtopaclkzi6fkcxvnzy3t27q,2025-04-02T11:48:50Z,"trap brasileiro,hip hop brasileiro,trap funk,trap,funk carioca,funk","Mainstreet Records",0.659,0.567,2,-6.678,1,0.122,0.323,0.0000139,0.168,0.118,130.991,4
spotify:track:3zZzpP61qvTjfJp5PFs4JA,"Baby","Mixtape Chiró","Orochi;RUXN;Galdino",2025-02-28,133740,48,false,8jtopaclkzi6fkcxvnzy3t27q,2025-04-02T12:03:10Z,"trap brasileiro,hip hop brasileiro,trap funk,trap","Mainstreet Records",0.727,0.525,0,-4.584,0,0.0511,0.51,0,0.126,0.328,131.024,4
spotify:track:0ojD1k3o5SAtqZHCvNo7ZZ,"Ecstasy","Mixtape Chiró","Orochi;RUXN;TkN",2025-02-28,150857,48,false,8jtopaclkzi6fkcxvnzy3t27q,2025-04-02T12:05:12Z,"trap brasileiro,hip hop brasileiro,trap funk,trap","Mainstreet Records",0.46,0.501,6,-6.855,0,0.0756,0.0736,0.00465,0.134,0.181,129.645,1
spotify:track:7lqX8I7Mn2sWZEg3NQ8k47,"Airbnb","Mixtape Chiró","Orochi;TkN;RUXN;Kizzy;T9C",2025-02-28,241777,44,true,8jtopaclkzi6fkcxvnzy3t27q,2025-04-02T12:10:55Z,"trap brasileiro,hip hop brasileiro,trap funk,trap","Mainstreet Records",0.531,0.793,7,-5.007,1,0.382,0.137,0,0.175,0.547,135.121,4
spotify:track:3VdooJLOy4tLxKpnn46SMP,"CRUSH (with Travis Scott)","MUSIC","Playboi Carti;Travis Scott",2025-03-14,173320,68,true,8jtopaclkzi6fkcxvnzy3t27q,2025-04-02T14:54:23Z,"rage rap,rap","AWGE/Interscope Records",0.432,0.62,7,-7.392,1,0.0486,0.202,0.0000512,0.173,0.255,139.936,4
spotify:track:7oUNaGJbqZ2i7s3NYzAMcp,"DANCING DRAGONS","DANCING DRAGONS","Elliot Skyfall",2024-11-08,153230,20,false,8jtopaclkzi6fkcxvnzy3t27q,2025-04-02T20:49:52Z,"stutter house","MEMORIES ENGINEERING LLC",0.763,0.883,1,-6.678,1,0.048,0.234,0.00000201,0.243,0.0364,129.969,4
spotify:track:0JPpScEAtvRvWQ38nifwO9,"USD, é USD!","USD, é USD!","Kyan;Mu540;DJ Mzl Ori",2025-04-03,181629,3,true,8jtopaclkzi6fkcxvnzy3t27q,2025-04-03T14:31:00Z,"trap brasileiro,trap funk,trap,hip hop brasileiro,funk bruxaria","Kyan",0.625,0.592,1,-5.625,1,0.328,0.0502,0,0.412,0.508,130.051,4
spotify:track:6iycYUk3oB0NPMdaDUrN1w,"EVIL J0RDAN","MUSIC","Playboi Carti",2025-03-14,183928,78,true,8jtopaclkzi6fkcxvnzy3t27q,2025-04-04T11:08:55Z,"rage rap","AWGE/Interscope Records",0.689,0.36,1,-7.029,1,0.0564,0.00665,0.0000611,0.119,0.0599,154.009,4
spotify:track:3WRUvGqySBZC6RkB5c2w1S,"MOJO JOJO","MUSIC","Playboi Carti",2025-03-14,156293,64,true,8jtopaclkzi6fkcxvnzy3t27q,2025-04-04T11:47:24Z,"rage rap","AWGE/Interscope Records",0.806,0.638,2,-6.358,1,0.278,0.00557,0.00000141,0.11,0.263,148.111,4
spotify:track:5SIvP6TdWc9DNvKbENjnYc,"PHILLY (with Travis Scott)","MUSIC","Playboi Carti;Travis Scott",2025-03-14,185706,67,true,8jtopaclkzi6fkcxvnzy3t27q,2025-04-04T13:35:36Z,"rage rap,rap","AWGE/Interscope Records",0.823,0.694,11,-6.638,1,0.0674,0.0778,0,0.117,0.404,145.04,4
spotify:track:3lAEHk0eZzMKtCUFLXz8Ln,"RADAR","MUSIC","Playboi Carti",2025-03-14,107933,63,true,8jtopaclkzi6fkcxvnzy3t27q,2025-04-04T13:35:40Z,"rage rap","AWGE/Interscope Records",0.543,0.732,11,-5.046,0,0.0479,0.00114,0,0.609,0.31,147.169,4
spotify:track:68qeaZhtMZ6abrJCYt6nQn,"RATHER LIE (with The Weeknd)","MUSIC","Playboi Carti;The Weeknd",2025-03-14,209680,80,true,8jtopaclkzi6fkcxvnzy3t27q,2025-04-04T13:39:59Z,"rage rap","AWGE/Interscope Records",0.72,0.665,8,-4.431,1,0.0325,0.0583,0,0.213,0.279,132.991,4
spotify:track:0rNgWFQJtfttOYIHfDOHCg,"BACKD00R (feat. Kendrick Lamar & Jhené Aiko)","MUSIC","Playboi Carti;Kendrick Lamar;Jhené Aiko",2025-03-14,190053,65,true,8jtopaclkzi6fkcxvnzy3t27q,2025-04-04T13:42:53Z,"rage rap,hip hop,west coast hip hop,r&b","AWGE/Interscope Records",0.766,0.694,8,-5.378,1,0.0431,0.0801,0.00779,0.0901,0.212,142.038,4
spotify:track:4evMMKc2HD6fV9slMfgkMx,"TOXIC (with Skepta)","MUSIC","Playboi Carti;Skepta",2025-03-14,135275,79,true,8jtopaclkzi6fkcxvnzy3t27q,2025-04-04T13:46:15Z,"rage rap,grime,grime reino unido","AWGE/Interscope Records",0.855,0.64,0,-5.936,1,0.204,0.00418,0.0000019,0.0948,0.432,142,4
spotify:track:7xAvtuHf8nGi5OtXVPYgb3,"CRANK","MUSIC","Playboi Carti",2025-03-14,147692,69,true,8jtopaclkzi6fkcxvnzy3t27q,2025-04-04T13:51:42Z,"rage rap","AWGE/Interscope Records",0.701,0.865,11,-4.031,0,0.0428,0.000288,0.00000381,0.0979,0.53,142.932,4
spotify:track:21aDVa64pWR8SYQ7wBRMkd,"CHARGE DEM HOES A FEE (with Future & Travis Scott)","MUSIC","Playboi Carti;Future;Travis Scott",2025-03-14,225000,65,true,8jtopaclkzi6fkcxvnzy3t27q,2025-04-04T13:57:07Z,"rage rap,rap","AWGE/Interscope Records",0.817,0.651,9,-4.073,1,0.0479,0.000765,0.00000637,0.203,0.125,120.004,4
spotify:track:2n9fC0A4ptmWqYeMXEVaok,"GOOD CREDIT (with Kendrick Lamar)","MUSIC","Playboi Carti;Kendrick Lamar",2025-03-14,190373,70,true,8jtopaclkzi6fkcxvnzy3t27q,2025-04-04T13:59:44Z,"rage rap,hip hop,west coast hip hop","AWGE/Interscope Records",0.744,0.679,0,-7.375,1,0.219,0.0197,0.00000368,0.856,0.397,145.041,4
spotify:track:1pzN8bCzy017iK3vWzkk6Z,"WAKE UP F1LTHY (with Travis Scott)","MUSIC","Playboi Carti;Travis Scott",2025-03-14,169333,67,true,8jtopaclkzi6fkcxvnzy3t27q,2025-04-04T14:04:44Z,"rage rap,rap","AWGE/Interscope Records",0.692,0.694,10,-6.018,0,0.0557,0.0647,0,0.285,0.318,124.993,4
spotify:track:4qvsNsA4gQKC9HLrmPC2Vx,"TRIM (with Future)","MUSIC","Playboi Carti;Future",2025-03-14,193546,67,true,8jtopaclkzi6fkcxvnzy3t27q,2025-04-04T14:10:29Z,"rage rap,rap","AWGE/Interscope Records",0.827,0.728,1,-5.829,1,0.223,0.0439,0,0.176,0.589,137.986,4
spotify:track:3surY3LebvLLdJezmiKUBO,"TWIN TRIM (with Lil Uzi Vert)","MUSIC","Playboi Carti;Lil Uzi Vert",2025-03-14,94825,62,true,8jtopaclkzi6fkcxvnzy3t27q,2025-04-04T14:26:26Z,"rage rap,rap melódico","AWGE/Interscope Records",0.736,0.825,5,-6.74,0,0.0445,0.0536,0.00000184,0.168,0.335,143.017,4
spotify:track:5Qya13gFXqupr4sSmZMKDg,"WALK","MUSIC","Playboi Carti",2025-03-14,94411,58,true,8jtopaclkzi6fkcxvnzy3t27q,2025-04-04T14:29:02Z,"rage rap","AWGE/Interscope Records",0.727,0.892,5,-5.142,0,0.113,0.0256,0,0.168,0.547,136.092,4
spotify:track:6q2PbvM9UEig4r8xku7VIb,"HBA","MUSIC","Playboi Carti",2025-03-14,212598,71,true,8jtopaclkzi6fkcxvnzy3t27q,2025-04-04T14:30:30Z,"rage rap","AWGE/Interscope Records",0.69,0.746,10,-5.696,0,0.121,0.000251,0.0000645,0.141,0.278,139.991,4
spotify:track:1bAv1DWUibxCIjAk9SlzRi,"2024","MUSIC - SORRY 4 DA WAIT","Playboi Carti",2025-03-25,209413,69,true,8jtopaclkzi6fkcxvnzy3t27q,2025-04-04T14:41:08Z,"rage rap","AWGE/Interscope Records",0.656,0.789,10,-4.727,1,0.0347,0.0542,0.0000128,0.158,0.23,148.063,4
spotify:track:2cjhSZd6uZIrp4ddxvvBdn,"BACKR00MS (with Travis Scott)","MUSIC - SORRY 4 DA WAIT","Playboi Carti;Travis Scott",2025-03-25,160306,67,true,8jtopaclkzi6fkcxvnzy3t27q,2025-04-04T14:41:22Z,"rage rap,rap","AWGE/Interscope Records",0.837,0.67,2,-6.288,1,0.224,0.0144,0,0.129,0.581,146.006,4
spotify:track:0jpNOSKOUgnYCbRUQxW6Re,"FOME","Quanto Mais Eu Como, Mais Fome Eu Sinto !","Djonga;Coyote Beatz",2025-03-13,222271,54,true,8jtopaclkzi6fkcxvnzy3t27q,2025-04-07T10:16:10Z,"hip hop brasileiro,boom bap,trap brasileiro","A Quadrilha",0.629,0.816,6,-5.148,1,0.395,0.52,0,0.612,0.498,115.3,4
spotify:track:3cENw2qigK9kUULiih4Trd,"PPRT !","Quanto Mais Eu Como, Mais Fome Eu Sinto !","Djonga;Coyote Beatz",2025-03-13,161971,53,true,8jtopaclkzi6fkcxvnzy3t27q,2025-04-07T10:19:20Z,"hip hop brasileiro,boom bap,trap brasileiro","A Quadrilha",0.783,0.893,1,-2.095,0,0.286,0.533,0,0.308,0.832,92.081,4
spotify:track:4tOb014LgTxMvkm6cHXkXK,"QQ CÊ QUER AQUI ?","Quanto Mais Eu Como, Mais Fome Eu Sinto !","Djonga;Rapaz do Dread",2025-03-13,173099,52,true,8jtopaclkzi6fkcxvnzy3t27q,2025-04-07T10:23:55Z,"hip hop brasileiro,boom bap,trap brasileiro","A Quadrilha",0.763,0.825,11,-4.491,0,0.389,0.19,0,0.235,0.659,77.934,4
spotify:track:4eDI5VjIPzidWqwLEtjKlB,"JOÃO E MARIA","Quanto Mais Eu Como, Mais Fome Eu Sinto !","Djonga;Coyote Beatz",2025-03-13,230330,60,true,8jtopaclkzi6fkcxvnzy3t27q,2025-04-07T10:28:51Z,"hip hop brasileiro,boom bap,trap brasileiro","A Quadrilha",0.66,0.877,8,-2.888,1,0.361,0.15,0,0.791,0.701,79.45,4
spotify:track:2jT4BeLP0YxXXleJijuPsq,"DEMORO A DORMIR","Quanto Mais Eu Como, Mais Fome Eu Sinto !","Djonga;Milton Nascimento;Coyote Beatz",2025-03-13,233003,51,true,8jtopaclkzi6fkcxvnzy3t27q,2025-04-07T10:34:27Z,"hip hop brasileiro,boom bap,trap brasileiro,mpb,bossa nova,jazz brasileiro","A Quadrilha",0.658,0.682,6,-5.342,0,0.458,0.774,0,0.172,0.58,124.937,5
spotify:track:6fHxx0fpvO1S2irLVHgpa3,"SELVAGEM","Quanto Mais Eu Como, Mais Fome Eu Sinto !","Djonga;Rapaz do Dread",2025-03-13,237939,46,true,8jtopaclkzi6fkcxvnzy3t27q,2025-04-07T10:39:18Z,"hip hop brasileiro,boom bap,trap brasileiro","A Quadrilha",0.59,0.716,8,-4.527,0,0.474,0.463,0,0.44,0.673,65.488,4
spotify:track:6KmSPfiuHbtj9r1KtBWyoq,"PONTO DE VISTA","Quanto Mais Eu Como, Mais Fome Eu Sinto !","Djonga;RT Mallone;Rapaz do Dread",2025-03-13,275507,47,true,8jtopaclkzi6fkcxvnzy3t27q,2025-04-07T10:48:58Z,"hip hop brasileiro,boom bap,trap brasileiro","A Quadrilha",0.729,0.826,6,-5.428,0,0.327,0.58,0,0.233,0.806,139.99,4
spotify:track:3I2NFW0QFaxI4XfXaySxdD,"LERINXAI","GoldenBoyz, Vol. 1","Boaventura;Tevito;KayG",2024-10-19,160000,35,true,8jtopaclkzi6fkcxvnzy3t27q,2025-04-07T11:03:22Z,"trap brasileiro,trap,trap funk","KayG",0.813,0.543,1,-7.334,1,0.351,0.686,0,0.167,0.703,111.976,5
spotify:track:4S1tgPYluOeWiojFbux0xW,"OUTRA BOMBA","GoldenBoyz, Vol. 1","KayG;Boaventura;LPT Zlatan",2024-10-19,165517,48,true,8jtopaclkzi6fkcxvnzy3t27q,2025-04-07T11:06:19Z,"trap brasileiro,trap,trap funk","KayG",0.781,0.622,7,-5.861,0,0.444,0.434,0,0.103,0.815,173.863,4
spotify:track:15DRUtMUOqFmWrTM1M1L9P,"FAZ DNV","GoldenBoyz, Vol. 1","KayG;Tevito",2024-10-19,162352,41,true,8jtopaclkzi6fkcxvnzy3t27q,2025-04-07T11:08:40Z,"trap brasileiro,trap","KayG",0.769,0.581,5,-6.031,0,0.13,0.592,0,0.166,0.491,136.113,4
spotify:track:1FueljW2EL4d2sHAQaU3Cq,"PLAQUE","GoldenBoyz, Vol. 1","KayG;Tevito;Boaventura",2024-10-19,203674,32,true,8jtopaclkzi6fkcxvnzy3t27q,2025-04-07T11:10:11Z,"trap brasileiro,trap,trap funk","KayG",0.749,0.477,7,-7.866,0,0.287,0.475,0,0.235,0.71,132.059,4
spotify:track:40vuW3tiOZ3NJz6UDwalEP,"NOVO DE NOVO","GoldenBoyz, Vol. 1","Boaventura;Bradockdan",2024-10-19,108000,45,true,8jtopaclkzi6fkcxvnzy3t27q,2025-04-07T11:38:09Z,"trap brasileiro,trap,trap funk,boom bap","KayG",0.708,0.559,8,-6.674,0,0.447,0.393,0,0.0938,0.833,160.107,4
spotify:track:6EbOAdqmNrBqjbHeLJQvwf,"ACELEREI","GoldenBoyz, Vol. 1","KayG;Yrpedro;Cassiano Franco;Chiron Mc",2024-10-19,177777,32,true,8jtopaclkzi6fkcxvnzy3t27q,2025-04-07T11:45:07Z,"trap brasileiro,trap","KayG",0.784,0.38,8,-8.188,0,0.135,0.176,0,0.0993,0.168,134.742,4
spotify:track:612pVrbj3GczfdVQnZEDL0,"MUDANÇAS DE HUMOR","GoldenBoyz, Vol. 1","Kayin;Boaventura;KayG",2024-10-19,229333,45,true,8jtopaclkzi6fkcxvnzy3t27q,2025-04-07T14:56:55Z,"trap brasileiro,trap funk,trap","KayG",0.858,0.44,10,-7.895,0,0.229,0.353,0.0000259,0.104,0.771,89.986,4
spotify:track:64O5X0s5QYtLQcUrXeo0L7,"Senta Pros Do Momento","Senta Pros Do Momento","Recayd Mob;MC Igu;Dfideliz;Derek;Jé",2025-02-27,190360,36,true,8jtopaclkzi6fkcxvnzy3t27q,2025-04-08T12:02:35Z,"trap brasileiro,trap,hip hop brasileiro,trap funk","Sony Music Entertainment",0.861,0.578,1,-4.077,1,0.257,0.0659,0.0000019,0.0721,0.112,123.044,4
spotify:track:3mOWyrrZGkGi1OcQ0DLZ85,"City Of God","City Of God","Enzo from the Block",2023-01-04,162324,26,true,8jtopaclkzi6fkcxvnzy3t27q,2025-04-09T21:32:33Z,"trap brasileiro,trap funk","EnzoFromTheBlock",0.652,0.591,0,-7.382,1,0.386,0.446,0.000201,0.0961,0.609,94.98,5
spotify:track:6WzRpISELf3YglGAh7TXcG,"Popular (with Playboi Carti & Madonna) - From The Idol Vol. 1 (Music from the HBO Original Series)","Popular (Music from the HBO Original Series)","The Weeknd;Playboi Carti;Madonna",2023-06-02,215466,84,true,8jtopaclkzi6fkcxvnzy3t27q,2025-04-14T10:09:55Z,"rage rap","XO / Republic Records",0.854,0.674,1,-6.23,1,0.184,0.0517,0.0000853,0.509,0.848,99.022,4
spotify:track:6zHljzSIv7lHW4krlOC1hy,"Latino Americano","PRA SEMPRE NO MESMO BAIRRO","Niink;Supernova Ent",2025-03-27,152107,45,true,8jtopaclkzi6fkcxvnzy3t27q,2025-04-14T10:43:09Z,"trap brasileiro,trap,trap funk,hip hop brasileiro","Supernova Ent",0.747,0.544,5,-9.003,0,0.0705,0.153,0.0134,0.699,0.273,128.147,4
spotify:track:5QxCDbF0Esq4UyoynHecAi,"Número #1","PRA SEMPRE NO MESMO BAIRRO","Niink;Major RD;Supernova Ent",2025-03-27,166297,41,false,8jtopaclkzi6fkcxvnzy3t27q,2025-04-14T10:52:29Z,"trap brasileiro,trap,trap funk,hip hop brasileiro","Supernova Ent",0.529,0.547,2,-8.945,1,0.385,0.428,0.0000744,0.107,0.611,90.177,3
spotify:track:0HFi282ZhhwGtrfZpe3R0V,"Estilo de Vida","PRA SEMPRE NO MESMO BAIRRO","Niink;KARMA SAUCE;Supernova Ent",2025-03-27,140147,42,true,8jtopaclkzi6fkcxvnzy3t27q,2025-04-14T10:56:36Z,"trap brasileiro,trap,trap funk,hip hop brasileiro","Supernova Ent",0.868,0.732,8,-5.619,0,0.184,0.237,0,0.134,0.672,137.095,4
spotify:track:0unvkDBgMELp12UxAxDfpJ,"Relação com a Gangue","PRA SEMPRE NO MESMO BAIRRO","Niink;Supernova Ent",2025-03-27,120838,40,true,8jtopaclkzi6fkcxvnzy3t27q,2025-04-14T11:07:21Z,"trap brasileiro,trap,trap funk,hip hop brasileiro","Supernova Ent",0.753,0.604,9,-7.346,1,0.343,0.259,0.00000908,0.143,0.433,142.989,4
spotify:track:5chskKAu17ADI3UxLg0o3u,"Eai BB","PRA SEMPRE NO MESMO BAIRRO","Niink;Tevito;Supernova Ent",2025-03-27,135000,46,false,8jtopaclkzi6fkcxvnzy3t27q,2025-04-14T11:16:10Z,"trap brasileiro,trap,trap funk,hip hop brasileiro","Supernova Ent",0.798,0.686,4,-6.076,0,0.0919,0.116,0,0.224,0.373,128.049,4
spotify:track:4W9pw6UTxzvCZ9bmylsg12,"Sempre Forte (bônus)","Mixtape Supernova Vol.1","Supernova Ent;Stick;Honaiser",2024-12-12,142657,47,false,8jtopaclkzi6fkcxvnzy3t27q,2025-04-17T10:42:31Z,"trap brasileiro,trap,trap funk,hip hop brasileiro","Supernova Entertainment",0.795,0.584,2,-6.282,1,0.211,0.24,0,0.315,0.271,143.026,4
spotify:track:7kP1ZuDLwq4Y6LrjyAs534,"2K25","2k25","Cunamata;Edubeatz;OgHeatzBaby;Woozy",2025-03-13,133333,10,false,8jtopaclkzi6fkcxvnzy3t27q,2025-04-17T10:53:27Z,"kuduro,trap brasileiro","Cunamata",0.775,0.449,8,-13.272,0,0.31,0.407,0.000819,0.112,0.556,144.068,4
spotify:track:0CxlGpzOnpUTT2FwZzsrLl,"Inverno Cigano","O Veneno do Escorpião V.2","Froid;LV",2025-02-14,157714,39,true,8jtopaclkzi6fkcxvnzy3t27q,2025-04-22T10:33:49Z,"hip hop brasileiro,boom bap,trap brasileiro","Froid",0.559,0.682,0,-6.509,1,0.288,0.227,0.0000273,0.125,0.373,139.465,4
spotify:track:4L1LMMhee5fvuLLpOtwq4j,"Lamentavel V","O Veneno do Escorpião V.2","Froid;2ZDinizz;LV",2025-02-14,181714,47,true,8jtopaclkzi6fkcxvnzy3t27q,2025-04-22T10:38:48Z,"hip hop brasileiro,boom bap,trap brasileiro","Froid",0.593,0.907,6,-3.662,1,0.33,0.489,0,0.136,0.757,139.89,4
spotify:track:7jfsmdHo6qHX3F8wcMjuoU,"Missão","O Veneno do Escorpião V.2","Froid;TOKIODK;Ecologyk",2025-02-14,208000,38,true,8jtopaclkzi6fkcxvnzy3t27q,2025-04-22T10:40:03Z,"hip hop brasileiro,boom bap,trap brasileiro,trap,trap funk","Froid",0.717,0.875,4,-4.231,1,0.251,0.123,0.00000194,0.116,0.589,75.023,4
spotify:track:5ICrljPedAXV3JmOv8s3hh,"Manual de Como Matar um Fantasma","O Veneno do Escorpião V.2","Froid;Jamile;Cxsta",2025-02-14,228923,42,true,8jtopaclkzi6fkcxvnzy3t27q,2025-04-22T10:45:49Z,"hip hop brasileiro,boom bap,trap brasileiro","Froid",0.686,0.657,0,-5.283,1,0.0755,0.209,0.00000332,0.243,0.449,130.061,4
spotify:track:6FObcIb1kUmg8mlp4QiZTs,"Mais Esperto Que o Diabo","O Veneno do Escorpião V.2","Froid;RT Mallone;Cxsta",2025-02-14,200816,39,true,8jtopaclkzi6fkcxvnzy3t27q,2025-04-22T10:48:27Z,"hip hop brasileiro,boom bap,trap brasileiro","Froid",0.612,0.747,0,-6.956,0,0.199,0.0795,0,0.285,0.14,98.044,4
spotify:track:4jOo94wJT38FHmbjsrU4xc,"A Forma da Água","O Veneno do Escorpião V.2","Froid;Cxsta",2025-02-14,187826,33,true,8jtopaclkzi6fkcxvnzy3t27q,2025-04-22T10:58:55Z,"hip hop brasileiro,boom bap,trap brasileiro","Froid",0.488,0.533,4,-7.246,0,0.0643,0.531,0,0.132,0.217,115.201,4
spotify:track:2g8UFn7tkDaTMSGLPZgM4b,"Uow","O Veneno do Escorpião V.2","Froid;Chris MC;Cxsta",2025-02-14,230400,31,true,8jtopaclkzi6fkcxvnzy3t27q,2025-04-22T11:06:15Z,"hip hop brasileiro,boom bap,trap brasileiro","Froid",0.457,0.758,10,-5.041,0,0.334,0.237,0.000002,0.192,0.631,83.671,5
spotify:track:5ANCU9itW6w2gyoCWjnEyh,"A Teoria das Cordas","O Veneno do Escorpião V.2","Froid;Cxsta",2025-02-14,168333,33,true,8jtopaclkzi6fkcxvnzy3t27q,2025-04-22T11:07:45Z,"hip hop brasileiro,boom bap,trap brasileiro","Froid",0.593,0.798,4,-4.859,1,0.148,0.0281,0.00484,0.608,0.856,144.016,4
spotify:track:6ruKrIVDs5WT4CK8n4StKw,"Dos Mistérios","A Volta da Esperança","Makalister;Beli Remour",2024-07-03,165567,24,false,8jtopaclkzi6fkcxvnzy3t27q,2025-04-22T12:52:53Z,"boom bap,hip hop brasileiro","Mondé",0.491,0.433,1,-13.832,1,0.39,0.634,0,0.109,0.688,173.269,4
spotify:track:3Dv4s6ua4ktYoHpwAthu4p,"Dinamite Fernandes","A Volta da Esperança","Makalister;Beli Remour;Dj Belton",2024-07-03,129229,20,false,8jtopaclkzi6fkcxvnzy3t27q,2025-04-22T12:57:19Z,"boom bap,hip hop brasileiro","Mondé",0.532,0.553,1,-11.875,0,0.482,0.56,0,0.142,0.78,129.486,4
spotify:track:6uJNvyepwN715tVt5JHktE,"Jóias e Mascaras - (Quanto Me Matares Atires no Peito)","A Volta da Esperança","Makalister;Beli Remour;Dj Belton",2024-07-03,204137,35,false,8jtopaclkzi6fkcxvnzy3t27q,2025-04-22T12:59:54Z,"boom bap,hip hop brasileiro","Mondé",0.477,0.526,5,-12.01,1,0.342,0.432,0,0.142,0.661,85.516,4
spotify:track:5cYbqSKg8f5QrB894Z2M6i,"Amores Expressos","A Volta da Esperança","Makalister;Beli Remour",2024-07-03,198799,29,false,8jtopaclkzi6fkcxvnzy3t27q,2025-04-22T13:04:39Z,"boom bap,hip hop brasileiro","Mondé",0.529,0.303,9,-16.438,1,0.0701,0.155,0.0000509,0.143,0.158,110.381,5
spotify:track:2QeI6cpK9ywtcMcS7fdKcz,"Palma de Ouro","A Volta da Esperança","Makalister;Beli Remour",2024-07-03,189684,28,false,8jtopaclkzi6fkcxvnzy3t27q,2025-04-22T13:08:52Z,"boom bap,hip hop brasileiro","Mondé",0.631,0.583,2,-10.738,0,0.208,0.201,0.00167,0.125,0.9,186.086,4
spotify:track:7GdmAJPe5tKhxfNXiAp3Ja,"Tesão, Nostalgia, Ambição","A Volta da Esperança","Makalister;Beli Remour",2024-07-03,167142,33,false,8jtopaclkzi6fkcxvnzy3t27q,2025-04-22T13:11:04Z,"boom bap,hip hop brasileiro","Mondé",0.67,0.584,6,-12.337,0,0.0526,0.124,0.00000369,0.12,0.726,84.039,4
spotify:track:7tcO4ICvtftGWI19MnUJXM,"Honey Babe","Honey Babe","Matuê",2024-08-04,176571,63,false,8jtopaclkzi6fkcxvnzy3t27q,2025-04-22T13:22:03Z,"trap brasileiro,trap,hip hop brasileiro,trap funk","Sony Music Entertainment",0.398,0.845,4,-1.656,0,0.0901,0.115,0,0.245,0.228,139.81,4
spotify:track:6ifISefylcgPQksE0gmcVY,"A Última Dança","A Última Dança","Matuê",2024-08-04,211200,56,false,8jtopaclkzi6fkcxvnzy3t27q,2025-04-22T13:26:43Z,"trap brasileiro,trap,hip hop brasileiro,trap funk","Sony Music Entertainment",0.597,0.857,7,-3.023,0,0.0325,0.0547,0.000182,0.474,0.0942,150.103,4
spotify:track:4ssHL7bSnOAE7HjiuLx6Co,"Crack com Mussilon","333","Matuê",2024-09-09,154418,59,true,8jtopaclkzi6fkcxvnzy3t27q,2025-04-22T13:31:53Z,"trap brasileiro,trap,hip hop brasileiro,trap funk","30PRAUM",0.767,0.803,6,-2.833,0,0.116,0.173,0,0.14,0.462,128.979,4
spotify:track:2fjqfFUq64thFsqfKN01kS,"Imagina esse Cenário","333","Matuê;Veigh",2024-09-09,155368,57,true,8jtopaclkzi6fkcxvnzy3t27q,2025-04-22T13:31:58Z,"trap brasileiro,trap,hip hop brasileiro,trap funk","30PRAUM",0.583,0.665,1,-3.885,1,0.18,0.314,0,0.112,0.463,94.329,4
spotify:track:3Sa2gVQioE31DcG4nKNDqD,"Isso é Sério","333","Matuê;Brandão85",2024-09-09,285000,56,true,8jtopaclkzi6fkcxvnzy3t27q,2025-04-22T13:35:00Z,"trap brasileiro,trap,hip hop brasileiro,trap funk","30PRAUM",0.636,0.808,11,-3.318,0,0.255,0.359,0,0.107,0.576,79.98,4
spotify:track:6OcZP4rUfuxms2r8Mwx5BQ,"4Tal","333","Matuê;Teto",2024-09-09,204923,51,true,8jtopaclkzi6fkcxvnzy3t27q,2025-04-22T13:46:41Z,"trap brasileiro,trap,hip hop brasileiro,trap funk","30PRAUM",0.729,0.793,3,-1.979,0,0.077,0.464,0,0.102,0.826,129.964,4
spotify:track:2fTTmjyF7pfarDBAbsJkvb,"04AM","333","Matuê",2024-09-09,199389,51,true,8jtopaclkzi6fkcxvnzy3t27q,2025-04-22T13:51:17Z,"trap brasileiro,trap,hip hop brasileiro,trap funk","30PRAUM",0.555,0.831,9,-3.503,0,0.113,0.263,0,0.209,0.348,97.886,4
spotify:track:3Kh5a6vXMiJtC35jMEfmyy,"Castlevania","333","Matuê",2024-09-09,230181,51,true,8jtopaclkzi6fkcxvnzy3t27q,2025-04-22T13:53:46Z,"trap brasileiro,trap,hip hop brasileiro,trap funk","30PRAUM",0.616,0.928,9,-2.34,0,0.043,0.0168,0,0.156,0.23,109.966,4
spotify:track:7pMfMzfYSTbNxj5lJEbQIp,"V de Vilão","333","Matuê",2024-09-09,146160,52,true,8jtopaclkzi6fkcxvnzy3t27q,2025-04-22T13:56:51Z,"trap brasileiro,trap,hip hop brasileiro,trap funk","30PRAUM",0.579,0.708,7,-3.999,0,0.216,0.769,0,0.1,0.519,94.651,4
spotify:track:0qsKefQyXCzaxjHbOcd8IU,"333","333","Matuê",2024-09-09,324000,57,true,8jtopaclkzi6fkcxvnzy3t27q,2025-04-22T14:00:52Z,"trap brasileiro,trap,hip hop brasileiro,trap funk","30PRAUM",0.519,0.707,5,-2.26,0,0.183,0.295,0,0.0932,0.603,78.196,4
spotify:track:2fMm9PrJqhjphXdsNHNoQC,"DE VOLTA","CEO","Brandão85",2024-10-23,241639,61,true,8jtopaclkzi6fkcxvnzy3t27q,2025-04-22T14:10:44Z,"trap brasileiro,trap","30PRAUM",0.494,0.83,9,-3.668,0,0.037,0.0645,0.0000495,0.265,0.649,136.45,4
spotify:track:4pwKy99a1IhAwjekz8Zf0c,"ESPAÇONAVE","CEO","Brandão85;WIU;Matuê",2024-10-23,219666,61,true,8jtopaclkzi6fkcxvnzy3t27q,2025-04-22T14:17:43Z,"trap brasileiro,trap,trap funk,hip hop brasileiro","30PRAUM",0.61,0.824,5,-3.588,1,0.0382,0.24,0,0.0865,0.273,129.975,4
spotify:track:7nKqKSu0ID3VPZzZvK5A36,"LAMBORGHINI","CEO","Brandão85",2024-10-23,197155,56,true,8jtopaclkzi6fkcxvnzy3t27q,2025-04-22T14:23:13Z,"trap brasileiro,trap","30PRAUM",0.691,0.811,11,-5.543,0,0.0353,0.0784,0.0578,0.17,0.416,139.997,4
spotify:track:5oKmkzYGZSck6AXjKBuLHM,"ASTRAL","CEO","Brandão85",2024-10-23,148185,56,true,8jtopaclkzi6fkcxvnzy3t27q,2025-04-22T14:26:26Z,"trap brasileiro,trap","30PRAUM",0.614,0.75,4,-6.927,0,0.0597,0.152,0.00000528,0.284,0.296,115.036,4
spotify:track:46XfbZcpkwoK75I0DVUP3b,"COLETE","CEO","Brandão85",2024-10-23,167300,56,true,8jtopaclkzi6fkcxvnzy3t27q,2025-04-22T14:26:30Z,"trap brasileiro,trap","30PRAUM",0.652,0.704,0,-7.178,1,0.0343,0.122,0.00000786,0.386,0.252,119.976,4
spotify:track:2f2dWfxzptwtFdUUNeCvBL,"EURO LIBRA","CEO","Brandão85;Teto",2024-10-23,161032,55,true,8jtopaclkzi6fkcxvnzy3t27q,2025-04-22T14:34:07Z,"trap brasileiro,trap,trap funk,hip hop brasileiro","30PRAUM",0.551,0.649,8,-4.618,1,0.13,0.0945,0,0.108,0.336,103.262,1
spotify:track:70E9Lkot8OBYwqAk33ZZzi,"EM DIREÇÃO DO SOL","CEO","Brandão85;Alee",2024-10-23,192907,62,true,8jtopaclkzi6fkcxvnzy3t27q,2025-04-22T14:51:00Z,"trap brasileiro,trap,hip hop brasileiro,trap funk","30PRAUM",0.688,0.753,11,-4.526,0,0.0602,0.106,0.00017,0.164,0.791,93.035,4
spotify:track:7pDSJgKFL4pnlACmswR0Eb,"Sanguessuga","Mixtape Chiró","Orochi;jess beats",2025-02-28,232941,66,true,8jtopaclkzi6fkcxvnzy3t27q,2025-04-22T14:51:21Z,"trap brasileiro,hip hop brasileiro,trap funk,trap","Mainstreet Records",0.386,0.615,10,-6.768,0,0.0627,0.544,0.0000859,0.132,0.364,99.002,3
spotify:track:6QSYz3Nlcxwv1x0RWIgMoj,"Só Rock 3","Só Rock 3","Major RD;Borges;MC Cabelinho;Young Ganni;Rock Danger;meLLo",2025-02-25,312240,65,true,8jtopaclkzi6fkcxvnzy3t27q,2025-04-25T14:46:50Z,"trap brasileiro,hip hop brasileiro,trap,trap funk,funk consciente,boom bap","Rock Danger",0.862,0.729,1,-2.787,0,0.268,0.138,0,0.121,0.494,119.959,4
spotify:track:2IF6gCFD5Ck8WhCyn9QW11,"Mercedes","Hora do Rush","Jé;MC Igu",2020-08-21,155321,40,true,8jtopaclkzi6fkcxvnzy3t27q,2025-04-29T11:21:21Z,"trap brasileiro,trap,hip hop brasileiro","Hora do Rush",0.726,0.575,11,-7.362,0,0.0673,0.0961,0,0.449,0.52,115.063,4
spotify:track:5nLbkYr8XYVT915bd02NQm,"Taylor","Taylor","Veigh;Supernova Ent",2025-04-30,123206,53,true,8jtopaclkzi6fkcxvnzy3t27q,2025-05-01T00:31:25Z,"trap brasileiro,trap funk,trap,hip hop brasileiro","Supernova Ent under exclusive license to UnitedMasters LLC",0.889,0.769,11,-4.311,0,0.101,0.122,0,0.182,0.753,112.978,4
spotify:track:6FtCNrZO3k2uCDBgFQgkYC,"Recayd Mob On The Radar Freestyle","Recayd Mob On The Radar Freestyle","On The Radar;Recayd Mob;Jé;Derek;MC Igu;Dfideliz",2025-05-02,212335,41,false,8jtopaclkzi6fkcxvnzy3t27q,2025-05-03T19:28:30Z,"drill sexy,trap brasileiro,trap,hip hop brasileiro,trap funk","OTR Worldwide Entertainment Inc. in Exclusive Partnership with Olympus Projects",0.712,0.867,1,-1.969,1,0.0776,0.129,0,0.0976,0.302,156.024,4
spotify:track:2kbSMgvj7H2cqnDXvDAfZS,"Quando Você Ligou","Quando Você Ligou","Mc Negão Original;Vulgo FK;DJ Guh Mix;DJ Yago",2025-04-30,189268,55,true,8jtopaclkzi6fkcxvnzy3t27q,2025-05-09T12:35:53Z,"funk,trap funk,funk consciente,trap brasileiro,trap,hip hop brasileiro","WM Brazil",0.666,0.587,7,-4.953,0,0.228,0.353,0,0.0952,0.431,86.032,3
spotify:track:1mdTOH62rLqnTUZZfJ5kln,"Louco no Pião","Louco no Pião","Mc Negão Original;MC Ryan SP;DJ Japa NK;Murillo e LT no Beat",2025-03-28,206774,57,true,8jtopaclkzi6fkcxvnzy3t27q,2025-05-09T15:59:34Z,"funk,trap funk,funk consciente,trap brasileiro","Fusion Records",0.673,0.671,2,-3.724,0,0.414,0.307,0,0.137,0.423,130.096,4
spotify:track:1IKqvyoUm851yKGRsdXr8r,"KEEP IT G","FUMANDO E VENDO SÉRIE","Derek",2025-05-01,254500,33,true,8jtopaclkzi6fkcxvnzy3t27q,2025-05-09T19:53:57Z,"trap brasileiro,trap,hip hop brasileiro,trap funk","Universal Music Ltda.",0.58,0.763,7,-8.024,0,0.204,0.109,0,0.655,0.283,125.94,4
spotify:track:5qpuAy6Y5dNnEnptxoKo2R,"ACENDE PUXA i PASSA","FUMANDO E VENDO SÉRIE","Derek",2025-05-01,223914,33,true,8jtopaclkzi6fkcxvnzy3t27q,2025-05-09T20:11:10Z,"trap brasileiro,trap,hip hop brasileiro,trap funk","Universal Music Ltda.",0.557,0.821,0,-5.753,1,0.0416,0.0517,0,0.794,0.0862,129.753,4
spotify:track:5dbbFpIGoLBvvUbkcfjWyX,"FIZ ESSE RAP PRA PROVAR QUE EU SOU RAPPER","FUMANDO E VENDO SÉRIE","Derek;Shawlin",2025-05-01,206165,27,true,8jtopaclkzi6fkcxvnzy3t27q,2025-05-09T20:55:04Z,"trap brasileiro,trap,hip hop brasileiro,trap funk,boom bap","Universal Music Ltda.",0.629,0.799,2,-4.753,1,0.208,0.095,0,0.623,0.341,90.197,4
spotify:track:0aDw10a3D9fk5KnTvfNi8i,"REI ESCURO","FUMANDO E VENDO SÉRIE","Derek",2025-05-01,194945,26,true,8jtopaclkzi6fkcxvnzy3t27q,2025-05-09T21:02:41Z,"trap brasileiro,trap,hip hop brasileiro,trap funk","Universal Music Ltda.",0.417,0.92,1,-4.964,1,0.126,0.116,0.0000188,0.594,0.335,150.061,4
spotify:track:2Zb8gedNLYceHyvbXgOjJl,"FÉRIAS EM NEW YORK","FUMANDO E VENDO SÉRIE","Derek;Rincon Sapiência",2025-05-01,315000,29,true,8jtopaclkzi6fkcxvnzy3t27q,2025-05-09T21:12:28Z,"trap brasileiro,trap,hip hop brasileiro,trap funk","Universal Music Ltda.",0.688,0.88,8,-3.063,1,0.161,0.0886,0,0.838,0.524,111.982,4
spotify:track:4DF04VQKpyZZ1lwVjmPEGv,"VIDA DE LUXO","Vida De Luxo","Derek",2024-04-05,213887,38,false,8jtopaclkzi6fkcxvnzy3t27q,2025-05-09T21:20:44Z,"trap brasileiro,trap,hip hop brasileiro,trap funk","Universal Music Ltda.",0.697,0.527,1,-8.845,0,0.072,0.0278,0.0000485,0.112,0.29,130.003,4
spotify:track:07JfiMygIPK3acmqTG7icT,"Não Me Iludo","Estrela do Blocko !","The Boy;Baby;BLOCKKSTAR",2025-04-18,129543,19,true,8jtopaclkzi6fkcxvnzy3t27q,2025-05-09T21:27:38Z,"trap brasileiro,trap,hip hop brasileiro,trap funk","RealBlockkstar",0.683,0.533,8,-8.257,1,0.0443,0.25,0,0.122,0.277,126.024,4
spotify:track:0yBh38QCfkBV267EX8Zo1k,"86","Busco Romance Love Show","Luccas Carlos;Vulgo FK;Pedro Lotto",2024-11-25,139806,0,true,8jtopaclkzi6fkcxvnzy3t27q,2025-05-16T11:24:30Z,"hip hop brasileiro,pop nacional,trap brasileiro,trap funk,trap,funk","Som Livre",0.791,0.53,0,-5.551,0,0.0405,0.3,0,0.106,0.715,103.005,4
spotify:track:6s1A4z5THfAaXvTI9iV0e8,"SEM PRESSA 2","Busco Romance Love Show","Luccas Carlos;Mãolee",2024-11-25,182850,0,false,8jtopaclkzi6fkcxvnzy3t27q,2025-05-16T11:27:46Z,"hip hop brasileiro,pop nacional,trap brasileiro,boom bap,trap funk","Som Livre",0.79,0.529,8,-6.009,0,0.0529,0.69,0,0.35,0.661,126.025,4
spotify:track:052FrvNDco0zbAgZh3Zasz,"passarela","Busco Romance Love Show","Luccas Carlos;Honaiser",2024-11-25,159999,0,false,8jtopaclkzi6fkcxvnzy3t27q,2025-05-16T11:41:03Z,"hip hop brasileiro,pop nacional,trap brasileiro,trap funk,trap","Som Livre",0.804,0.713,4,-3.931,0,0.135,0.339,0,0.128,0.769,114.035,4
spotify:track:0TAmnhrPdszarSeKh2nvBy,"easy","Busco Romance Love Show","Luccas Carlos;Bvga Beatz",2024-11-25,175219,0,true,8jtopaclkzi6fkcxvnzy3t27q,2025-05-16T11:55:38Z,"hip hop brasileiro,pop nacional,trap brasileiro,trap funk,trap","Som Livre",0.79,0.731,5,-4.353,0,0.0317,0.222,0,0.13,0.559,137.028,4
spotify:track:0SsWDp8RTI6hNAGcukBbr8,"NECTAR","Busco Romance Love Show","Luccas Carlos;Djonga;Francci",2024-11-25,234820,0,true,8jtopaclkzi6fkcxvnzy3t27q,2025-05-16T12:10:57Z,"hip hop brasileiro,pop nacional,trap brasileiro,boom bap,synthwave,chillwave","Som Livre",0.795,0.646,6,-7.528,0,0.284,0.0867,0.0000603,0.11,0.36,138.999,4
spotify:track:1p7HNEMov0qf7kZgd0pQR1,"bala e fogo","Não Sou Santo Mas Não Sou Bandido","MC Cabelinho;Teto",2024-12-16,227552,47,true,8jtopaclkzi6fkcxvnzy3t27q,2025-05-16T12:24:58Z,"trap brasileiro,trap funk,trap,hip hop brasileiro,funk consciente","Bairro 13",0.722,0.827,10,-3.407,1,0.0701,0.31,0,0.108,0.72,153.983,4
spotify:track:48s5RykIHKyvbE04ejMxH1,"ngm é perfeito","Não Sou Santo Mas Não Sou Bandido","MC Cabelinho;Mc Safira",2024-12-16,211544,51,true,8jtopaclkzi6fkcxvnzy3t27q,2025-05-16T12:30:10Z,"trap brasileiro,trap funk,trap,hip hop brasileiro,funk consciente","Bairro 13",0.665,0.579,7,-6.569,1,0.216,0.368,0.00000947,0.314,0.706,84.511,4
spotify:track:3TuJODOhChHkg1pbMQ8RW4,"acabou o amor","Não Sou Santo Mas Não Sou Bandido","MC Cabelinho",2024-12-16,183894,51,true,8jtopaclkzi6fkcxvnzy3t27q,2025-05-16T12:34:23Z,"trap brasileiro,trap funk,trap,hip hop brasileiro,funk consciente","Bairro 13",0.676,0.682,11,-4.706,0,0.0869,0.412,0.00000131,0.0951,0.262,124.001,4
spotify:track:4VNAAEN2euoyl7N8E3QSph,"garrafa vazia","Não Sou Santo Mas Não Sou Bandido","MC Cabelinho",2024-12-16,234420,50,true,8jtopaclkzi6fkcxvnzy3t27q,2025-05-16T13:34:31Z,"trap brasileiro,trap funk,trap,hip hop brasileiro,funk consciente","Bairro 13",0.564,0.587,10,-5.403,0,0.0704,0.771,0,0.114,0.397,117.945,4
spotify:track:3KtyJBBNlfs5R0H9dgZDWK,"quem me dera","Não Sou Santo Mas Não Sou Bandido","MC Cabelinho",2024-12-16,182973,46,true,8jtopaclkzi6fkcxvnzy3t27q,2025-05-16T13:34:35Z,"trap brasileiro,trap funk,trap,hip hop brasileiro,funk consciente","Bairro 13",0.753,0.723,2,-4.18,1,0.0581,0.611,0,0.102,0.345,123.976,4
spotify:track:1uMxxxao5o9zRMbEOUoODl,"carta aberta","Não Sou Santo Mas Não Sou Bandido","MC Cabelinho",2024-12-16,262258,52,true,8jtopaclkzi6fkcxvnzy3t27q,2025-05-16T13:42:20Z,"trap brasileiro,trap funk,trap,hip hop brasileiro,funk consciente","Bairro 13",0.514,0.603,3,-5.855,0,0.0539,0.758,0.00000154,0.132,0.245,123.175,4
spotify:track:2k6OpEcFV2VvXdVmPRNCiw,"Let Her Go (feat. James Blake)","Love Sick","Don Toliver;James Blake",2023-02-24,192720,56,true,8jtopaclkzi6fkcxvnzy3t27q,2025-05-19T19:54:34Z,"","Cactus Jack / Atlantic",0.732,0.589,5,-6.234,0,0.0425,0.265,0.0000403,0.103,0.396,131.973,4
spotify:track:0zP8VSgyYSVqrSXTYTn9Su,"Leave the Club (feat. Lil Durk & GloRilla)","Love Sick","Don Toliver;Lil Durk;GloRilla",2023-02-24,222386,53,true,8jtopaclkzi6fkcxvnzy3t27q,2025-05-19T19:58:54Z,"drill de chicago,drill","Cactus Jack / Atlantic",0.499,0.734,2,-4.782,1,0.0994,0.219,0,0.207,0.322,104.97,4
spotify:track:7H08E8B32OZ1vJE7AtCwaG,"4 Me (feat. Kali Uchis)","Love Sick","Don Toliver;Kali Uchis",2023-02-24,160013,49,false,8jtopaclkzi6fkcxvnzy3t27q,2025-05-19T20:01:03Z,"","Cactus Jack / Atlantic",0.51,0.709,8,-5.408,1,0.167,0.149,0,0.45,0.764,118.353,5
spotify:track:2Qr5PWUt8XycAAv338LicY,"Go Down (feat. TisaKorean)","Love Sick","Don Toliver;TisaKorean",2023-02-24,210853,56,true,8jtopaclkzi6fkcxvnzy3t27q,2025-05-19T20:05:42Z,"","Cactus Jack / Atlantic",0.611,0.593,6,-5.484,0,0.0569,0.244,0,0.323,0.411,143.446,4
spotify:track:1JKcdDCv8Yk39VRWMxx8Lj,"Time Heals All","Love Sick","Don Toliver",2023-02-24,233226,59,true,8jtopaclkzi6fkcxvnzy3t27q,2025-05-19T20:09:49Z,"","Cactus Jack / Atlantic",0.63,0.564,0,-6.174,1,0.0373,0.21,0.00000835,0.114,0.214,141.909,4
spotify:track:350Chcil9fuAh7OpxwYLi5,"Honeymoon","Love Sick","Don Toliver",2023-02-24,184853,55,true,8jtopaclkzi6fkcxvnzy3t27q,2025-05-19T20:15:52Z,"","Cactus Jack / Atlantic",0.787,0.643,2,-6.73,1,0.0444,0.427,0.00139,0.105,0.304,147.936,4
spotify:track:52NGJPcLUzQq5w7uv4e5gf,"Private Landing (feat. Justin Bieber & Future)","Love Sick","Don Toliver;Justin Bieber;Future",2023-02-24,238253,80,true,8jtopaclkzi6fkcxvnzy3t27q,2025-05-19T20:17:21Z,"rap","Cactus Jack / Atlantic",0.858,0.641,1,-4.31,0,0.0954,0.111,0.0000212,0.109,0.445,136.991,4
spotify:track:1OdxQvBNOgCDE3SyqoEDha,"Slow Motion (feat. Wizkid)","Love Sick","Don Toliver;Wizkid",2023-02-24,168626,61,true,8jtopaclkzi6fkcxvnzy3t27q,2025-05-19T20:22:35Z,"afrobeats,afrobeat,afropop,azonto,afroswing,r&b afro,afropiano","Cactus Jack / Atlantic",0.5,0.738,1,-4.477,0,0.417,0.41,0.00000397,0.223,0.433,185.577,4
spotify:track:3JJqdVXy8p9rCtTmlv1mXO,"If I Had (feat. Charlie Wilson)","Love Sick","Don Toliver;Charlie Wilson",2023-02-24,208373,55,false,8jtopaclkzi6fkcxvnzy3t27q,2025-05-19T20:27:14Z,"drill sexy","Cactus Jack / Atlantic",0.461,0.496,1,-5.996,0,0.0346,0.0644,0.000379,0.327,0.317,167.943,4
spotify:track:2k3IJR9hf34ZfEnTdlcoSK,"Bus Stop (feat. Brent Faiyaz)","Love Sick","Don Toliver;Brent Faiyaz",2023-02-24,236840,63,true,8jtopaclkzi6fkcxvnzy3t27q,2025-05-19T20:35:20Z,"r&b","Cactus Jack / Atlantic",0.603,0.684,7,-6.023,0,0.0887,0.378,0.00138,0.16,0.38,152.03,4
spotify:track:7kIMrbJ0U0TKnPQpdyPvUn,"Cinderella (feat. Toro y Moi)","Love Sick","Don Toliver;Toro y Moi",2023-02-24,226706,53,true,8jtopaclkzi6fkcxvnzy3t27q,2025-05-19T20:39:10Z,"chillwave","Cactus Jack / Atlantic",0.498,0.511,5,-5.179,0,0.0653,0.325,0,0.163,0.46,135.029,1
spotify:track:6w9GrSUaQQIaMBYtabge7p,"Embarrassed (feat. Travis Scott)","Love Sick (Deluxe)","Don Toliver;Travis Scott",2023-02-28,192693,72,true,8jtopaclkzi6fkcxvnzy3t27q,2025-05-19T20:50:11Z,"rap","Cactus Jack / Atlantic",0.848,0.506,4,-5.105,0,0.0336,0.376,0,0.102,0.593,115.994,4
spotify:track:5ugcpEprRXs0HnZ1iMFXed,"Luckily I’m Having (feat. Teezo Touchdown)","Love Sick (Deluxe)","Don Toliver;Teezo Touchdown",2023-02-28,194453,56,true,8jtopaclkzi6fkcxvnzy3t27q,2025-05-19T20:53:19Z,"","Cactus Jack / Atlantic",0.778,0.595,10,-3.671,1,0.0829,0.269,0.0000032,0.314,0.533,144.007,4
spotify:track:1sWGpovZGCmig1YkJv916o,"Intro Hdr","Hora do Rock","Phl Notunrboy;BLOCKKSTAR;prod by bila",2024-08-23,120274,31,false,8jtopaclkzi6fkcxvnzy3t27q,2025-05-19T20:56:27Z,"trap brasileiro,trap","RealBlockkstar",0.481,0.504,8,-8.209,1,0.0913,0.0495,0.0000458,0.126,0.29,136.975,4
spotify:track:0aRKgwY10SxgJ7IBHK7kKt,"Dinheiro de Trap","Hora do Rock","Phl Notunrboy;BLOCKKSTAR;KBCV",2024-08-23,161944,44,false,8jtopaclkzi6fkcxvnzy3t27q,2025-05-19T21:09:16Z,"trap brasileiro,trap","RealBlockkstar",0.788,0.52,0,-8.112,1,0.0816,0.0245,0,0.175,0.325,108.181,4
spotify:track:4ye75K8Z8hojdp9xU3waGi,"Talk To Me","Hora do Rock","Phl Notunrboy;BLOCKKSTAR;prodmelo!",2024-08-23,163040,39,true,8jtopaclkzi6fkcxvnzy3t27q,2025-05-19T21:12:59Z,"trap brasileiro,trap","RealBlockkstar",0.842,0.653,8,-8.644,1,0.298,0.0149,0,0.139,0.481,117.986,4
spotify:track:0ZBjlQBnj2LoYXNEWZf5vy,"Dia Bom","Hora do Rock","Phl Notunrboy;Derek;LH CHUCRO;BLOCKKSTAR",2024-08-23,254358,42,true,8jtopaclkzi6fkcxvnzy3t27q,2025-05-19T21:19:03Z,"trap brasileiro,trap,hip hop brasileiro,trap funk","RealBlockkstar",0.864,0.626,7,-5.512,1,0.303,0.462,0,0.0843,0.632,117.024,4
spotify:track:1N69vOh56cn1SXEA1pj7AR,"ODNUM ao Contrário!","DOIS Quebrada Inteligente","Kyan;Mu540;99 no beat",2025-05-29,225230,44,true,8jtopaclkzi6fkcxvnzy3t27q,2025-05-29T11:17:38Z,"trap brasileiro,trap funk,trap,hip hop brasileiro,pagode baiano,brega funk,brega","EHXIS",0.932,0.73,1,-2.337,0,0.231,0.408,0.0000112,0.241,0.761,129.975,4
spotify:track:1P5FSgIv3OANZatEP6VBbi,"Bilhete!","DOIS Quebrada Inteligente","Kyan;Mu540;Triz",2025-05-29,171322,42,true,8jtopaclkzi6fkcxvnzy3t27q,2025-05-29T11:21:27Z,"trap brasileiro,trap funk,trap,hip hop brasileiro,funk","EHXIS",0.903,0.748,0,-1.796,0,0.133,0.205,0.00494,0.67,0.606,129.963,4
spotify:track:2j7pQPTsRj2k3XFU6Vkb8g,"Pente 270!","DOIS Quebrada Inteligente","Kyan;Mu540;Veigh",2025-05-29,221706,60,true,8jtopaclkzi6fkcxvnzy3t27q,2025-05-29T11:25:41Z,"trap brasileiro,trap funk,trap,hip hop brasileiro","EHXIS",0.852,0.799,9,-4.608,0,0.477,0.484,0,0.106,0.723,130.013,4
spotify:track:0ZXfo727MxNxotmJXIqaG4,"Preto Rico, Nunca Liso!","DOIS Quebrada Inteligente","Kyan;Mu540;Djonga",2025-05-29,177230,41,true,8jtopaclkzi6fkcxvnzy3t27q,2025-05-29T11:30:52Z,"trap brasileiro,trap funk,trap,hip hop brasileiro,boom bap","EHXIS",0.861,0.87,2,-4.457,1,0.468,0.469,0.00663,0.714,0.699,130.101,4
spotify:track:0sdoMuL7ZIHl6Apq2WUhzJ,"Mente Pensante - Bonus Track","DOIS Quebrada Inteligente","Kyan;Mu540;KayBlack",2025-05-29,229569,46,false,8jtopaclkzi6fkcxvnzy3t27q,2025-05-29T11:34:06Z,"trap brasileiro,trap funk,trap,hip hop brasileiro","EHXIS",0.715,0.873,1,-3.104,1,0.253,0.09,0.0296,0.0461,0.537,170.038,4
spotify:track:70rdj4JUhqGYjs6A3TcoVC,"Duas Personalidades","QMPND","LH CHUCRO;BLOCKKSTAR;prod by bila;OG Bahia",2025-05-23,141535,37,true,8jtopaclkzi6fkcxvnzy3t27q,2025-06-02T22:49:26Z,"trap brasileiro,trap","RealBlockkstar",0.603,0.482,1,-10.144,1,0.288,0.0557,0,0.125,0.318,104.19,3
spotify:track:27LLP2ZjUMBq9PanP5ouyG,"Vida de Chefe","TRINCA","Massaru;Tchelo;Danzo",2025-02-21,187741,34,true,8jtopaclkzi6fkcxvnzy3t27q,2025-06-05T13:05:17Z,"trap brasileiro,trap,trap funk","tchelo rodrigues",0.864,0.83,10,-2.139,0,0.187,0.0973,0,0.192,0.534,124.021,4
spotify:track:2MeX0C2OXFstgPoHZlmoQe,"Pelo Que Cê Fez","Neguinho Bolado","KayG;Fahel",2025-05-22,121846,23,true,8jtopaclkzi6fkcxvnzy3t27q,2025-06-05T13:34:27Z,"trap brasileiro,trap","KayG",0.744,0.558,8,-12.646,0,0.261,0.389,0,0.0911,0.236,129.946,4
spotify:track:0BZLnBU2YMM4fLEFO1Ym8V,"Vai Viver De Que?","Neguinho Bolado","KayG;Fahel;Lucci",2025-05-22,120000,24,true,8jtopaclkzi6fkcxvnzy3t27q,2025-06-05T13:40:10Z,"trap brasileiro,trap","KayG",0.872,0.639,9,-3.55,0,0.114,0.7,0,0.108,0.689,112.08,4
spotify:track:5PXSz9UUR9fNzxwWe3UKHh,"Dinheiro e Haxixe","Neguinho Bolado","KayG;Yuri Redicopa;Fahel;beira.wav",2025-05-22,162461,29,true,8jtopaclkzi6fkcxvnzy3t27q,2025-06-05T13:40:28Z,"trap brasileiro,trap,funk","KayG",0.713,0.636,5,-4.321,0,0.878,0.499,0,0.117,0.575,130.131,4
spotify:track:3CQicO1x1cl6hEgvrKkzuK,"Depois de Você","Neguinho Bolado","KayG;LPT Zlatan;Danzo;Boaventura",2025-05-22,155665,38,true,8jtopaclkzi6fkcxvnzy3t27q,2025-06-05T13:47:28Z,"trap brasileiro,trap,trap funk","KayG",0.685,0.601,4,-6.428,0,0.255,0.209,0,0.204,0.596,148.048,4
spotify:track:1ajEAlCvZqkhu4ImbGn1lt,"Não Vale Não","Neguinho Bolado","KayG;Fahel;Stuani",2025-05-22,154285,21,true,8jtopaclkzi6fkcxvnzy3t27q,2025-06-05T13:50:47Z,"trap brasileiro,trap","KayG",0.772,0.639,1,-8.163,1,0.218,0.284,0,0.0891,0.481,112.014,4
spotify:track:5XYYY2mvZK5APqmWF3gRwr,"Tasha e Tracie","Neguinho Bolado","KayG;Fahel;Luskin",2025-05-22,188000,23,true,8jtopaclkzi6fkcxvnzy3t27q,2025-06-05T13:54:41Z,"trap brasileiro,trap","KayG",0.411,0.696,3,-4.42,0,0.0552,0.621,0,0.176,0.271,137.073,4
spotify:track:5LLemIluuZtQji0GvVcouE,"Ficaremos Firmes","Neguinho Bolado","KayG;Fahel;Luskin",2025-05-22,136000,25,true,8jtopaclkzi6fkcxvnzy3t27q,2025-06-05T13:56:57Z,"trap brasileiro,trap","KayG",0.799,0.481,6,-5.407,0,0.0633,0.622,0,0.111,0.407,130.004,4
spotify:track:6IQlolfs5OQcRHIEOHdQoh,"Eu Não Sou Seu Ex","Neguinho Bolado","KayG;Tevito;Fahel;Stick;Stuani",2025-05-22,176000,28,true,8jtopaclkzi6fkcxvnzy3t27q,2025-06-05T14:17:23Z,"trap brasileiro,trap","KayG",0.847,0.403,7,-8.504,0,0.322,0.578,0,0.1,0.297,120.106,4
spotify:track:1SgYYFPzGAqvIRG4kcZULQ,"Pipipi","Neguinho Bolado","KayG;Kayin;Kyan;Fahel",2025-05-22,188000,25,true,8jtopaclkzi6fkcxvnzy3t27q,2025-06-05T22:03:54Z,"trap brasileiro,trap,trap funk,hip hop brasileiro","KayG",0.8,0.882,0,-3.136,0,0.294,0.245,0,0.117,0.579,145.279,4
spotify:track:7xqLwuFofOKSSmzn4lOMVq,"7 Chaves","Eu Odeio o Dia dos Namorados","Orochi;TkN;Kizzy;Einer Bankz;Fraxille",2025-06-13,157333,55,true,8jtopaclkzi6fkcxvnzy3t27q,2025-06-16T20:25:24Z,"trap brasileiro,hip hop brasileiro,trap funk,trap","Mainstreet Records",0.481,0.584,3,-8.066,0,0.0684,0.178,0.0000883,0.143,0.241,123.767,1
spotify:track:3PZP7Y2w3cy5DC7lyRomZ3,"Cê Deve Tá Linda","Eu Odeio o Dia dos Namorados","Orochi;DU'L;Portugal No Beat;Galdino",2025-06-13,145777,61,true,8jtopaclkzi6fkcxvnzy3t27q,2025-06-16T20:26:12Z,"trap brasileiro,hip hop brasileiro,trap funk,trap,funk","Mainstreet Records",0.453,0.558,7,-4.438,0,0.249,0.238,0,0.0991,0.523,90.222,4
spotify:track:3eUduFwgx51zAQk6jw2Bjx,"Corpo Flutuar","Eu Odeio o Dia dos Namorados","Orochi;Kizzy;RUXN",2025-06-13,129369,57,true,8jtopaclkzi6fkcxvnzy3t27q,2025-06-16T20:28:53Z,"trap brasileiro,hip hop brasileiro,trap funk,trap","Mainstreet Records",0.711,0.666,5,-5.228,0,0.043,0.171,0.00579,0.151,0.0759,120.005,4
spotify:track:1Y3DD1Ri1JlaXckRye0ASL,"Raro","Eu Odeio o Dia dos Namorados","Orochi;DRESSA;Portugal No Beat;DUNDUM NTS;Fepache",2025-06-13,218000,54,true,8jtopaclkzi6fkcxvnzy3t27q,2025-06-16T20:33:06Z,"trap brasileiro,hip hop brasileiro,trap funk,trap,funk,funk consciente","Mainstreet Records",0.488,0.495,4,-7.444,0,0.1,0.178,0,0.0901,0.246,119.675,4
spotify:track:1l39EzEGJkEfgaHTj03zeI,"MENOR PEÇA","H.A.R.D","Ghard;LPT Zlatan",2025-06-13,133333,0,true,8jtopaclkzi6fkcxvnzy3t27q,2025-06-17T10:05:31Z,"trap brasileiro,trap funk,trap","Ghard",0.856,0.734,2,-4.323,1,0.287,0.311,0,0.0802,0.596,96.035,5
spotify:track:643vObUYZSfmkNZyJd43V5,"Alee On The Radar Freestyle","Alee On The Radar Freestyle","On The Radar;Alee;Dallass;NADAMAL",2025-06-13,152330,61,false,8jtopaclkzi6fkcxvnzy3t27q,2025-06-17T10:06:18Z,"drill sexy,trap brasileiro,trap,hip hop brasileiro,trap funk","OTR World Entertainment Inc. in Exclusive Partnership with Olympus Projects",0.5,0.635,3,-5.606,1,0.105,0.0916,0,0.0791,0.347,112.774,1
spotify:track:0ghm6bTrXuqnLDyvfsv2at,"Outros Corpos","Outros Corpos","Orochi;Veigh;Portugal No Beat;Ribb",2024-09-27,188976,63,false,8jtopaclkzi6fkcxvnzy3t27q,2025-06-17T10:06:26Z,"trap brasileiro,hip hop brasileiro,trap funk,trap,funk consciente","Mainstreet Records",0.594,0.54,1,-7.395,0,0.0479,0.352,0.00000246,0.141,0.214,127.056,4
spotify:track:3JN1DhTcDTf4rRZio7tTwz,"REPARAÇÃO HISTÓRICA","CHTC?","Klisman;NADAMAL;saboya;Del Jay;Qualywav1;BAMMA",2025-05-22,237021,36,true,8jtopaclkzi6fkcxvnzy3t27q,2025-06-17T10:15:43Z,"trap brasileiro,trap,trap funk,hip hop brasileiro","NadamalRecords",0.627,0.609,9,-7.312,0,0.232,0.243,0.00000525,0.116,0.49,125.554,4
spotify:track:6PMFRImayWVHs9rXA7bOsu,"100% MOLHO","ISSO É TRAP","Brandão85;Jovem Dex;Leviano;Alee",2025-06-18,291374,65,true,8jtopaclkzi6fkcxvnzy3t27q,2025-06-20T10:10:39Z,"trap brasileiro,trap,hip hop brasileiro,trap funk","30PRAUM",0.742,0.732,9,-5.02,0,0.17,0.147,0,0.109,0.65,145.993,4
spotify:track:4u12LEOOS1sQZMZuol7SMT,"JOGO ELA NO JATINHO","ISSO É TRAP","Brandão85",2025-06-18,142138,53,true,8jtopaclkzi6fkcxvnzy3t27q,2025-06-20T10:24:13Z,"trap brasileiro,trap","30PRAUM",0.76,0.528,8,-6.724,1,0.161,0.51,0.00000282,0.0881,0.374,134.962,4
spotify:track:53cwkbZIw0QUDB1pEPNJpo,"ACIMA DAS NUVENS","ISSO É TRAP","Brandão85;Desiree",2025-06-18,173061,56,true,8jtopaclkzi6fkcxvnzy3t27q,2025-06-20T10:32:56Z,"trap brasileiro,trap","30PRAUM",0.761,0.647,10,-7.968,0,0.239,0.13,0.00499,0.181,0.531,146.991,4
spotify:track:3Rc0BGklC1QmiNIq7FeKay,"MIGOS","ISSO É TRAP","Brandão85;Jé",2025-06-18,148732,59,true,8jtopaclkzi6fkcxvnzy3t27q,2025-06-20T10:38:19Z,"trap brasileiro,trap,hip hop brasileiro","30PRAUM",0.854,0.652,2,-3.171,1,0.0497,0.0189,0.00000182,0.11,0.139,141.952,4
spotify:track:2kwJQpemyZKqaQiDmGSdBr,"THE CASTLE","THE CASTLE NEVER FALLS","Chris Grey",2024-10-18,174324,53,false,8jtopaclkzi6fkcxvnzy3t27q,2025-06-23T09:50:51Z,"dark r&b","Chris Grey",0.215,0.462,6,-7.194,0,0.033,0.192,0,0.257,0.185,147.823,3
spotify:track:7kBQS11ThrXE5JC5UqRc7e,"LIFETIME","THE CASTLE NEVER FALLS","Chris Grey",2024-10-18,183842,58,false,8jtopaclkzi6fkcxvnzy3t27q,2025-06-23T09:53:57Z,"dark r&b","Chris Grey",0.519,0.588,11,-6.459,0,0.037,0.474,0,0.129,0.13,120.954,4
spotify:track:1sNRtbtiIvX3nBIqavJHH3,"GEMINI","THE CASTLE NEVER FALLS","Chris Grey",2024-10-18,172539,51,false,8jtopaclkzi6fkcxvnzy3t27q,2025-06-23T09:56:54Z,"dark r&b","Chris Grey",0.347,0.563,5,-7.172,0,0.0635,0.0952,0,0.105,0.305,123.885,4
spotify:track:0YVh3SyU4dS7jOWIFQ1tTf,"LET THE WORLD BURN","THE CASTLE NEVER FALLS","Chris Grey",2024-10-18,163290,78,false,8jtopaclkzi6fkcxvnzy3t27q,2025-06-23T09:57:38Z,"dark r&b","Chris Grey",0.377,0.557,5,-6.934,0,0.0311,0.128,0,0.163,0.248,92.89,4
spotify:track:1ieavnKKNSL5yDeIkgWBXp,"LAST BREATH / THE REASON","THE CASTLE NEVER FALLS","Chris Grey",2024-10-18,274264,48,false,8jtopaclkzi6fkcxvnzy3t27q,2025-06-23T10:03:01Z,"dark r&b","Chris Grey",0.321,0.643,1,-8.107,0,0.0473,0.527,0.0000401,0.108,0.184,108.747,4
spotify:track:3xCCf8zY75oE0EtCNTkFQJ,"COLD BLOODED","THE CASTLE NEVER FALLS","Chris Grey",2024-10-18,172333,60,true,8jtopaclkzi6fkcxvnzy3t27q,2025-06-23T10:07:09Z,"dark r&b","Chris Grey",0.452,0.486,1,-8.719,0,0.0474,0.208,0,0.167,0.0729,125.062,4
spotify:track:7zQteWGg3AZsphUJO6GbB9,"GIVE ME YOUR LOVE","THE CASTLE NEVER FALLS","Chris Grey",2024-10-18,213374,61,false,8jtopaclkzi6fkcxvnzy3t27q,2025-06-23T10:11:43Z,"dark r&b","Chris Grey",0.342,0.618,0,-7.065,0,0.0371,0.144,0,0.118,0.102,82.954,3
spotify:track:78LsbKT46TKDtxkKZ0roUB,"SICK & TWISTED","THE CASTLE NEVER FALLS","Chris Grey",2024-10-18,160750,48,false,8jtopaclkzi6fkcxvnzy3t27q,2025-06-23T10:19:49Z,"dark r&b","Chris Grey",0.492,0.803,7,-6.584,1,0.0468,0.134,0,0.258,0.368,128.027,4
spotify:track:60Jn0ge4EIHRecFarOZ5qn,"ALWAYS BEEN YOU","THE CASTLE NEVER FALLS","Chris Grey",2024-10-18,128500,66,false,8jtopaclkzi6fkcxvnzy3t27q,2025-06-23T10:29:42Z,"dark r&b","Chris Grey",0.248,0.556,8,-7.02,0,0.0329,0.277,0,0.278,0.276,74.436,3
spotify:track:0OnUUuGpREQgkTR55LMwfZ,"Reuniões comigo mesmo","Eu Venci o Mundo","Veigh;Supernova Ent",2025-06-26,130466,60,true,8jtopaclkzi6fkcxvnzy3t27q,2025-06-27T10:23:17Z,"trap brasileiro,trap funk,trap,hip hop brasileiro","Supernova Entertainment",0.562,0.511,0,-6.579,1,0.398,0.767,0,0.35,0.593,76.03,3
spotify:track:1rO0uD1DwejqeZLNXTroJK,"Hiperfoco","Eu Venci o Mundo","Veigh;Supernova Ent",2025-06-26,140155,62,true,8jtopaclkzi6fkcxvnzy3t27q,2025-06-27T10:27:44Z,"trap brasileiro,trap funk,trap,hip hop brasileiro","Supernova Entertainment",0.779,0.545,2,-7.582,0,0.195,0.687,0,0.108,0.404,130.175,5
spotify:track:7yRlmQTjZ5pdtlq7ska9mj,"Artista Genérico","Eu Venci o Mundo","Veigh;Supernova Ent",2025-06-26,150861,73,true,8jtopaclkzi6fkcxvnzy3t27q,2025-06-27T10:34:34Z,"trap brasileiro,trap funk,trap,hip hop brasileiro","Supernova Entertainment",0.671,0.742,1,-4.478,1,0.148,0.0707,0,0.13,0.209,139.944,4
spotify:track:277a7QeHcxctrKjvVVvrQv,"Dono da Verdade","Eu Venci o Mundo","Veigh;Supernova Ent",2025-06-26,144813,58,true,8jtopaclkzi6fkcxvnzy3t27q,2025-06-27T10:37:00Z,"trap brasileiro,trap funk,trap,hip hop brasileiro","Supernova Entertainment",0.801,0.568,5,-5.655,1,0.383,0.458,0,0.105,0.458,119.945,4
spotify:track:0Y71gSv3vx7grfOUyaaGXH,"Filho da Promessa","Eu Venci o Mundo","Veigh;Supernova Ent",2025-06-26,131050,57,true,8jtopaclkzi6fkcxvnzy3t27q,2025-06-27T10:42:42Z,"trap brasileiro,trap funk,trap,hip hop brasileiro","Supernova Entertainment",0.669,0.644,7,-5.412,0,0.228,0.524,0,0.287,0.321,118.692,4
spotify:track:3LeculfKPn460tPKpW3iRy,"Perdoe-me por ser um astro (interlúdio)","Eu Venci o Mundo","Veigh;Supernova Ent",2025-06-26,110769,56,true,8jtopaclkzi6fkcxvnzy3t27q,2025-06-27T10:44:15Z,"trap brasileiro,trap funk,trap,hip hop brasileiro","Supernova Entertainment",0.463,0.391,11,-6.787,0,0.041,0.71,0,0.122,0.114,81.974,4
spotify:track:0jaN95G1TyZazGxQvYwib8,"Sangue do Cordeiro","Eu Venci o Mundo","Veigh;Supernova Ent",2025-06-26,106290,55,true,8jtopaclkzi6fkcxvnzy3t27q,2025-06-27T10:46:01Z,"trap brasileiro,trap funk,trap,hip hop brasileiro","Supernova Entertainment",0.63,0.581,4,-5.5,0,0.419,0.477,0,0.172,0.421,103.524,3
spotify:track:6y1JKzkFrCvLZ4k9qbHP4t,"Indiretas com a voz","Eu Venci o Mundo","Veigh;Supernova Ent",2025-06-26,160002,62,true,8jtopaclkzi6fkcxvnzy3t27q,2025-06-27T10:50:07Z,"trap brasileiro,trap funk,trap,hip hop brasileiro","Supernova Entertainment",0.725,0.668,5,-5.948,1,0.217,0.348,0,0.137,0.533,113.922,4
spotify:track:1jiFg1lHo4DezwMpR9ktwC,"Influencie","Eu Venci o Mundo","Veigh;Supernova Ent",2025-06-26,159562,58,true,8jtopaclkzi6fkcxvnzy3t27q,2025-06-27T10:53:51Z,"trap brasileiro,trap funk,trap,hip hop brasileiro","Supernova Entertainment",0.719,0.435,8,-6.945,0,0.0649,0.606,0,0.111,0.405,124.046,4
spotify:track:010d0LZvE7DRojYxuZHzax,"Amor Fictício","Eu Venci o Mundo","Veigh;Supernova Ent",2025-06-26,139213,55,true,8jtopaclkzi6fkcxvnzy3t27q,2025-06-27T10:56:41Z,"trap brasileiro,trap funk,trap,hip hop brasileiro","Supernova Entertainment",0.424,0.433,5,-8.727,0,0.102,0.495,0.0000048,0.148,0.249,62.297,4
spotify:track:2ACys0pX0SjmpQmQWzp7wt,"Jersey","What A Time To Be Alive","Future",2015-09-20,188702,69,true,8jtopaclkzi6fkcxvnzy3t27q,2025-06-27T16:49:13Z,"rap","Cash Money Records Inc.",0.758,0.526,5,-10.81,0,0.255,0.513,0.000457,0.0913,0.312,146.054,4
spotify:track:3gCosdkfK1jX3sXJcV4SLr,"BABY DRACO 2","EL DEREK 2","Derek;Leozin",2025-06-28,211651,40,true,8jtopaclkzi6fkcxvnzy3t27q,2025-06-29T22:13:49Z,"trap brasileiro,trap,hip hop brasileiro,trap funk","Universal Music Ltda.",0.751,0.554,6,-8.126,0,0.0784,0.293,0.00129,0.103,0.327,126.883,4
spotify:track:1gFXzbxnUxSjvYY07v4j1n,"SEMBLANTE","EL DEREK 2","Derek;EarKid",2025-06-28,195000,28,true,8jtopaclkzi6fkcxvnzy3t27q,2025-06-29T22:21:47Z,"trap brasileiro,trap,hip hop brasileiro,trap funk","Universal Music Ltda.",0.75,0.499,5,-8.328,0,0.167,0.163,0,0.0821,0.618,159.991,4
spotify:track:104LW453YwZhC2Zo4leoE3,"1 DÉCADA","EL DEREK 2","Derek",2025-06-28,234503,27,true,8jtopaclkzi6fkcxvnzy3t27q,2025-06-29T22:26:06Z,"trap brasileiro,trap,hip hop brasileiro,trap funk","Universal Music Ltda.",0.591,0.459,2,-9.706,0,0.0449,0.109,0.0000292,0.11,0.254,130.981,4
spotify:track:6bGJTmem7eZgFRtr4EMkVc,"ATENÇÃO","EL DEREK 2","Derek",2025-06-28,116080,26,true,8jtopaclkzi6fkcxvnzy3t27q,2025-06-29T22:28:05Z,"trap brasileiro,trap,hip hop brasileiro,trap funk","Universal Music Ltda.",0.543,0.72,5,-8.11,0,0.05,0.122,0,0.121,0.333,76.506,4
spotify:track:5mZ7ew49oeGxmpr8Ngzd7d,"Fé","EL DEREK 2","Derek;Celo1st",2025-06-28,173346,29,true,8jtopaclkzi6fkcxvnzy3t27q,2025-06-29T22:34:28Z,"trap brasileiro,trap,hip hop brasileiro,trap funk","Universal Music Ltda.",0.746,0.667,3,-7.727,0,0.0931,0.169,0.0000725,0.15,0.443,144.003,4
spotify:track:0LUhkgThQIbz7ud7Bv5y6b,"ELA NÃO ESCUTA TRAP","EL DEREK 2","Derek;Kafé",2025-06-28,174544,27,true,8jtopaclkzi6fkcxvnzy3t27q,2025-06-29T22:49:54Z,"trap brasileiro,trap,hip hop brasileiro,trap funk","Universal Music Ltda.",0.765,0.647,4,-7.177,0,0.0366,0.361,0.00000359,0.111,0.336,109.955,4
spotify:track:1F6nHHDJyTHLgDDFj1ZZDt,"SOMETHING ABOUT YOU","$ome $exy $ongs 4 U","PARTYNEXTDOOR;Drake",2025-02-14,218682,76,true,8jtopaclkzi6fkcxvnzy3t27q,2025-06-30T21:05:34Z,"dark r&b,r&b,trap soul,rap","OVO Sound",0.51,0.491,7,-8.869,0,0.1,0.24,0.0000273,0.359,0.0792,136.093,4
spotify:track:6Px7oJcPvMWLhwRHmao0Fe,"LUCID DREAMS (feat. Masego)","MUTT","Leon Thomas;Masego",2024-09-27,226254,66,true,8jtopaclkzi6fkcxvnzy3t27q,2025-06-30T21:08:10Z,"","EZMNY Records/Motown Records",0.725,0.642,7,-6.922,0,0.064,0.107,0.0738,0.108,0.556,154.853,4
spotify:track:1AFFDkfMZkmgLob4rfKouK,"Best Friend","Oxigênio (Corona Disco)","Froid",2020-05-22,243582,34,false,8jtopaclkzi6fkcxvnzy3t27q,2025-07-01T10:49:10Z,"hip hop brasileiro,boom bap,trap brasileiro","Froid",0.604,0.489,10,-7.651,0,0.407,0.576,0.000516,0.104,0.375,130.587,4
spotify:track:1C1ncR0daNIJMUtM1fikZM,"Sem Teto","Oxigênio (Corona Disco)","Froid",2020-05-22,201898,28,false,8jtopaclkzi6fkcxvnzy3t27q,2025-07-01T10:57:48Z,"hip hop brasileiro,boom bap,trap brasileiro","Froid",0.765,0.624,4,-6.235,0,0.376,0.655,0,0.139,0.717,163.112,4
spotify:track:3J17Wt7w0qXzWOeb96FBjs,"Sax Fifth Avenue","Masego","Masego",2023-03-03,193969,60,false,8jtopaclkzi6fkcxvnzy3t27q,2025-07-03T22:12:26Z,"","EQT Recordings/Capitol Records",0.569,0.519,5,-7.539,0,0.102,0.226,0,0.13,0.377,74.942,4
spotify:track:2K6Nk2bR9xPE39EY9mARVa,"Sweet Lies","Londra","Qendresa",2024-11-28,221772,61,false,8jtopaclkzi6fkcxvnzy3t27q,2025-07-03T22:16:39Z,"r&b alternativo","dream city discs",0.622,0.632,5,-8.884,0,0.0328,0.358,0.787,0.0994,0.863,158.035,4
spotify:track:2eLR6AwrB1KPFuRjh28q0r,"Love Again","Love Again","Moon Soul",2024-05-14,144056,3,false,8jtopaclkzi6fkcxvnzy3t27q,2025-07-03T22:17:47Z,"","Interstellar",0.611,0.675,11,-8.007,1,0.0305,0.229,0.0894,0.19,0.585,79.961,4
spotify:track:4iGf7FQ9COSPGJ1QwOyUaI,"2 Much","Londra","Qendresa",2024-11-28,200000,1,false,8jtopaclkzi6fkcxvnzy3t27q,2025-07-03T22:48:25Z,"r&b alternativo","dream city discs",0.752,0.388,5,-8.251,0,0.0803,0.311,0.00988,0.1,0.534,80.018,3
spotify:track:0NyzbgyQxXIPw30LPeUXGg,"Baile de Drill","Baile de Drill","Anansi;JXNV$",2020-07-31,191328,5,false,8jtopaclkzi6fkcxvnzy3t27q,2025-07-13T00:16:39Z,"grime,hip hop brasileiro,boom bap,trap brasileiro","Leng Section",0.676,0.631,11,-9.399,0,0.265,0.0421,0.00000375,0.179,0.662,143.174,4
spotify:track:4SVYUBZvFopou4NSy7Dvi2,"Pia, Brota","Pirâmide Perdida (Vol. 7)","Pirâmide Perdida;BK;JXNV$;Akira Presidente;Sain;Bril;CHS;Luccas Carlos",2016-07-07,251209,0,false,8jtopaclkzi6fkcxvnzy3t27q,2025-07-13T00:33:14Z,"boom bap,hip hop brasileiro,trap brasileiro,pop nacional","Pirâmide Perdida Records",0.656,0.629,8,-3.919,1,0.477,0.0796,0,0.0922,0.142,139.958,4
spotify:track:4GkVbPpyx0aBoHPKe04oEZ,"DO NECTAR FREESTYLE - REMIX","VERÃO CRIMINOSO","BK;Gigantes;MSE",2023-12-15,155577,0,true,8jtopaclkzi6fkcxvnzy3t27q,2025-07-13T01:02:36Z,"hip hop brasileiro,boom bap,trap brasileiro","Gigantes",0.847,0.78,11,-5.897,0,0.193,0.605,0,0.111,0.633,126.003,4
spotify:track:5wNIHa6wvCCKP6fWgo3UAh,"CHAMPAIN & VACAY","JACKBOYS 2","Travis Scott;Don Toliver",2025-07-13,184789,69,true,8jtopaclkzi6fkcxvnzy3t27q,2025-07-14T10:37:02Z,"rap","Cactus Jack / Epic",0.54,0.692,0,-5.894,0,0.217,0.208,0,0.219,0.236,145.226,4
spotify:track:6Gp3pYkydEOkl8EHHJxa9s,"2000 EXCURSION","JACKBOYS 2","Travis Scott;Sheck Wes;Don Toliver",2025-07-13,222986,64,true,8jtopaclkzi6fkcxvnzy3t27q,2025-07-14T10:39:10Z,"rap","Cactus Jack / Epic",0.65,0.858,1,-4.281,1,0.0662,0.141,0,0.0856,0.196,139.97,4
spotify:track:5P03xImM2uFukzoty7NDw7,"KICK OUT","JACKBOYS 2","Travis Scott",2025-07-13,170498,71,true,8jtopaclkzi6fkcxvnzy3t27q,2025-07-14T10:43:55Z,"rap","Cactus Jack / Epic",0.734,0.791,4,-3.486,0,0.232,0.0946,0,0.185,0.304,139.934,4
spotify:track:1rQEgtQNsj63xIUzEmKbML,"DUMBO","JACKBOYS 2","Travis Scott",2025-07-13,238249,71,true,8jtopaclkzi6fkcxvnzy3t27q,2025-07-14T10:46:00Z,"rap","Cactus Jack / Epic",0.786,0.692,0,-4.34,0,0.0369,0.0243,0.156,0.0829,0.293,137.008,4
spotify:track:2D8i2yY8z3kB5gRaUJ5weK,"MM3","JACKBOYS 2","SoFaygo",2025-07-13,174532,60,true,8jtopaclkzi6fkcxvnzy3t27q,2025-07-14T10:50:56Z,"rage rap","Cactus Jack / Epic",0.688,0.629,8,-3.883,1,0.0861,0.0371,0,0.31,0.285,143.955,4
spotify:track:7ydu79RLStYQTOi1OM6Dvg,"CONTEST","JACKBOYS 2","Travis Scott;SoFaygo",2025-07-13,272410,60,true,8jtopaclkzi6fkcxvnzy3t27q,2025-07-14T10:57:37Z,"rap,rage rap","Cactus Jack / Epic",0.552,0.765,5,-3.617,1,0.0325,0.00594,0,0.387,0.274,141.063,4
spotify:track:26N5kAVhlqFOWAkuMQ5Kwe,"WHERE WAS YOU","JACKBOYS 2","Travis Scott;Playboi Carti;Future",2025-07-13,272941,66,true,8jtopaclkzi6fkcxvnzy3t27q,2025-07-14T11:03:17Z,"rap,rage rap","Cactus Jack / Epic",0.744,0.6,11,-6.499,0,0.115,0.063,0,0.214,0.201,159.885,4
spotify:track:5820PtzfB116EIALe50F6t,"PBT","JACKBOYS 2","Travis Scott;Tyla;Vybz Kartel",2025-07-13,250982,61,true,8jtopaclkzi6fkcxvnzy3t27q,2025-07-14T12:00:10Z,"rap,afrobeats,dancehall,soca,riddim,ragga,reggae","Cactus Jack / Epic",0.483,0.723,3,-4.463,0,0.125,0.203,0,0.308,0.623,173.707,4
spotify:track:4lUAlhQOVzhitQKjxrHVny,"SHYNE","JACKBOYS 2","Travis Scott;GloRilla",2025-07-13,193183,63,true,8jtopaclkzi6fkcxvnzy3t27q,2025-07-14T12:00:15Z,"rap","Cactus Jack / Epic",0.717,0.77,0,-5.45,1,0.174,0.0456,0,0.427,0.474,148.039,4
spotify:track:22f5gVlJXlTRSCezQDISFn,"NO COMMENTS","JACKBOYS 2","Don Toliver",2025-07-13,129603,62,true,8jtopaclkzi6fkcxvnzy3t27q,2025-07-14T22:30:26Z,"","Cactus Jack / Epic",0.455,0.766,0,-5.026,1,0.295,0.283,0,0.619,0.495,74.099,5
spotify:track:7HFdogJVrkXSm0qBf1JlOB,"CANT STOP","JACKBOYS 2","Don Toliver;Future;Wallie the Sensei",2025-07-13,132489,58,true,8jtopaclkzi6fkcxvnzy3t27q,2025-07-14T22:57:49Z,"rap","Cactus Jack / Epic",0.798,0.553,7,-5.336,0,0.102,0.154,0,0.158,0.548,125.075,4
spotify:track:4vqwVaEqLNWo3UXhQi5IFH,"FLORIDA FLOW","JACKBOYS 2","Travis Scott;Kodak Black",2025-07-13,328574,59,true,8jtopaclkzi6fkcxvnzy3t27q,2025-07-14T22:57:53Z,"rap","Cactus Jack / Epic",0.606,0.605,1,-6.387,0,0.22,0.218,0,0.0946,0.3,124.149,4
spotify:track:3RScdqpvm905TOEA14v5hE,"Escola Particular","Escola Particular","Recayd Mob;Derek;Dfideliz;Jé;MC Igu",2025-07-17,272421,41,true,8jtopaclkzi6fkcxvnzy3t27q,2025-07-17T10:11:50Z,"trap brasileiro,trap,hip hop brasileiro,trap funk","Recayd Mob",0.77,0.634,2,-3.835,1,0.323,0.108,0,0.191,0.5,147.892,4
spotify:track:2PcFyzTH1KFcyvjT6keZaj,"MacGyver","Até A Última Rima","Jotapê;Papatinho",2025-07-03,181258,41,false,8jtopaclkzi6fkcxvnzy3t27q,2025-07-17T13:44:05Z,"hip hop brasileiro,boom bap,trap brasileiro","Papatunes Records",0.609,0.679,2,-4.687,1,0.399,0.425,0.00006,0.137,0.689,143.023,4
spotify:track:3uQAMEuApaB49pk2pK1R2w,"LULU (incidental O Último Romântico)","Até A Última Rima","Jotapê;Papatinho;Lulu Santos",2025-07-03,160000,40,false,8jtopaclkzi6fkcxvnzy3t27q,2025-07-17T13:50:38Z,"hip hop brasileiro,boom bap,trap brasileiro,mpb,rock brasileiro,pop nacional","Papatunes Records",0.689,0.577,1,-6.851,0,0.176,0.0946,0,0.372,0.479,135.046,4
spotify:track:3hgdjjUE7JKyo7o7xOyX9q,"O Sonho de Brida","Até A Última Rima","Jotapê;Papatinho;Major RD",2025-07-03,197140,42,false,8jtopaclkzi6fkcxvnzy3t27q,2025-07-17T13:54:13Z,"hip hop brasileiro,boom bap,trap brasileiro,trap,trap funk","Papatunes Records",0.677,0.628,10,-4.657,0,0.475,0.0807,0,0.095,0.513,139.804,3
spotify:track:0P5Vg3FLAaJtxBeNEJxLSM,"Alice e o Jaguadarte","Até A Última Rima","Jotapê;Papatinho",2025-07-03,243333,50,false,8jtopaclkzi6fkcxvnzy3t27q,2025-07-17T14:03:36Z,"hip hop brasileiro,boom bap,trap brasileiro","Papatunes Records",0.746,0.589,4,-6.058,0,0.176,0.00842,0.00000458,0.108,0.529,143.954,4
spotify:track:4oHNrw8qHWWrjJiSOYliWU,"Mauro, o Antagonista","Até A Última Rima","Jotapê;Papatinho",2025-07-03,230137,44,false,8jtopaclkzi6fkcxvnzy3t27q,2025-07-17T14:10:44Z,"hip hop brasileiro,boom bap,trap brasileiro","Papatunes Records",0.796,0.513,8,-8.197,1,0.342,0.223,0.0000423,0.138,0.481,73.018,4
spotify:track:3Uv6VN1hBpaZNRXViv3Fzc,"Problemas de Terry Crews","Até A Última Rima","Jotapê;Papatinho",2025-07-03,179200,45,false,8jtopaclkzi6fkcxvnzy3t27q,2025-07-17T14:24:52Z,"hip hop brasileiro,boom bap,trap brasileiro","Papatunes Records",0.654,0.692,7,-5.804,0,0.279,0.0621,0.000455,0.184,0.572,74.816,4
spotify:track:6hJgtVG4N4yqn8crt8C5iW,"Virgil","Até A Última Rima","Jotapê;Papatinho;GNÃO",2025-07-03,212210,39,false,8jtopaclkzi6fkcxvnzy3t27q,2025-07-17T14:41:14Z,"hip hop brasileiro,boom bap,trap brasileiro","Papatunes Records",0.807,0.67,1,-7.011,1,0.327,0.0707,0.0000862,0.0843,0.737,94.971,4
spotify:track:6CloyUaUDsg2gOp51hT9ao,"Leandro Roque","Até A Última Rima","Jotapê;Papatinho;Emicida",2025-07-03,275555,49,false,8jtopaclkzi6fkcxvnzy3t27q,2025-07-17T14:54:22Z,"hip hop brasileiro,boom bap,trap brasileiro,nova mpb","Papatunes Records",0.63,0.608,1,-4.985,1,0.186,0.0421,0.168,0.0886,0.797,81.039,4
spotify:track:1aIORakeNxhY2d5YplkDIy,"Roteiro de J. Peele","Até A Última Rima","Jotapê;Papatinho",2025-07-03,245625,39,false,8jtopaclkzi6fkcxvnzy3t27q,2025-07-17T14:59:28Z,"hip hop brasileiro,boom bap,trap brasileiro","Papatunes Records",0.657,0.57,9,-6.148,1,0.239,0.0428,0.0000246,0.0975,0.484,128.023,4
spotify:track:4USUtBuyvsUZFCtKtMBO1O,"Brasileira ou Gringa?","Brasileira ou Gringa?","Cold;M'DEP;KayG;PMM",2025-07-18,184379,35,false,8jtopaclkzi6fkcxvnzy3t27q,2025-07-18T13:54:52Z,"trap brasileiro,trap,rap de anime","Série Ouro Music",0.775,0.734,7,-5.193,0,0.125,0.118,0.0000139,0.121,0.488,137.026,4
spotify:track:5MNGPjPiQbs0IQWLmpLb13,"KGL's","Nume - Epílogo","Filipe Ret;BK;Sain;Dallass",2025-07-17,258782,60,true,8jtopaclkzi6fkcxvnzy3t27q,2025-07-18T13:59:49Z,"hip hop brasileiro,trap brasileiro,trap funk,trap,boom bap","Som Livre",0.755,0.733,6,-5.417,1,0.17,0.118,0,0.0772,0.8,114.923,4
spotify:track:5scrF77DRek7hII5KF0iUV,"Grama Verde","Nume - Epílogo","Filipe Ret;Prod.MTS",2025-07-17,176275,64,true,8jtopaclkzi6fkcxvnzy3t27q,2025-07-18T14:05:08Z,"hip hop brasileiro,trap brasileiro,trap funk,trap","Som Livre",0.393,0.617,7,-6.807,1,0.0938,0.128,0,0.38,0.102,69.971,4
spotify:track:2FY5SkFDjOBqhtNg2ehtz2,"Me Deixe Leve","Nume - Epílogo","Filipe Ret;Alee;Dallass",2025-07-17,174381,57,true,8jtopaclkzi6fkcxvnzy3t27q,2025-07-18T14:08:38Z,"hip hop brasileiro,trap brasileiro,trap funk,trap","Som Livre",0.494,0.569,4,-6.244,0,0.263,0.439,0,0.0818,0.481,78.857,1
spotify:track:0yyyXCKQibwPutGeHmDama,"Canto Alto","Nume - Epílogo","Filipe Ret;Daniel Shadow;Mãolee",2025-07-17,183376,51,true,8jtopaclkzi6fkcxvnzy3t27q,2025-07-18T14:12:24Z,"hip hop brasileiro,trap brasileiro,trap funk,trap,boom bap","Som Livre",0.652,0.752,10,-3.087,0,0.282,0.0468,0,0.18,0.599,91.295,4
spotify:track:6qnNkLzQo9IfTlkJ8Fe18L,"Acima De Mim Só Deus - Remix","Nume - Epílogo","Filipe Ret;Maru2D;Mãolee",2025-07-17,212608,51,true,8jtopaclkzi6fkcxvnzy3t27q,2025-07-18T14:15:39Z,"hip hop brasileiro,trap brasileiro,trap funk,trap,boom bap","Som Livre",0.572,0.767,5,-4.204,0,0.0649,0.0192,0,0.318,0.256,91.951,4
spotify:track:58EQwPY12eH9aisrgvQhGS,"Emoções - Versão Suja","Nume - Epílogo","Filipe Ret;Orochi;Dallass;Marquinho no Beat",2025-07-17,228529,61,true,8jtopaclkzi6fkcxvnzy3t27q,2025-07-18T14:18:41Z,"hip hop brasileiro,trap brasileiro,trap funk,trap,funk","Som Livre",0.597,0.63,4,-5.759,0,0.29,0.28,0,0.101,0.574,135.853,4
spotify:track:6xV7Be6XEvkSnighmh2Tzj,"Sugar On My Tongue","DON'T TAP THE GLASS","Tyler, The Creator",2025-07-21,153332,83,true,8jtopaclkzi6fkcxvnzy3t27q,2025-07-21T14:00:49Z,"","Columbia",0.703,0.501,11,-7.037,1,0.101,0.0327,0,0.193,0.463,126.073,4
spotify:track:7DIMKlmJ0CL6eROkbptoqi,"Sucka Free","DON'T TAP THE GLASS","Tyler, The Creator",2025-07-21,161051,68,true,8jtopaclkzi6fkcxvnzy3t27q,2025-07-21T14:03:52Z,"","Columbia",0.749,0.764,11,-6.36,1,0.189,0.0865,0,0.118,0.63,102.769,4
spotify:track:1IF3hx6HU46Pitm0dOdVJO,"Stop Playing With Me","DON'T TAP THE GLASS","Tyler, The Creator",2025-07-21,133307,64,true,8jtopaclkzi6fkcxvnzy3t27q,2025-07-21T14:07:27Z,"","Columbia",0.77,0.87,1,-5.767,0,0.129,0.094,0,0.151,0.289,115.295,4
spotify:track:1lTqq0aC6r2bXLviQ3oaVt,"Ring Ring Ring","DON'T TAP THE GLASS","Tyler, The Creator",2025-07-21,201869,76,true,8jtopaclkzi6fkcxvnzy3t27q,2025-07-21T14:09:21Z,"","Columbia",0.756,0.718,6,-5.867,1,0.0531,0.246,0,0.601,0.69,119.022,4
spotify:track:5DRS7YEe1bwGJLDGviT3CD,"Don't Tap That Glass / Tweakin'","DON'T TAP THE GLASS","Tyler, The Creator",2025-07-21,222124,64,true,8jtopaclkzi6fkcxvnzy3t27q,2025-07-21T14:16:18Z,"","Columbia",0.537,0.85,2,-5.611,1,0.447,0.151,0,0.19,0.51,133.347,4
spotify:track:45mVT3DCE7AATXgESSdfee,"Don't You Worry Baby (feat. Madison McFerrin)","DON'T TAP THE GLASS","Tyler, The Creator;Madison McFerrin",2025-07-21,178135,69,true,8jtopaclkzi6fkcxvnzy3t27q,2025-07-21T14:26:09Z,"r&b alternativo","Columbia",0.665,0.786,6,-5.34,0,0.0526,0.0625,0,0.715,0.456,118.641,4
spotify:track:4waPZF96vX1Oz5pzH6dB0h,"I'll Take Care of You (feat. Yebba)","DON'T TAP THE GLASS","Tyler, The Creator;Yebba",2025-07-21,200860,76,true,8jtopaclkzi6fkcxvnzy3t27q,2025-07-21T14:26:13Z,"","Columbia",0.712,0.831,11,-4.113,0,0.0528,0.565,0.000336,0.109,0.359,133.794,4
spotify:track:0BWJp4pLRHFVKJmDEIlrVn,"MUD","BELOVED","GIVĒON",2025-07-11,133571,67,false,8jtopaclkzi6fkcxvnzy3t27q,2025-07-21T14:30:36Z,"r&b","Epic/Not So Fast",0.401,0.62,10,-6.945,0,0.0504,0.218,0.000441,0.297,0.268,77.415,4
spotify:track:4AUVtLD85OUgUROBzsCP2e,"RATHER BE","BELOVED","GIVĒON",2025-07-11,171596,71,false,8jtopaclkzi6fkcxvnzy3t27q,2025-07-21T14:31:35Z,"r&b","Epic/Not So Fast",0.367,0.624,7,-5.933,1,0.0412,0.0283,0.000139,0.179,0.182,84.014,4
spotify:track:3HYUSkSJ0iQfocqdJmJqKw,"TWENTIES","BELOVED","GIVĒON",2025-07-11,171741,76,false,8jtopaclkzi6fkcxvnzy3t27q,2025-07-21T14:33:56Z,"r&b","Epic/Not So Fast",0.547,0.583,7,-7.69,1,0.0475,0.0512,0,0.302,0.401,78.972,3
spotify:track:7jF5V0KISfBLyVO5eF4D1w,"STRANGERS","BELOVED","GIVĒON",2025-07-11,213791,69,false,8jtopaclkzi6fkcxvnzy3t27q,2025-07-21T14:39:34Z,"r&b","Epic/Not So Fast",0.502,0.561,6,-7.442,0,0.0734,0.364,0.0000015,0.362,0.455,116.618,4
spotify:track:7g2S8dvcdpeRUs38L6dbZs,"NUMB","BELOVED","GIVĒON",2025-07-11,198847,70,false,8jtopaclkzi6fkcxvnzy3t27q,2025-07-21T14:44:51Z,"r&b","Epic/Not So Fast",0.37,0.529,0,-6.899,1,0.0399,0.211,0,0.104,0.352,110.852,4
spotify:track:18wmUghxdWxTgFsW4leZnt,"I CAN TELL","BELOVED","GIVĒON",2025-07-11,195869,65,false,8jtopaclkzi6fkcxvnzy3t27q,2025-07-21T14:44:59Z,"r&b","Epic/Not So Fast",0.391,0.734,1,-6.573,0,0.199,0.172,0,0.124,0.382,149.729,4
spotify:track:0oG6bJKzXgqzsaaEy1M510,"KEEPER","BELOVED","GIVĒON",2025-07-11,222530,70,false,8jtopaclkzi6fkcxvnzy3t27q,2025-07-21T14:51:02Z,"r&b","Epic/Not So Fast",0.495,0.71,0,-7.113,0,0.135,0.188,0,0.126,0.513,100.952,3
spotify:track:4ZHRQhbfmZ2wHEqCICm3bs,"BACKUP PLAN","BELOVED","GIVĒON",2025-07-11,190412,64,false,8jtopaclkzi6fkcxvnzy3t27q,2025-07-21T14:55:20Z,"r&b","Epic/Not So Fast",0.397,0.468,1,-7.241,1,0.0418,0.0843,0.424,0.194,0.229,133.896,4
spotify:track:1Q44YCmHulLTI61D3IGe2g,"BLEEDING","BELOVED","GIVĒON",2025-07-11,177237,63,false,8jtopaclkzi6fkcxvnzy3t27q,2025-07-21T14:57:32Z,"r&b","Epic/Not So Fast",0.521,0.595,11,-6.899,0,0.0518,0.121,0,0.18,0.407,131.225,4
spotify:track:5gXD4exv3XSwYh4BFQ0phf,"DON'T LEAVE","BELOVED","GIVĒON",2025-07-11,208226,71,false,8jtopaclkzi6fkcxvnzy3t27q,2025-07-21T14:59:46Z,"r&b","Epic/Not So Fast",0.548,0.488,8,-8.472,1,0.034,0.161,0.0000261,0.101,0.295,83.031,3
spotify:track:1bw9iJ7b3VPEG1XOg51wWY,"Sdds Toyota","Sim ou Não","Massaru;BDK",2024-12-05,134265,26,false,8jtopaclkzi6fkcxvnzy3t27q,2025-07-21T15:14:32Z,"trap brasileiro,trap,trap funk","Massaru",0.61,0.228,7,-14.938,1,0.341,0.139,0.0000812,0.103,0.531,71.442,4
spotify:track:4QGuiqDGdllrJhYiLewfnG,"Chuva de Verão","Sim ou Não","Massaru;LPT Zlatan",2024-12-05,243037,33,true,8jtopaclkzi6fkcxvnzy3t27q,2025-07-21T15:17:33Z,"trap brasileiro,trap,trap funk","Massaru",0.805,0.593,10,-9.905,0,0.378,0.138,0,0.126,0.516,157.794,4
spotify:track:09j37F2o25MfX106K8xoMm,"Pantera","Sim ou Não","Massaru;Mc Dricka;akao.47",2024-12-05,121593,20,true,8jtopaclkzi6fkcxvnzy3t27q,2025-07-21T15:31:25Z,"trap brasileiro,trap,trap funk,funk,brega funk,funk de bh","Massaru",0.654,0.688,1,-6.379,1,0.334,0.0718,0,0.355,0.695,90.929,4
spotify:track:3DddqipuDwN3lOpO5J7tfO,"Drogas ou Travessuras","Sim ou Não","Massaru;Kayin;Fahel",2024-12-05,154608,15,true,8jtopaclkzi6fkcxvnzy3t27q,2025-07-21T15:37:31Z,"trap brasileiro,trap,trap funk","Massaru",0.934,0.459,10,-10.005,0,0.314,0.0329,0.566,0.108,0.531,139.004,4
spotify:track:33JdFqnlJoM0KobuRzot1l,"Ando Sozinho","Sim ou Não","Massaru;C4rlinhxs",2024-12-05,120152,22,true,8jtopaclkzi6fkcxvnzy3t27q,2025-07-21T15:42:00Z,"trap brasileiro,trap,trap funk","Massaru",0.724,0.428,1,-10.502,1,0.278,0.059,0.00000108,0.126,0.447,159.963,4
spotify:track:49RiSc3ZpwhfmW4zXoEXCm,"As Vezes","Sim ou Não","Massaru;Lil Von",2024-12-05,141744,17,true,8jtopaclkzi6fkcxvnzy3t27q,2025-07-21T15:51:54Z,"trap brasileiro,trap,trap funk","Massaru",0.728,0.588,0,-9.588,1,0.174,0.146,0,0.186,0.462,149.117,4
spotify:track:3yPDR3vx05u2Jg8KVDbqcs,"Promessas no Solo","Sim ou Não","Massaru;KayG;Kayin;LPT Zlatan",2024-12-05,242962,23,true,8jtopaclkzi6fkcxvnzy3t27q,2025-07-21T16:34:12Z,"trap brasileiro,trap,trap funk","Massaru",0.63,0.507,10,-6.766,0,0.373,0.0991,0,0.155,0.646,107.807,5
spotify:track:2cmcB2MMAzw4H5qA8AFBwA,"Mentiras","Sim ou Não","Massaru;Gocci;Menó IFT",2024-12-05,189319,19,true,8jtopaclkzi6fkcxvnzy3t27q,2025-07-21T16:42:47Z,"trap brasileiro,trap,trap funk","Massaru",0.695,0.608,0,-10.108,1,0.155,0.0154,0,0.142,0.476,146.979,4
spotify:track:094w8vPtInD49UIRxjIEhf,"Berrini","VIDA LOKA TAMBÉM AMA","Massaru;Cloudsnobeat;Ayo Th",2025-06-12,122900,27,true,8jtopaclkzi6fkcxvnzy3t27q,2025-07-21T16:47:07Z,"trap brasileiro,trap,trap funk","Massaru",0.913,0.647,1,-6.091,0,0.399,0.326,0,0.139,0.601,124.982,4
spotify:track:6L3i4jdNnk0a9kMT3qIqTG,"The Birds Don't Sing","Let God Sort Em Out","Clipse;John Legend;Voices of Fire;Pusha T;Malice",2025-07-11,240520,59,true,8jtopaclkzi6fkcxvnzy3t27q,2025-07-24T12:13:54Z,"o lado suave do pop,neo soul","Roc Nation Distribution",0.625,0.535,8,-6.789,0,0.317,0.27,0,0.163,0.483,83.292,4
spotify:track:7bwqCFT5pdz44kwStKQmWe,"NEGÓCIOS","CAOS DLX","Alee;Neckklace",2025-07-24,151222,56,true,8jtopaclkzi6fkcxvnzy3t27q,2025-07-25T11:24:43Z,"trap brasileiro,trap,hip hop brasileiro,trap funk","Alee",0.494,0.634,1,-7.095,0,0.142,0.0145,0,0.109,0.21,97.583,3
spotify:track:3eN9gbbEQCRiW3bT5zjeNX,"BIG MONEY","CAOS DLX","Alee;Neckklace;C4rlinhxs;Pluck D",2025-07-24,122818,59,true,8jtopaclkzi6fkcxvnzy3t27q,2025-07-25T11:27:05Z,"trap brasileiro,trap,hip hop brasileiro,trap funk","Alee",0.485,0.625,1,-6.455,1,0.0422,0.000635,0.00264,0.289,0.0771,87.652,3
spotify:track:56nFJirPajAoZ5314gjONJ,"COMPASSO","CAOS DLX","Alee;Leviano",2025-07-24,185833,63,true,8jtopaclkzi6fkcxvnzy3t27q,2025-07-25T11:29:37Z,"trap brasileiro,trap,hip hop brasileiro,trap funk","Alee",0.803,0.733,2,-5.568,1,0.233,0.154,0,0.118,0.767,124.056,4
spotify:track:4SPJVTsg3ExcDmCCSHmbEI,"ATRIZ","CAOS DLX","Alee;Qualywav1",2025-07-24,123564,54,true,8jtopaclkzi6fkcxvnzy3t27q,2025-07-25T11:34:17Z,"trap brasileiro,trap,hip hop brasileiro,trap funk","Alee",0.641,0.67,10,-6.292,0,0.281,0.0494,0,0.194,0.806,76.412,3
spotify:track:1FdjZ2MUFy1wj9cULYN1Ux,"DISCOVERY","CAOS DLX","Alee;Filipe Ret",2025-07-24,154751,55,true,8jtopaclkzi6fkcxvnzy3t27q,2025-07-25T11:36:01Z,"trap brasileiro,trap,hip hop brasileiro,trap funk","Alee",0.756,0.698,6,-4.572,0,0.254,0.0328,0,0.249,0.502,100.037,3
spotify:track:7ofEB6lVX7gWvONbKhOXf9,"SÃO PAULO","CAOS DLX","Alee;Klisman;Qualywav1;DougBeats",2025-07-24,161904,54,true,8jtopaclkzi6fkcxvnzy3t27q,2025-07-25T11:46:15Z,"trap brasileiro,trap,hip hop brasileiro,trap funk","Alee",0.693,0.468,7,-5.22,1,0.406,0.152,0,0.119,0.565,126.282,4
spotify:track:5gLmMNEvDcl0Kb1EX8b69m,"LUZ, CAMA E AÇÃO","CAOS DLX","Alee;MC Cabelinho;Qualywav1",2025-07-24,182000,68,true,8jtopaclkzi6fkcxvnzy3t27q,2025-07-25T17:02:11Z,"trap brasileiro,trap,hip hop brasileiro,trap funk,funk consciente","Alee",0.807,0.781,4,-4.337,0,0.0635,0.385,0.00000108,0.141,0.792,120.009,4
spotify:track:31X6ihiAWsNnKRky0R8532,"TUDO DE NOVO","CAOS DLX","Alee;Filipe Ret;Qualywav1",2025-07-24,225391,71,false,8jtopaclkzi6fkcxvnzy3t27q,2025-07-25T17:05:03Z,"trap brasileiro,trap,hip hop brasileiro,trap funk","Alee",0.533,0.47,1,-6.203,1,0.0644,0.18,0,0.117,0.0641,172.534,3
spotify:track:7c2TmvPFi0AG5Vbw21XovM,"They Wanna Have Fun","Metro Boomin Presents: A Futuristic Summa (Hosted by DJ Spinz)","Metro Boomin;Travis Porter;Young Dro;Gucci Mane;DJ Spinz",2025-08-01,224600,55,true,8jtopaclkzi6fkcxvnzy3t27q,2025-08-01T09:40:04Z,"southern hip hop,crunk,rap,trap","Metro Boomin Shared",0.702,0.796,11,-4.023,0,0.11,0.122,0,0.71,0.791,150.027,4
spotify:track:4q2QzhkICCUNDMTFevCu38,"Butterflies (Right Now)","Metro Boomin Presents: A Futuristic Summa (Hosted by DJ Spinz)","Metro Boomin;Roscoe Dash;Quavo;DJ Spinz",2025-08-01,208840,51,true,8jtopaclkzi6fkcxvnzy3t27q,2025-08-01T09:43:51Z,"","Metro Boomin Shared",0.77,0.856,1,-3.478,1,0.0521,0.0536,0,0.0602,0.753,126.993,4
spotify:track:5hW3mVDu4QPCwBZWyQ6w0D,"Loose Screws","Metro Boomin Presents: A Futuristic Summa (Hosted by DJ Spinz)","Metro Boomin;Skooly;Shad Da God;DJ Spinz",2025-08-01,217626,46,true,8jtopaclkzi6fkcxvnzy3t27q,2025-08-01T09:48:59Z,"","Metro Boomin Shared",0.707,0.677,11,-3.917,1,0.191,0.434,0,0.389,0.638,146.719,4
spotify:track:6NHzaBnXWiSPMUiHnps0Lf,"WTF Goin","Metro Boomin Presents: A Futuristic Summa (Hosted by DJ Spinz)","Metro Boomin;Young Dro;DJ Spinz",2025-08-01,207573,41,true,8jtopaclkzi6fkcxvnzy3t27q,2025-08-01T09:56:20Z,"southern hip hop,crunk","Metro Boomin Shared",0.668,0.84,2,-3.495,1,0.229,0.016,0,0.55,0.481,160.025,4
spotify:track:6rnhLzvKeGVaQ10rky7a88,"Issa Party","Metro Boomin Presents: A Futuristic Summa (Hosted by DJ Spinz)","Metro Boomin;Young Dro;Lil Meany;iMcfli;Shad Da God;DJ Spinz",2025-08-01,214986,39,true,8jtopaclkzi6fkcxvnzy3t27q,2025-08-01T10:00:07Z,"southern hip hop,crunk","Metro Boomin Shared",0.643,0.824,7,-4.494,0,0.0337,0.0897,0,0.0955,0.382,142.974,4
spotify:track:6rZhHYL6eDo1lxBkgu09Dc,"Clap","Metro Boomin Presents: A Futuristic Summa (Hosted by DJ Spinz)","Metro Boomin;Waka Flocka Flame;DJ Spinz",2025-08-01,162480,51,true,8jtopaclkzi6fkcxvnzy3t27q,2025-08-01T10:03:59Z,"","Metro Boomin Shared",0.881,0.518,1,-3.568,0,0.192,0.0166,0,0.097,0.665,141.996,4
spotify:track:1LRWlqSEoOQjce9DpiUisr,"Slide","Metro Boomin Presents: A Futuristic Summa (Hosted by DJ Spinz)","Metro Boomin;Roscoe Dash;DJ Spinz",2025-08-01,235613,46,true,8jtopaclkzi6fkcxvnzy3t27q,2025-08-01T10:07:33Z,"","Metro Boomin Shared",0.776,0.833,10,-4.075,0,0.0509,0.0526,0,0.699,0.648,125.021,4
spotify:track:01eSWKxmuj7VZ8JmZorO4o,"Drip BBQ","Metro Boomin Presents: A Futuristic Summa (Hosted by DJ Spinz)","Metro Boomin;J Money;Quavo;Waka Flocka Flame;DJ Spinz",2025-08-01,186053,46,true,8jtopaclkzi6fkcxvnzy3t27q,2025-08-01T10:21:47Z,"","Metro Boomin Shared",0.715,0.747,2,-5.176,1,0.0725,0.00893,0.00000216,0.316,0.202,147.036,4
spotify:track:3znSvEwBq09We4cxxmwlZM,"Chains & Whips","Let God Sort Em Out","Clipse;Kendrick Lamar;Pharrell Williams;Pusha T;Malice",2025-07-11,243906,67,true,8jtopaclkzi6fkcxvnzy3t27q,2025-08-03T01:28:24Z,"hip hop,west coast hip hop","Roc Nation Distribution",0.495,0.759,10,-5.155,0,0.286,0.183,0,0.298,0.6,92.76,4
spotify:track:0mwlZQjUxspUTpAzLwexw7,"P.O.V.","Let God Sort Em Out","Clipse;Tyler, The Creator;Pusha T;Malice",2025-07-11,258030,63,true,8jtopaclkzi6fkcxvnzy3t27q,2025-08-03T01:32:03Z,"","Roc Nation Distribution",0.636,0.574,10,-10.915,0,0.195,0.0532,0,0.123,0.488,156.08,4
spotify:track:0xaQ86cGRgcF8wwP1SkXsb,"So Be It","Let God Sort Em Out","Clipse;Pusha T;Malice",2025-07-11,194866,65,true,8jtopaclkzi6fkcxvnzy3t27q,2025-08-03T01:35:13Z,"","Roc Nation Distribution",0.502,0.681,2,-4.705,1,0.323,0.0581,0,0.312,0.651,85.282,4
spotify:track:1JvQhXD5FxkK2GjHCyFmZa,"Ace Trumpets","Let God Sort Em Out","Clipse;Pusha T;Malice",2025-07-11,154066,60,true,8jtopaclkzi6fkcxvnzy3t27q,2025-08-03T01:35:18Z,"","Roc Nation Distribution",0.782,0.847,11,-3.792,0,0.309,0.0533,0,0.409,0.742,142.161,4
spotify:track:3iXd1ZXMPJYAp37hCr441H,"All Things Considered","Let God Sort Em Out","Clipse;THE-DREAM;Pharrell Williams;Pusha T;Malice",2025-07-11,189266,56,true,8jtopaclkzi6fkcxvnzy3t27q,2025-08-03T01:42:25Z,"r&b","Roc Nation Distribution",0.81,0.786,5,-4.491,0,0.287,0.0766,0.0000929,0.0917,0.658,80.958,4
spotify:track:6vh3knkD2m9behBKvuKePP,"Inglorious Bastards","Let God Sort Em Out","Clipse;Ab Liva;Pusha T;Malice",2025-07-11,153466,55,true,8jtopaclkzi6fkcxvnzy3t27q,2025-08-03T01:51:48Z,"","Roc Nation Distribution",0.74,0.777,1,-4.039,0,0.317,0.0333,0,0.0716,0.622,99.845,4
spotify:track:2x2IOYqWknW8JWr32cg6JX,"Let God Sort Em Out/Chandeliers","Let God Sort Em Out","Clipse;Nas;Pusha T;Malice",2025-07-11,152986,55,true,8jtopaclkzi6fkcxvnzy3t27q,2025-08-03T02:02:54Z,"hip hop old school,east coast hip hop,hip hop","Roc Nation Distribution",0.468,0.905,2,-4.727,1,0.345,0.0132,0,0.0416,0.513,88.575,4
spotify:track:6eGWfTWDI764YbUeI9dswF,"Behold","GDLU (Preluxe)","JID",2025-07-04,155542,46,true,8jtopaclkzi6fkcxvnzy3t27q,2025-08-03T02:11:54Z,"","Dreamville/Interscope Records",0.571,0.569,1,-5.811,1,0.117,0.125,0,0.164,0.0838,146.001,4
spotify:track:7iZhsjCjORUfbm4u9w3Wb6,"Millionaire Row","Too Good To Be True","Rick Ross;Meek Mill;French Montana",2023-11-10,166951,39,true,8jtopaclkzi6fkcxvnzy3t27q,2025-08-03T15:41:04Z,"southern hip hop,rap","Maybach Music Group under exclusive license to gamma.",0.733,0.854,1,-3.826,1,0.0759,0.0148,0.0000257,0.407,0.368,143.014,4
spotify:track:2ZRdQMMKtmPLdYp9aP5cK5,"Hawk Em","Meet The Woo","Pop Smoke",2019-07-26,118800,31,true,8jtopaclkzi6fkcxvnzy3t27q,2025-08-08T10:17:54Z,"drill do brooklyn,drill de nova iorque,drill","Victor Victor Worldwide/Republic Records",0.68,0.607,2,-5.523,1,0.222,0.264,0.0000139,0.354,0.506,141.992,4
spotify:track:5T9aZRhY5uYeovAQtATLyK,"Better Have Your Gun","Meet The Woo","Pop Smoke",2019-07-26,199826,17,true,8jtopaclkzi6fkcxvnzy3t27q,2025-08-08T10:21:58Z,"drill do brooklyn,drill de nova iorque,drill","Victor Victor Worldwide/Republic Records",0.526,0.814,1,-4.951,1,0.409,0.157,0,0.5,0.562,141.514,4
spotify:track:2T1GbU75iGVtOhNUbZuNqk,"Scenario","Meet The Woo","Pop Smoke",2019-07-26,241786,27,true,8jtopaclkzi6fkcxvnzy3t27q,2025-08-08T10:26:24Z,"drill do brooklyn,drill de nova iorque,drill","Victor Victor Worldwide/Republic Records",0.71,0.827,6,-4.338,0,0.329,0.0954,0.00102,0.286,0.555,143.104,4
spotify:track:51HgBYRV0YivvvQMyptpYH,"Feeling","Meet The Woo","Pop Smoke",2019-07-26,161280,14,true,8jtopaclkzi6fkcxvnzy3t27q,2025-08-08T10:31:58Z,"drill do brooklyn,drill de nova iorque,drill","Victor Victor Worldwide/Republic Records",0.674,0.636,7,-6.723,1,0.338,0.41,0,0.153,0.489,71.44,4
spotify:track:24b6djSbUFQtXAdyb3FMbr,"PTSD","Meet The Woo","Pop Smoke",2019-07-26,199826,32,true,8jtopaclkzi6fkcxvnzy3t27q,2025-08-08T10:35:51Z,"drill do brooklyn,drill de nova iorque,drill","Victor Victor Worldwide/Republic Records",0.599,0.622,10,-4.313,0,0.264,0.124,0.00276,0.158,0.199,91.607,4
spotify:track:7AdTyfK7fnvUYbUCGpWqUf,"Foreigner (feat. A Boogie Wit da Hoodie)","Meet The Woo 2","Pop Smoke;A Boogie Wit da Hoodie",2020-02-07,161120,23,true,8jtopaclkzi6fkcxvnzy3t27q,2025-08-08T12:11:50Z,"drill do brooklyn,drill de nova iorque,drill,rap melódico","Victor Victor Worldwide",0.472,0.553,3,-7.917,0,0.344,0.471,0,0.276,0.578,99.874,3
spotify:track:0fv2KH6hac06J86hBUTcSf,"NEW MAGIC WAND","IGOR","Tyler, The Creator",2019-05-17,195327,79,true,8jtopaclkzi6fkcxvnzy3t27q,2025-08-11T10:39:45Z,"","Columbia",0.621,0.73,5,-5.414,0,0.107,0.0967,0.000131,0.673,0.464,139.566,4
spotify:track:0wEC0GNF74lAqrEFZJMl1m,"PUPPET","IGOR","Tyler, The Creator",2019-05-17,179003,69,true,8jtopaclkzi6fkcxvnzy3t27q,2025-08-11T10:39:49Z,"","Columbia",0.508,0.557,8,-8.967,0,0.0478,0.00235,0.0134,0.588,0.199,77.572,4
spotify:track:4f8Mh5wuWHOsfXtzjrJB3t,"I THINK","IGOR","Tyler, The Creator",2019-05-17,212016,73,true,8jtopaclkzi6fkcxvnzy3t27q,2025-08-11T10:39:58Z,"","Columbia",0.826,0.579,8,-8.241,0,0.0801,0.00881,0,0.129,0.431,121.075,4
spotify:track:6bOkaEXc5CopinGazSLokx,"WHAT'S GOOD","IGOR","Tyler, The Creator",2019-05-17,205636,65,true,8jtopaclkzi6fkcxvnzy3t27q,2025-08-11T10:43:51Z,"","Columbia",0.458,0.909,1,-6.553,1,0.487,0.0567,0.00000426,0.11,0.449,118.227,4
spotify:track:5A0M6B0RBSXSNWv0wcppZ9,"I DON'T LOVE YOU ANYMORE","IGOR","Tyler, The Creator",2019-05-17,161200,65,true,8jtopaclkzi6fkcxvnzy3t27q,2025-08-11T10:53:53Z,"","Columbia",0.638,0.522,8,-9.814,1,0.0932,0.352,0.0663,0.165,0.584,142.952,4
spotify:track:7iI9Ra8uBjdu8yA5lXOyiU,"Enemies","KIARI","Offset",2025-08-22,175799,52,true,8jtopaclkzi6fkcxvnzy3t27q,2025-08-22T20:08:07Z,"","Motown Records",0.511,0.537,3,-9.615,0,0.209,0.724,0,0.114,0.0642,122.857,4
spotify:track:2zdcIatMRVWqbYshX4nIR7,"Pills (feat. YoungBoy Never Broke Again)","KIARI","Offset;YoungBoy Never Broke Again",2025-08-22,236617,55,true,8jtopaclkzi6fkcxvnzy3t27q,2025-08-22T20:09:18Z,"","Motown Records",0.738,0.499,2,-9.229,1,0.23,0.0407,0,0.327,0.0914,134.049,4
spotify:track:051LhhJPqduHd3r9EnUmF6,"Professional","KIARI","Offset",2025-08-22,177777,49,true,8jtopaclkzi6fkcxvnzy3t27q,2025-08-22T20:21:24Z,"","Motown Records",0.791,0.379,1,-5.617,1,0.122,0.111,0,0.283,0.114,135.012,4
spotify:track:7jXHMDFD5IP6pOUtC1p3iz,"Bodies (feat. JID)","KIARI","Offset;JID",2025-08-22,178708,67,true,8jtopaclkzi6fkcxvnzy3t27q,2025-08-23T12:50:39Z,"","Motown Records",0.865,0.732,9,-3.878,1,0.202,0.106,0,0.29,0.23,135.002,4
spotify:track:4nb3CQL9GgnNHd9sLqiKZe,"has to be u","has to be u","Leviano;Thiago Sub",2025-07-21,110866,63,true,8jtopaclkzi6fkcxvnzy3t27q,2025-08-23T12:57:45Z,"trap brasileiro,trap,trap funk,hip hop brasileiro","Isekai Records",0.819,0.5,10,-5.843,0,0.159,0.0691,0,0.0917,0.311,140.036,4
spotify:track:3z4ObCLMtPlkRGSd0VmTo5,"THE BOX MEDLEY 9","THE BOX MEDLEY 9","THE BOX;Recayd Mob;Dfideliz;Derek;Jé Santiago;MC Igu;Neckklace",2025-04-10,222000,45,false,8jtopaclkzi6fkcxvnzy3t27q,2025-08-23T12:58:14Z,"trap brasileiro,trap funk,funk,funk consciente,trap,hip hop brasileiro","Sony Music Entertainment",0.858,0.458,9,-6.403,0,0.153,0.126,0,0.111,0.315,140.022,4
spotify:track:3FHx4TFMtV4NdMc3ZJQhvB,"Phl Noturnboy On The Radar Freestyle","Phl Noturnboy On The Radar Freestyle","On The Radar;Phl Notunrboy",2025-04-24,172453,55,false,8jtopaclkzi6fkcxvnzy3t27q,2025-08-23T13:00:32Z,"drill sexy,trap brasileiro,trap","OTR Worldwide Entertainment Inc. in Exclusive Partnership with Olympus Projects",0.793,0.708,5,-5.375,0,0.0794,0.0193,0.0000051,0.1,0.299,134.968,4
spotify:track:0vrUXMImjUJ511YAJrVo3d,"BKB","FNB>BKB","Japa;Ryu, The Runner;6ee;Hobb The Goat;Lucchini",2024-09-26,178000,53,true,8jtopaclkzi6fkcxvnzy3t27q,2025-08-23T13:01:31Z,"trap brasileiro,trap,hip hop brasileiro,trap funk","369 Records",0.708,0.665,1,-5.469,1,0.0792,0.0146,0,0.157,0.39,119.938,4
spotify:track:0HC4vNSHdqrpkRe3xJFe3y,"LPT Zlatan On The Radar Freestyle","LPT Zlatan On The Radar Freestyle","On The Radar;LPT Zlatan;Wall Hein",2025-06-13,134896,54,false,8jtopaclkzi6fkcxvnzy3t27q,2025-08-23T13:02:49Z,"drill sexy,trap brasileiro,trap,trap funk,hip hop brasileiro","OTR World Entertainment Inc. in Exclusive Partnership with Olympus Projects",0.546,0.735,1,-5.444,1,0.204,0.0646,0,0.315,0.575,144.776,4
spotify:track:2s7vtyL03FsuzbR2CXWIsc,"To de Volta","Nunca Foi Sorte","LPT Zlatan;Bradockdan;GDM;Wall Hein",2024-10-18,139285,57,true,8jtopaclkzi6fkcxvnzy3t27q,2025-08-23T13:03:38Z,"trap brasileiro,trap,boom bap,trap funk,hip hop brasileiro","Goma do Mago Records",0.795,0.804,11,-6.293,0,0.189,0.222,0.0000077,0.102,0.624,153.947,4
spotify:track:67F3p7lu1yTKKKz03EjFqO,"SUMO","CAOS DLX","Alee;Neckklace;NovaChance",2025-07-24,127167,56,true,8jtopaclkzi6fkcxvnzy3t27q,2025-08-23T13:04:28Z,"trap brasileiro,trap,hip hop brasileiro,trap funk","Alee",0.823,0.648,2,-8.192,1,0.121,0.143,0.000304,0.108,0.552,116.956,4
spotify:track:45XaKLZAemjhKkhXoUocfj,"tchelo rodrigues On The Radar Freestyle","tchelo rodrigues On The Radar Freestyle","On The Radar;Tchelo;Ecologyk",2025-05-01,137622,33,false,8jtopaclkzi6fkcxvnzy3t27q,2025-08-23T13:10:51Z,"drill sexy,trap brasileiro,trap,trap funk,hip hop brasileiro","OTR Worldwide Entertainment Inc. in Exclusive Partnership with Olympus Projects",0.796,0.569,1,-9.083,1,0.236,0.0136,0,0.097,0.0635,143.135,4
spotify:track:73EKQrgYNVwOaKdwh5a1PV,"Run It Up (feat. Key Glock)","KIARI","Offset;Key Glock",2025-08-22,194571,67,true,8jtopaclkzi6fkcxvnzy3t27q,2025-08-23T17:51:11Z,"","Motown Records",0.802,0.831,1,-5.273,1,0.226,0.0337,0,0.325,0.866,130.01,4
spotify:track:2l7rJCBTJ8mNM2MC1BTUGo,"Nossa Vitória","Escolhas e Reflexos","Dudu;Raflow;Tibery;Stuani;Iuri Rio Branco",2024-11-07,174000,32,false,8jtopaclkzi6fkcxvnzy3t27q,2025-08-25T14:22:57Z,"trap brasileiro,hip hop brasileiro,trap,trap funk,boom bap","Som Livre",0.535,0.501,8,-9.833,0,0.373,0.212,0,0.103,0.549,87.668,4
spotify:track:7xhVjkSJv1XRaKLNqRKTdy,"Enquanto Ela Quiser","Escolhas e Reflexos","Dudu;Moyz;Iuri Rio Branco",2024-11-07,142070,27,true,8jtopaclkzi6fkcxvnzy3t27q,2025-08-25T14:25:05Z,"trap brasileiro,hip hop brasileiro,trap,boom bap","Som Livre",0.75,0.247,2,-19.244,1,0.265,0.112,0,0.126,0.142,125.118,4
spotify:track:21eQ8ZJF6hYKyUUKZxOGa0,"Monstro 2","Escolhas e Reflexos","Dudu;MATHINVOKER;H4lfmeasures;Iuri Rio Branco",2024-11-07,181994,29,false,8jtopaclkzi6fkcxvnzy3t27q,2025-08-25T14:37:18Z,"trap brasileiro,hip hop brasileiro,trap,trap funk,boom bap","Som Livre",0.423,0.602,4,-6.858,0,0.0569,0.198,0,0.188,0.133,83.857,4
spotify:track:3DEuMLdzZ7ey2pu3x1NrY2,"OG","Escolhas e Reflexos","Dudu;KK2K;Iuri Rio Branco",2024-11-07,201028,28,false,8jtopaclkzi6fkcxvnzy3t27q,2025-08-25T14:46:19Z,"trap brasileiro,hip hop brasileiro,trap,boom bap","Som Livre",0.666,0.345,1,-21.318,0,0.206,0.433,0,0.069,0.797,79.958,4
spotify:track:2cN9S9gCFKicJUVoEwHGgi,"Back In That Mode (feat. YFN Lucci)","KIARI","Offset;YFN Lucci",2025-08-22,216498,57,true,8jtopaclkzi6fkcxvnzy3t27q,2025-08-27T13:30:12Z,"","Motown Records",0.813,0.574,3,-7.96,0,0.134,0.198,0.00000263,0.108,0.567,129.998,4
spotify:track:5cmtJa1p1s64KW6ULRT477,"Set It Off","KIARI","Offset",2025-08-22,100397,49,true,8jtopaclkzi6fkcxvnzy3t27q,2025-08-27T13:47:07Z,"","Motown Records",0.707,0.73,1,-6.076,1,0.0395,0.0222,0,0.168,0.208,135.029,4
spotify:track:4P0I2l6alNAAfnVFQZiJ3M,"All Of My Hoes","KIARI","Offset",2025-08-22,167427,43,true,8jtopaclkzi6fkcxvnzy3t27q,2025-08-27T13:55:29Z,"","Motown Records",0.662,0.605,11,-4.706,1,0.133,0.25,0,0.122,0.525,160.002,4
spotify:track:56zevNb53xLMwZGRWfGfSi,"Checkmate (Smooth)","KIARI","Offset",2025-08-22,192184,61,true,8jtopaclkzi6fkcxvnzy3t27q,2025-08-27T13:55:34Z,"","Motown Records",0.686,0.756,1,-3.938,0,0.045,0.0206,0,0.117,0.188,124.925,4
spotify:track:5oZewj6mduf6jtHgSLLJuo,"Prada Myself (feat. Teezo Touchdown)","KIARI","Offset;Teezo Touchdown",2025-08-22,183100,47,true,8jtopaclkzi6fkcxvnzy3t27q,2025-08-27T14:03:35Z,"","Motown Records",0.751,0.829,5,-5.612,0,0.0624,0.104,0.00189,0.21,0.217,105.001,4
spotify:track:0DxPhn3YbUAvY1P3ygkq9u,"Favorite Girl (feat. Ty Dolla $ign)","KIARI","Offset;Ty Dolla $ign",2025-08-22,161123,46,true,8jtopaclkzi6fkcxvnzy3t27q,2025-08-27T14:08:55Z,"trap soul","Motown Records",0.906,0.586,8,-9.126,1,0.0629,0.0411,0.000171,0.144,0.306,101.491,4
spotify:track:3iNtJrNdF61q9syhQ2935n,"Salad Caesar","Para nunca nos tornarmos estranhos","Sotam;Rob;Diego Rocca",2024-10-10,91034,42,false,8jtopaclkzi6fkcxvnzy3t27q,2025-08-27T14:18:53Z,"boom bap,trap brasileiro","KZN Records",0.371,0.25,8,-13.176,0,0.0752,0.0961,0,0.0808,0.378,114.439,3
spotify:track:2NyvpOe02hCmLMEzj2d38N,"Umas e Outras","Para nunca nos tornarmos estranhos","Sotam;Rob;Leonok",2024-10-10,130909,47,true,8jtopaclkzi6fkcxvnzy3t27q,2025-08-27T14:21:07Z,"boom bap,trap brasileiro","KZN Records",0.747,0.465,0,-10.95,1,0.399,0.439,0.000157,0.366,0.829,109.924,4
spotify:track:5zygPgCgLZJlfXF32XjQLZ,"Nuvem","Para nunca nos tornarmos estranhos","Sotam;Rob;Vertigo",2024-10-10,130500,46,true,8jtopaclkzi6fkcxvnzy3t27q,2025-08-27T14:22:18Z,"boom bap,trap brasileiro","KZN Records",0.654,0.293,4,-14.749,1,0.55,0.553,0,0.16,0.654,114.902,4
spotify:track:5TkXMKkX8bcFuc3lB26dMG,"Devolve Meu Sono","Para nunca nos tornarmos estranhos","Sotam;Rob;Leonok",2024-10-10,142037,50,true,8jtopaclkzi6fkcxvnzy3t27q,2025-08-27T14:25:46Z,"boom bap,trap brasileiro","KZN Records",0.851,0.482,10,-6.292,0,0.13,0.575,0,0.2,0.71,130.005,4
spotify:track:5dDAbH9JggBA9IO5nSie9K,"amor eu nunca vi","Nos Tornamos Estranhos","Sotam;Rob;Leonok",2025-06-25,95406,48,true,8jtopaclkzi6fkcxvnzy3t27q,2025-08-27T14:32:41Z,"boom bap,trap brasileiro","KZN Records",0.83,0.398,6,-8.28,0,0.359,0.56,0,0.113,0.67,121.948,4
spotify:track:5AENWVhhcLH7NtaLb3llNj,"sintomas de saudade","Nos Tornamos Estranhos","Sotam;Rob;Elana Dara;Cryzin",2025-06-25,93007,55,true,8jtopaclkzi6fkcxvnzy3t27q,2025-08-27T14:35:06Z,"boom bap,trap brasileiro,pop nacional","KZN Records",0.742,0.302,0,-12.414,1,0.432,0.509,0.00000164,0.239,0.447,84.024,4
spotify:track:03xVLNtoh25hE6Bfi8KtPO,"sobre você","Nos Tornamos Estranhos","Sotam;Rob;JOK3R;Carla Sol",2025-06-25,124500,49,true,8jtopaclkzi6fkcxvnzy3t27q,2025-08-27T14:37:39Z,"boom bap,trap brasileiro","KZN Records",0.634,0.594,4,-8.479,0,0.37,0.487,0,0.25,0.61,139.338,4
spotify:track:1HcSuElT3SQf85nju1yOih,"tóxico freestyle","Nos Tornamos Estranhos","Sotam;Rob;Vertigo;NandaTsunami",2025-06-25,119111,46,true,8jtopaclkzi6fkcxvnzy3t27q,2025-08-27T14:41:37Z,"boom bap,trap brasileiro","KZN Records",0.712,0.516,4,-12.253,0,0.322,0.918,0.03,0.178,0.289,134.978,4
spotify:track:3QOZzMwbyCNVaDgUXdvu8Y,"Bodies (BNYX® Mix) [feat. JID, Drowning Pool & BNYX®)","KIARI:OFFSET","Offset;JID;Drowning Pool;BNYX®",2025-08-29,193134,51,true,8jtopaclkzi6fkcxvnzy3t27q,2025-08-31T22:42:53Z,"nu metal,metal alternativo,rap metal,metal,rage rap","Motown Records",0.714,0.91,9,-3.056,1,0.102,0.0301,0.0000145,0.266,0.553,134.988,4
spotify:track:16uOW33yVD0XGTsPtRDLpo,"How Did We Get Here? (feat. CeeLo Green)","KIARI:OFFSET","Offset;CeeLo Green",2025-08-29,222313,31,true,8jtopaclkzi6fkcxvnzy3t27q,2025-09-01T12:09:18Z,"","Motown Records",0.688,0.789,7,-6.445,0,0.036,0.034,0,0.232,0.0781,134.039,4
spotify:track:5wTjFs7JDLNpzmEAKmI9G2,"Swing My Way","KIARI:OFFSET","Offset",2025-08-29,179933,52,true,8jtopaclkzi6fkcxvnzy3t27q,2025-09-01T12:11:06Z,"","Motown Records",0.835,0.563,2,-6.061,1,0.0639,0.057,0,0.108,0.36,139.047,4
spotify:track:35wau9leYsDWBTW4A0ISyL,"Black Anime","Masego","Masego",2023-03-03,260669,48,false,8jtopaclkzi6fkcxvnzy3t27q,2025-09-01T12:16:39Z,"","EQT Recordings/Capitol Records",0.803,0.473,8,-8.845,0,0.0494,0.0945,0.0000226,0.703,0.525,121.979,4
spotify:track:526fD9LiAEi3KKvhhYfWmm,"What You Wanna Try","Masego","Masego",2023-03-03,159242,69,false,8jtopaclkzi6fkcxvnzy3t27q,2025-09-01T12:40:52Z,"","EQT Recordings/Capitol Records",0.842,0.603,2,-5.392,1,0.0993,0.0671,0.0000791,0.0869,0.507,99.035,4
spotify:track:1rLTDj06u2cTO5wfN4SaMZ,"Down In The Dumps","Masego","Masego",2023-03-03,170958,48,false,8jtopaclkzi6fkcxvnzy3t27q,2025-09-01T13:24:31Z,"","EQT Recordings/Capitol Records",0.729,0.587,4,-5.745,0,0.302,0.107,0,0.196,0.446,145.956,4
spotify:track:3sEeuMg5KfKGaifEts0Gcp,"Afraid of Water","Masego","Masego",2023-03-03,168000,48,false,8jtopaclkzi6fkcxvnzy3t27q,2025-09-02T10:15:58Z,"","EQT Recordings/Capitol Records",0.836,0.538,9,-6.433,0,0.114,0.214,0.000121,0.101,0.407,120.016,4
spotify:track:3aoS34PhRtlFX1olut50vY,"Remembering Sundays","Masego","Masego",2023-03-03,206162,40,false,8jtopaclkzi6fkcxvnzy3t27q,2025-09-02T10:22:57Z,"","EQT Recordings/Capitol Records",0.428,0.435,8,-8.839,0,0.062,0.707,0.00272,0.185,0.205,149.157,4
spotify:track:7BZMvAxfLVnhM2W2Hy7LfM,"Who Cares Anyway","Masego","Masego",2023-03-03,173114,50,false,8jtopaclkzi6fkcxvnzy3t27q,2025-09-02T10:31:48Z,"","EQT Recordings/Capitol Records",0.827,0.488,1,-8.966,1,0.163,0.236,0.0000517,0.19,0.452,110.969,4
spotify:track:4KE5ybnbzL6ErCNAudYZhf,"Bye Bye My Love","Masego","Masego",2023-03-03,178816,43,false,8jtopaclkzi6fkcxvnzy3t27q,2025-09-02T10:33:05Z,"","EQT Recordings/Capitol Records",0.712,0.544,1,-6.416,0,0.0609,0.166,0.000498,0.181,0.408,105.075,4
spotify:track:3lu6L8Yo0FsFjbfOhG9HFz,"Two Sides (I'm So Gemini)","Masego","Masego",2023-03-03,158670,45,false,8jtopaclkzi6fkcxvnzy3t27q,2025-09-02T10:52:49Z,"","EQT Recordings/Capitol Records",0.592,0.487,1,-10.237,1,0.338,0.524,0.00000493,0.259,0.668,159.925,4
spotify:track:1sHH9kE77X54j78gpBSe7E,"You Never Visit Me","Masego","Masego",2023-03-03,254708,47,false,8jtopaclkzi6fkcxvnzy3t27q,2025-09-02T10:52:53Z,"","EQT Recordings/Capitol Records",0.709,0.54,0,-6.18,1,0.374,0.635,0.0000043,0.547,0.682,80.237,4
spotify:track:4FZdyC2A1yIdf6j3wXIdIf,"In Style","Masego","Masego",2023-03-03,161666,43,false,8jtopaclkzi6fkcxvnzy3t27q,2025-09-02T10:52:57Z,"","EQT Recordings/Capitol Records",0.778,0.717,3,-5.729,0,0.0804,0.407,0.0162,0.86,0.577,144.231,4
spotify:track:52NFgCjGw7oZKIBABYKLPG,"Meu Lugar","Sambista Perfeito","Arlindo Cruz",2007-10-22,292906,64,false,8jtopaclkzi6fkcxvnzy3t27q,2025-09-03T00:45:46Z,"samba,pagode,mpb","Deckdisc",0.605,0.542,0,-7.849,1,0.038,0.68,0,0.141,0.633,147.955,4
spotify:track:58Icfr2EF1pGh0gkxk7KeS,"Amor Com Certeza","Sambista Perfeito","Arlindo Cruz",2007-10-22,241826,39,false,8jtopaclkzi6fkcxvnzy3t27q,2025-09-03T00:48:49Z,"samba,pagode,mpb","Deckdisc",0.61,0.466,9,-9.569,1,0.093,0.617,0,0.0964,0.682,163.114,4
spotify:track:5gZP6CS1CvDK9xGShd1fDv,"Se Eu Encontrar Com Ela","Sambista Perfeito","Arlindo Cruz;Zeca Pagodinho",2007-10-22,223093,34,false,8jtopaclkzi6fkcxvnzy3t27q,2025-09-03T00:49:04Z,"samba,pagode,mpb","Deckdisc",0.721,0.636,0,-9.16,0,0.0557,0.722,0,0.102,0.816,112.045,4
spotify:track:1HInYWLAypJkiyUbmaJE4E,"Sambista Perfeito","Sambista Perfeito","Arlindo Cruz",2007-10-22,226813,43,false,8jtopaclkzi6fkcxvnzy3t27q,2025-09-03T00:49:04Z,"samba,pagode,mpb","Deckdisc",0.679,0.498,2,-9.047,1,0.189,0.656,0,0.0939,0.849,95.981,4
spotify:track:2WigL48JkxUx0XUTDw5jao,"O Que É o Amor","Sambista Perfeito","Arlindo Cruz;Maria Rita",2007-10-22,212453,59,false,8jtopaclkzi6fkcxvnzy3t27q,2025-09-03T00:49:04Z,"samba,pagode,mpb,nova mpb","Deckdisc",0.59,0.539,9,-8.337,0,0.0332,0.756,0,0.105,0.631,82.02,4
spotify:track:252LEr6MqxUt6GoOg62BvA,"Quem Gosta de Mim","Sambista Perfeito","Arlindo Cruz",2007-10-22,259413,35,false,8jtopaclkzi6fkcxvnzy3t27q,2025-09-03T00:49:04Z,"samba,pagode,mpb","Deckdisc",0.586,0.528,9,-9.386,1,0.0715,0.731,0,0.0818,0.69,88.516,4
spotify:track:4eY74zlvOtochKydCrf8u8,"A Rosa - Flor Que Não Se Cheira","Sambista Perfeito","Arlindo Cruz",2007-10-22,273440,31,false,8jtopaclkzi6fkcxvnzy3t27q,2025-09-03T00:49:04Z,"samba,pagode,mpb","Deckdisc",0.725,0.661,5,-8.269,1,0.164,0.73,0,0.261,0.798,109.092,4
spotify:track:0rI9pBj3tjDsVZQaSyTZtT,"Nos Braços da Batucada","Sambista Perfeito","Arlindo Cruz",2007-10-22,222480,54,false,8jtopaclkzi6fkcxvnzy3t27q,2025-09-03T00:49:04Z,"samba,pagode,mpb","Deckdisc",0.612,0.603,0,-9.559,1,0.0786,0.437,0,0.111,0.625,166.016,4
spotify:track:3btmIKeIlo8mZuUQcEbEFv,"O Amor","Sambista Perfeito","Arlindo Cruz",2007-10-22,219333,37,false,8jtopaclkzi6fkcxvnzy3t27q,2025-09-03T00:49:04Z,"samba,pagode,mpb","Deckdisc",0.704,0.486,11,-11.917,0,0.0417,0.718,0.00000136,0.109,0.608,141.892,4
spotify:track:21NoVuah1KuFbWTefnU1tP,"O Brasil É Isso Aí","Sambista Perfeito","Arlindo Cruz;Marcelo D2",2007-10-22,282266,36,false,8jtopaclkzi6fkcxvnzy3t27q,2025-09-03T00:49:04Z,"samba,pagode,mpb,hip hop brasileiro,rock brasileiro","Deckdisc",0.65,0.602,8,-8.669,1,0.0467,0.453,0,0.126,0.702,101.99,4
spotify:track:2zSumJajA9987tHLSVW08Q,"Minha Porta-Bandeira","Sambista Perfeito","Arlindo Cruz",2007-10-22,251226,31,false,8jtopaclkzi6fkcxvnzy3t27q,2025-09-03T00:49:04Z,"samba,pagode,mpb","Deckdisc",0.607,0.634,5,-10.094,1,0.0524,0.618,0,0.125,0.724,88.903,4
spotify:track:0hJHdR3fmbJscFzSVMalUw,"Pára de Paradinha","Sambista Perfeito","Arlindo Cruz",2007-10-22,236480,29,false,8jtopaclkzi6fkcxvnzy3t27q,2025-09-03T00:49:04Z,"samba,pagode,mpb","Deckdisc",0.724,0.553,0,-8.578,1,0.108,0.634,0,0.124,0.772,104.074,4
spotify:track:2pP1RKfKr3hI6sbeeZrZHX,"Sujeito Enjoado","Sambista Perfeito","Arlindo Cruz;Xande de Pilares",2007-10-22,235613,28,false,8jtopaclkzi6fkcxvnzy3t27q,2025-09-03T00:49:04Z,"samba,pagode,mpb","Deckdisc",0.588,0.654,5,-8.501,1,0.313,0.711,0,0.082,0.882,205.731,4
spotify:track:4KuM101Ydt6USFCwxxYB6r,"Entra No Clima","Sambista Perfeito","Arlindo Cruz",2007-10-22,247066,28,false,8jtopaclkzi6fkcxvnzy3t27q,2025-09-03T00:49:04Z,"samba,pagode,mpb","Deckdisc",0.71,0.656,2,-8.377,1,0.106,0.651,0,0.451,0.902,106.052,4
spotify:track:5jgEw0GyMw6kkZJxcLkM9t,"O Que É o Amor - Faixa Bônus","Sambista Perfeito","Arlindo Cruz",2007-10-22,214306,50,false,8jtopaclkzi6fkcxvnzy3t27q,2025-09-03T00:49:04Z,"samba,pagode,mpb","Deckdisc",0.421,0.538,9,-8.967,0,0.0458,0.771,0,0.119,0.627,80.833,4
spotify:track:71NNPV1TSGhdoQ7ebGY8py,"MAKE THE ANGELS CRY","THE CASTLE NEVER FALLS","Chris Grey",2024-10-18,142250,64,false,8jtopaclkzi6fkcxvnzy3t27q,2025-09-08T12:53:38Z,"dark r&b","Chris Grey",0.275,0.333,2,-8.005,0,0.0323,0.658,0,0.102,0.172,75.921,4
spotify:track:2lJFv2tSELAN1IrLl1zu7y,"MAKEUP","MAKEUP","Chris Grey",2023-09-29,183500,56,false,8jtopaclkzi6fkcxvnzy3t27q,2025-09-08T13:13:18Z,"dark r&b","Light After Dark",0.329,0.572,1,-7.657,0,0.0426,0.153,0,0.275,0.184,63.442,4
spotify:track:010ZkIVv6Ay5vqqHVCCiKB,"Fill The Void (with Lily Rose Depp, Ramsey)","The Idol Episode 4 (Music from the HBO Original Series)","The Weeknd;Lily-Rose Depp;Ramsey",2023-06-23,185751,72,false,8jtopaclkzi6fkcxvnzy3t27q,2025-09-08T14:09:09Z,"","XO / Republic Records",0.251,0.387,5,-9.102,0,0.043,0.287,0.000238,0.16,0.0767,151.483,4
spotify:track:0lOQaZwX9AkAiSvObh4G70,"All to Myself","WE STILL DON'T TRUST YOU","Future;Metro Boomin;The Weeknd",2024-04-12,254320,71,true,8jtopaclkzi6fkcxvnzy3t27q,2025-09-15T10:29:05Z,"rap","Wilburn Holding Co./Boominati/Epic/Republic",0.734,0.539,4,-7.244,0,0.0429,0.0623,0.0000154,0.309,0.18,117.98,4
spotify:track:6cViXqp01e3FrAaseuiSAV,"False Idols (with Lil Baby, Suzanna Son)","The Idol Episode 5 Part 1 (Music from the HBO Original Series)","The Weeknd;Lil Baby;Suzanna Son",2023-06-30,262229,64,true,8jtopaclkzi6fkcxvnzy3t27q,2025-09-15T10:32:31Z,"","XO / Republic Records",0.679,0.589,9,-4.96,0,0.035,0.209,0,0.0998,0.105,119.996,4
spotify:track:7sVbKoBdhXtYCEOO6qC1SN,"We Still Don't Trust You","WE STILL DON'T TRUST YOU","Future;Metro Boomin;The Weeknd",2024-04-12,252920,74,true,8jtopaclkzi6fkcxvnzy3t27q,2025-09-15T10:33:01Z,"rap","Wilburn Holding Co./Boominati/Epic/Republic",0.717,0.586,0,-6.15,0,0.0273,0.0314,0.26,0.426,0.429,109.993,4
spotify:track:6Y46tOTRhkBamosyuWa6YX,"LA FAMA","MOTOMAMI","ROSALÍA;The Weeknd",2022-03-18,188121,78,false,8jtopaclkzi6fkcxvnzy3t27q,2025-09-15T10:41:31Z,"latino","Columbia",0.766,0.295,0,-7.893,0,0.0464,0.947,0.0000444,0.119,0.805,136.016,4
spotify:track:5RS01GHn3k27FF8JSzhr4Q,"Sport","SWAGBOY","Phl Notunrboy;Tuti;NovaChance",2025-07-19,178295,41,true,8jtopaclkzi6fkcxvnzy3t27q,2025-09-16T15:02:48Z,"trap brasileiro,trap","RealBlockkstar",0.678,0.623,9,-4.506,1,0.0304,0.00724,0.00211,0.332,0.187,140.018,4
spotify:track:7z2HNGwOffnoQyxSoeHd3v,"WIZ","SWAGBOY","Phl Notunrboy;Hobb The Goat;Pluck D",2025-07-19,164571,41,true,8jtopaclkzi6fkcxvnzy3t27q,2025-09-16T15:20:55Z,"trap brasileiro,trap","RealBlockkstar",0.762,0.557,2,-5.058,0,0.108,0.0589,0,0.0912,0.195,140.044,4
spotify:track:4fVXcxsXPW5lhy5ut9biHB,"Lose Control","Bittersweet","Amaria",2021-08-18,181831,42,false,8jtopaclkzi6fkcxvnzy3t27q,2025-09-17T14:13:17Z,"r&b alternativo,neo soul","Fashionably Early Records LLC",0.782,0.385,0,-8.325,1,0.0544,0.424,0.0000233,0.0993,0.644,129.072,4
spotify:track:36am3PRNDAVfIdv5VDihc1,"Think About It","Bittersweet","Amaria",2021-08-18,206980,19,false,8jtopaclkzi6fkcxvnzy3t27q,2025-09-17T14:14:29Z,"r&b alternativo,neo soul","Fashionably Early Records LLC",0.691,0.535,5,-9.121,0,0.0519,0.475,0.00361,0.589,0.547,107.144,4
spotify:track:5XxBFxgsnLJntR9GjlJp3A,"Got Me Like","Bittersweet","Amaria;Mick Jenkins",2021-08-18,187058,16,true,8jtopaclkzi6fkcxvnzy3t27q,2025-09-17T14:19:41Z,"r&b alternativo,neo soul,jazz rap","Fashionably Early Records LLC",0.615,0.461,2,-7.656,1,0.0457,0.278,0.45,0.0977,0.316,67.997,4
spotify:track:77FQf4Hf3BOCV6YhJbg9ue,"Work","Bittersweet","Amaria",2021-08-18,109319,21,false,8jtopaclkzi6fkcxvnzy3t27q,2026-03-01T04:50:35Z,"r&b alternativo,neo soul","Fashionably Early Records LLC",0.464,0.428,7,-8.906,0,0.247,0.626,0.000653,0.108,0.409,92.11,5
spotify:track:4SavKPaSJNK36BytuIFxma,"Running Away","Bittersweet","Amaria",2021-08-18,243797,21,false,8jtopaclkzi6fkcxvnzy3t27q,2025-09-17T15:06:06Z,"r&b alternativo,neo soul","Fashionably Early Records LLC",0.658,0.417,10,-8.117,0,0.0505,0.515,0.00159,0.106,0.286,78.98,4
spotify:track:5CaoBRRlXiRJpO3TIgXhJ3,"Roses","Bittersweet","Amaria",2021-08-18,199870,18,false,8jtopaclkzi6fkcxvnzy3t27q,2025-09-17T15:12:18Z,"r&b alternativo,neo soul","Fashionably Early Records LLC",0.56,0.62,11,-10.167,0,0.0663,0.778,0.0157,0.137,0.607,72.45,4
spotify:track:5kWQHvhUJVkaLI9XPbUmr1,"Rosas e Armas","SWAGBOY","Phl Notunrboy;FrostyBoy",2025-07-19,188633,41,true,8jtopaclkzi6fkcxvnzy3t27q,2025-09-19T14:19:58Z,"trap brasileiro,trap","RealBlockkstar",0.611,0.663,9,-5.248,1,0.0566,0.0343,0,0.131,0.29,123.578,4
spotify:track:1retTZMFaBOiykIeDXOeF2,"Alone","Armadilha Brasileira, Vol. 2","LX;rafaxci",2025-06-06,143490,35,true,8jtopaclkzi6fkcxvnzy3t27q,2025-09-22T15:38:12Z,"trap brasileiro","LX",0.64,0.634,6,-8.419,1,0.116,0.0602,0.00142,0.252,0.584,144.1,4
spotify:track:0E4yWPPH5y07gwp6GqDgBD,"Cativeiro","Armadilha Brasileira, Vol. 2","LX;Dudu;Ecologyk",2025-06-06,129341,39,true,8jtopaclkzi6fkcxvnzy3t27q,2025-09-22T15:44:47Z,"trap brasileiro,hip hop brasileiro,trap","LX",0.73,0.581,4,-8.422,0,0.229,0.0631,0.000517,0.213,0.262,167.035,4
spotify:track:23SO6NRPpjhoYCX9eqMwEW,"Lado Oculto","Armadilha Brasileira, Vol. 2","LX;Vix Russel;Luizinhx",2025-06-06,178144,25,true,8jtopaclkzi6fkcxvnzy3t27q,2025-09-22T15:50:56Z,"trap brasileiro,hip hop brasileiro,boom bap","LX",0.812,0.621,4,-9.66,0,0.324,0.457,0,0.102,0.823,96.908,4
spotify:track:65G21HvixCT81oKT04ux69,"Superstar","Armadilha Brasileira, Vol. 2","LX;Raffa Moreira;Pluck D",2025-06-06,176640,40,true,8jtopaclkzi6fkcxvnzy3t27q,2025-09-22T15:54:43Z,"trap brasileiro,hip hop brasileiro,trap","LX",0.789,0.518,0,-7.837,0,0.211,0.453,0,0.15,0.344,125.033,4
spotify:track:4Y1MQdRMo2bfBqUVMJdqRs,"Perkys","Armadilha Brasileira, Vol. 2","LX;Celo1st",2025-06-06,140571,25,true,8jtopaclkzi6fkcxvnzy3t27q,2025-09-22T16:01:41Z,"trap brasileiro,trap","LX",0.856,0.496,3,-6.034,0,0.278,0.0309,0,0.111,0.618,140.064,4
spotify:track:0KtLlWfGH1VnCkcfRN39U6,"Get Fuck out","Armadilha Brasileira, Vol. 2","LX;Jé;Cloudsnobeat",2025-06-06,150220,24,true,8jtopaclkzi6fkcxvnzy3t27q,2025-09-22T16:21:23Z,"trap brasileiro,trap,hip hop brasileiro","LX",0.736,0.667,4,-9.723,0,0.277,0.077,0,0.112,0.661,104.942,4
spotify:track:4qjOmcjUCyIXNAqGUgOrO9,"PACE DE MALANDRO","PACE DE MALANDRO","Fleezus;CESRV;El Lif Beatz",2025-09-10,167728,14,true,8jtopaclkzi6fkcxvnzy3t27q,2025-09-25T00:34:33Z,"grime,hip hop brasileiro,boom bap,trap brasileiro","Beatwise Recordings / EMPIRE",0.905,0.495,9,-8.27,1,0.503,0.00679,0.0000172,0.0975,0.508,143.993,4
spotify:track:36M8gvRU5RxJQhClG2g0pD,"Traumas de um Negro do Bairro","SWAGBOY","Phl Notunrboy;Neckklace;C4rlinhxs;vvallace",2025-07-19,201529,44,false,8jtopaclkzi6fkcxvnzy3t27q,2025-09-30T16:08:29Z,"trap brasileiro,trap","RealBlockkstar",0.848,0.707,11,-4.93,1,0.136,0.0774,0.000191,0.336,0.553,116.991,4
spotify:track:0LmKucquAPmc2b6hleg8k3,"CAFAJE$TE - Spotify Singles","CAFAJE$TE - Spotify Singles","Jotapê;Papatinho",2025-09-11,153253,43,false,8jtopaclkzi6fkcxvnzy3t27q,2025-09-30T22:07:17Z,"hip hop brasileiro,boom bap,trap brasileiro","Original Quality e Papatunes Records",0.681,0.557,2,-6.889,1,0.237,0.137,0,0.179,0.459,165.968,4
spotify:track:6PDNMJ0X2e35RJqEsHbycF,"Promessa","Aruanda","Senndy;Salve Crazy;6ee",2025-06-27,167225,34,false,8jtopaclkzi6fkcxvnzy3t27q,2025-09-30T22:07:30Z,"trap brasileiro,trap,trap funk","SLVC",0.677,0.851,5,-4.501,0,0.127,0.501,0,0.559,0.544,155.018,4
spotify:track:1i7GMOnmkpYiQc7ULayXhq,"Sorrisos & Choros","Sorrisos & Choros","Dudu;Jotapê;Ecologyk",2024-05-09,157664,40,false,8jtopaclkzi6fkcxvnzy3t27q,2025-10-01T00:55:33Z,"trap brasileiro,hip hop brasileiro,trap,boom bap","Som Livre",0.689,0.546,9,-9.894,1,0.354,0.179,0,0.0683,0.426,102.807,3
spotify:track:2vR8EleRgGAX2dXIj8Le5v,"Dores de um astro","Dores de um astro","Lil Chainz;ZackZin;Thiago Sub",2025-09-25,154283,39,false,8jtopaclkzi6fkcxvnzy3t27q,2025-10-01T01:05:38Z,"trap brasileiro,boom bap","Sony Music Entertainment",0.694,0.372,8,-11.536,1,0.652,0.275,0,0.14,0.506,139.698,4
spotify:track:17eveDFabIRnw5o04pO7fg,"Não temas","Dores de um astro","Lil Chainz;ZackZin",2025-09-25,168000,38,false,8jtopaclkzi6fkcxvnzy3t27q,2025-10-01T01:10:29Z,"trap brasileiro,boom bap","Sony Music Entertainment",0.827,0.433,1,-8.578,1,0.447,0.00592,0,0.161,0.341,149.932,4
spotify:track:70le4oOEZTYBlGmwAL8otL,"Red flags de uma garota","Dores de um astro","Lil Chainz;ZackZin",2025-09-25,179735,51,false,8jtopaclkzi6fkcxvnzy3t27q,2025-10-01T01:11:47Z,"trap brasileiro,boom bap","Sony Music Entertainment",0.788,0.427,8,-10.883,1,0.649,0.021,0,0.283,0.673,119.81,3
spotify:track:0NOil9EPYjCgdSlJIccAzS,"Odeio finais","Dores de um astro","Lil Chainz;ZackZin",2025-09-25,102595,44,false,8jtopaclkzi6fkcxvnzy3t27q,2025-10-01T01:14:27Z,"trap brasileiro,boom bap","Sony Music Entertainment",0.722,0.272,1,-10.842,0,0.193,0.729,0,0.131,0.439,65.444,4
spotify:track:1K3qIJ1rmPki4bPqlIkoeW,"WOW","WOW","M'DEP;Stuani;Kenji;vvallace",2025-02-28,182784,53,true,8jtopaclkzi6fkcxvnzy3t27q,2025-10-01T14:30:00Z,"trap brasileiro,trap","M’DEP",0.776,0.393,0,-12.164,0,0.472,0.153,0,0.118,0.717,145.104,4
spotify:track:2EdvYQNKfqMHwIdlZuqNpi,"GRG","GRG","Ryu, The Runner;Neckklace",2025-08-07,120408,37,false,8jtopaclkzi6fkcxvnzy3t27q,2025-10-01T14:49:00Z,"trap brasileiro,trap,trap funk,hip hop brasileiro","Som Livre",0.811,0.665,1,-4.31,1,0.0666,0.124,0.000356,0.112,0.574,151.03,4
spotify:track:56wZGer3DfhZXC6v30Ya1w,"Bag","Bag","Senndy;Cassin;Yunk Vino;Salve Crazy",2024-12-06,224680,45,true,8jtopaclkzi6fkcxvnzy3t27q,2025-10-01T15:15:36Z,"trap brasileiro,trap,trap funk,hip hop brasileiro","Senndy",0.74,0.39,1,-11.009,1,0.144,0.417,0.0000696,0.108,0.57,94.002,4
spotify:track:1dbbsdG9zmgfxgSfPfldg4,"Aruanda","Aruanda","Senndy;Alee;Salve Crazy",2025-06-27,168000,45,true,8jtopaclkzi6fkcxvnzy3t27q,2025-10-03T00:37:19Z,"trap brasileiro,trap,hip hop brasileiro,trap funk","SLVC",0.835,0.656,11,-6.249,0,0.334,0.161,0,0.655,0.598,119.925,4
spotify:track:4HZC8iPPDSyqmoOmnHlXYN,"Foco","Aruanda","Senndy;JECI;Salve Crazy",2025-06-27,200000,37,false,8jtopaclkzi6fkcxvnzy3t27q,2025-10-03T00:42:49Z,"trap brasileiro,trap,trap funk","SLVC",0.779,0.514,6,-7.71,0,0.195,0.211,0,0.0924,0.0688,120.084,4
spotify:track:0APpAa0m0mHeYptIwoQRl8,"BBL","Aruanda","Senndy;Salve Crazy;Cassin",2025-06-27,125250,37,false,8jtopaclkzi6fkcxvnzy3t27q,2025-10-06T09:55:49Z,"trap brasileiro,trap,trap funk","SLVC",0.797,0.795,6,-3.279,1,0.11,0.146,0,0.136,0.647,120,4
spotify:track:5dFKpAFCZo6WxKC2Ggpwy2,"Neguinho Quente","Aruanda","Senndy;Emitê Único;Salve Crazy;Ryu, The Runner;Cassin",2025-06-27,169500,39,false,8jtopaclkzi6fkcxvnzy3t27q,2025-10-06T10:00:29Z,"trap brasileiro,trap,trap funk,hip hop brasileiro","SLVC",0.826,0.593,7,-4.577,1,0.332,0.028,0,0.245,0.719,159.791,5
spotify:track:2AP0rvFNj7xNUO4MDjQJWj,"Uma ligação","Aruanda","Senndy;G.A;Ike Avila;Salve Crazy",2025-06-27,171130,37,false,8jtopaclkzi6fkcxvnzy3t27q,2025-10-06T10:03:20Z,"trap brasileiro,trap,trap funk","SLVC",0.442,0.468,9,-7.237,0,0.267,0.523,0,0.18,0.563,79.095,3
spotify:track:0gC7S0GEuuMsr0yQnLjmop,"A culpa não é sua","Aruanda","Senndy;Thiago Sub;Salve Crazy;Vulgo FK",2025-06-27,154285,36,false,8jtopaclkzi6fkcxvnzy3t27q,2025-10-06T10:11:04Z,"trap brasileiro,trap,trap funk,funk,hip hop brasileiro","SLVC",0.685,0.445,8,-7.038,0,0.0876,0.425,0,0.158,0.399,139.959,4
spotify:track:7cngWHx5JYYonhSf5yn2bR,"Dandara","Aruanda","Senndy;Teto;Salve Crazy;Cheek;Cassin",2025-06-27,188938,37,false,8jtopaclkzi6fkcxvnzy3t27q,2025-10-06T10:16:05Z,"trap brasileiro,trap,trap funk,hip hop brasileiro","SLVC",0.844,0.621,6,-4.645,0,0.0572,0.384,0.0000199,0.105,0.175,93.95,4
spotify:track:684lmeSq4Bz7FM671Q0wXY,"Lado a Lado","Aruanda","Senndy;Ike Avila;Salve Crazy",2025-06-27,147840,33,false,8jtopaclkzi6fkcxvnzy3t27q,2025-10-06T10:19:12Z,"trap brasileiro,trap,trap funk","SLVC",0.8,0.651,8,-6.632,0,0.0534,0.0719,0.168,0.131,0.33,124.981,4
spotify:track:1eUroITcNroW3plXlvt6ZV,"Modelo Brasileiro","Aruanda","Senndy;Yuri Redicopa;DJ Yago;Salve Crazy",2025-06-27,153600,43,true,8jtopaclkzi6fkcxvnzy3t27q,2025-10-06T10:21:29Z,"trap brasileiro,trap,funk,trap funk","SLVC",0.657,0.838,5,-3.427,0,0.359,0.158,0,0.177,0.684,84.596,5
spotify:track:300Dr4KYvHwK67yoIMEUPc,"Senndy On The Radar Freestyle","Senndy On The Radar Freestyle","On The Radar;Senndy;Salve Crazy",2025-04-25,90488,33,false,8jtopaclkzi6fkcxvnzy3t27q,2025-10-06T10:24:48Z,"drill sexy,trap brasileiro,trap,trap funk","OTR Worldwide Entertainment Inc. in Exclusive Partnership with Olympus Projects",0.844,0.632,0,-6.125,1,0.251,0.127,0,0.379,0.465,133.882,3
spotify:track:4I3NjS4XIlNlpLkAl0CGST,"Reels","Reels","LX;VIVARI",2025-09-12,123428,24,true,8jtopaclkzi6fkcxvnzy3t27q,2025-10-06T10:26:42Z,"trap brasileiro","LX",0.905,0.599,4,-8.99,0,0.365,0.101,0,0.114,0.0785,140.024,4
spotify:track:0PBzHA8rowXv7xI4dijq4i,"Parei com esse Xans","Parei com esse Xans","Digital Mafia Corp.;FAB GODAMN;Elicê;Zayon",2025-10-06,160000,0,true,8jtopaclkzi6fkcxvnzy3t27q,2025-10-06T11:00:57Z,"trap brasileiro,trap,grime,drill","Digital Mafia Corp.",0.648,0.62,10,-6.283,1,0.0454,0.115,0,0.194,0.0944,134.968,4
spotify:track:1DSIxfRL65T2CMiT4csTUW,"Pavuna 2","Pavuna 2","Pedrin;Js da Torre;PAVUNA",2024-10-10,197971,61,true,8jtopaclkzi6fkcxvnzy3t27q,2025-10-06T21:03:14Z,"trap brasileiro,trap,trap funk","PAVUNA",0.794,0.505,0,-8.984,1,0.299,0.0439,0,0.225,0.715,138.081,4
spotify:track:0VsjCKvZFvfPieM8x0HRKe,"Bloco 7","O Líder em Movimento","BK;JXNV$",2020-09-08,226995,0,false,8jtopaclkzi6fkcxvnzy3t27q,2025-10-07T12:10:21Z,"hip hop brasileiro,boom bap,trap brasileiro","Pirâmide Perdida Records",0.683,0.759,1,-4.598,1,0.0448,0.0783,0.00000267,0.0886,0.114,120.05,4
spotify:track:7iC56CDz8miPDKaH0OEIqS,"What You Need","Life of a DON","Don Toliver",2021-10-08,217609,65,true,8jtopaclkzi6fkcxvnzy3t27q,2025-10-08T10:14:59Z,"","Cactus Jack / Atlantic",0.656,0.672,10,-7.385,0,0.0468,0.0636,0.0000145,0.186,0.137,130.006,4
spotify:track:3dVsUkabHea7AVFjm92gZ4,"OUTERSPACE (feat. Baby Keem)","Life of a DON","Don Toliver;Baby Keem",2021-10-08,226095,60,true,8jtopaclkzi6fkcxvnzy3t27q,2025-10-08T10:40:30Z,"","Cactus Jack / Atlantic",0.477,0.407,8,-7.148,1,0.0604,0.0625,0,0.14,0.109,123.082,4
spotify:track:5q37UhJgXRZwIIkdUGTZFb,"BOGUS","Life of a DON","Don Toliver",2021-10-08,199709,60,true,8jtopaclkzi6fkcxvnzy3t27q,2025-10-08T10:51:27Z,"","Cactus Jack / Atlantic",0.652,0.571,6,-7.626,1,0.104,0.0894,0,0.0981,0.392,144.076,4
spotify:track:09ZFoJxDu4tfbGB6O6MCGg,"blogueira","pq elas preferem os canalhas?","G.A;Supernova Ent",2025-10-09,104016,44,true,8jtopaclkzi6fkcxvnzy3t27q,2025-10-15T11:50:18Z,"trap brasileiro,trap funk,trap,hip hop brasileiro","Supernova Ent",0.723,0.472,2,-6.261,0,0.335,0.501,0,0.421,0.315,119.735,4
spotify:track:0XobUwOm15Q901jKQnAN4Y,"1DMN (Intro)","Primeiro do meu nome (1DMN)","Kayin",2025-10-09,74076,11,false,8jtopaclkzi6fkcxvnzy3t27q,2025-10-15T14:53:29Z,"trap brasileiro,trap funk,trap","Kayin",0.565,0.716,10,-7.174,0,0.186,0.269,0,0.139,0.732,127.287,4
spotify:track:6Lnju3YMzc7DbquoArGy4n,"Castelo","Primeiro do meu nome (1DMN)","Kayin",2025-10-09,121703,10,true,8jtopaclkzi6fkcxvnzy3t27q,2025-10-15T14:55:05Z,"trap brasileiro,trap funk,trap","Kayin",0.594,0.665,8,-6.767,1,0.377,0.696,0.00000174,0.258,0.643,79.625,4
spotify:track:6Z04qybjNDRBYmJQ0b7S2t,"Narcisista","Primeiro do meu nome (1DMN)","Kayin;KayG",2025-10-09,120000,22,false,8jtopaclkzi6fkcxvnzy3t27q,2025-10-15T14:58:57Z,"trap brasileiro,trap funk,trap","Kayin",0.631,0.414,11,-10.683,0,0.174,0.48,0,0.126,0.474,80.002,4
spotify:track:3n3K6BsToZG9pxaX1e0quA,"Falta de amor","Primeiro do meu nome (1DMN)","Kayin;Boaventura",2025-10-09,171940,29,true,8jtopaclkzi6fkcxvnzy3t27q,2025-10-15T15:03:14Z,"trap brasileiro,trap funk,trap","Kayin",0.678,0.445,8,-8.685,0,0.0767,0.676,0,0.0992,0.348,133.895,4
spotify:track:55yUY9wD0o6IQHxO1dxhCV,"Nata de SP","Primeiro do meu nome (1DMN)","Kayin;Cassiano Franco;Chiron Mc;Tevito",2025-10-09,241509,15,true,8jtopaclkzi6fkcxvnzy3t27q,2025-10-15T15:04:11Z,"trap brasileiro,trap funk,trap","Kayin",0.765,0.402,8,-9.794,0,0.403,0.0515,0,0.108,0.733,158.995,4
spotify:track:08gLL0latOllKEJudgEB4H,"Vence Dor","Primeiro do meu nome (1DMN)","Kayin;CJota;Kyan",2025-10-09,166153,32,false,8jtopaclkzi6fkcxvnzy3t27q,2025-10-15T15:28:41Z,"trap brasileiro,trap funk,trap,hip hop brasileiro","Kayin",0.619,0.758,5,-7.596,0,0.126,0.0153,0,0.587,0.189,138.802,5
spotify:track:23QVjT6qBco9ZjdOkfD2Yh,"Desabafo","Primeiro do meu nome (1DMN)","Kayin",2025-10-09,123428,34,false,8jtopaclkzi6fkcxvnzy3t27q,2025-10-15T15:29:50Z,"trap brasileiro,trap funk,trap","Kayin",0.678,0.629,1,-10.901,1,0.697,0.191,0,0.184,0.325,138.465,4
spotify:track:5FHk0192UdU3r8nbdmAqLq,"GLOBAL","ADULTO IDEAL","Ryu, The Runner;Alee;Neckklace;Del Jay;6ee;Qualywav1;saboya",2025-10-16,180998,53,true,8jtopaclkzi6fkcxvnzy3t27q,2025-10-18T02:22:15Z,"trap brasileiro,trap,trap funk,hip hop brasileiro","Som Livre",0.817,0.828,9,-2.731,1,0.0462,0.193,0,0.16,0.262,122.012,4
spotify:track:5bnaz4HMlwmdsr0Q2pMfCW,"Viva Lento, Gaste Rápido 2","Viva Lento, Gaste Rápido 2","LUKA;LX;IKNOWFELIPE",2025-10-11,178285,2,true,8jtopaclkzi6fkcxvnzy3t27q,2025-10-21T10:37:41Z,"trap brasileiro","Olukaluka",0.822,0.446,10,-10.073,0,0.102,0.466,0.0849,0.11,0.266,139.921,4
spotify:track:2pIcTMC8N8GKhWoTDYbyUT,"ELES ME DEVEM RESPEITO","Neguinho Bolado: Eu Escrevo A Minha História","KayG;Fahel",2025-10-16,162460,28,true,8jtopaclkzi6fkcxvnzy3t27q,2025-10-21T11:07:02Z,"trap brasileiro,trap","KayG",0.657,0.498,5,-6.737,0,0.123,0.341,0,0.11,0.692,130.28,4
spotify:track:3hEBd3Px7fO3fF5Z2jg0xc,"TOTAL MAGAZINE","Neguinho Bolado: Eu Escrevo A Minha História","KayG;LPT Zlatan;Stick;Galdino;Honaiser",2025-10-16,167619,27,true,8jtopaclkzi6fkcxvnzy3t27q,2025-10-21T11:12:10Z,"trap brasileiro,trap,trap funk,hip hop brasileiro","KayG",0.774,0.592,6,-5.577,0,0.291,0.369,0,0.104,0.355,125.734,4
spotify:track:76g10saAiYof7sjwxH2RgG,"VOU FAZER CHOVER","Neguinho Bolado: Eu Escrevo A Minha História","KayG;Stick;Torelli;OG Bahia",2025-10-16,128000,23,true,8jtopaclkzi6fkcxvnzy3t27q,2025-10-21T11:25:42Z,"trap brasileiro,trap","KayG",0.781,0.321,10,-9.993,1,0.0804,0.0922,0,0.15,0.384,150.013,5
spotify:track:1J8RxIZQjow5q17WG38HzY,"QUER DE 100","Neguinho Bolado: Eu Escrevo A Minha História","KayG;Fahel;Pluck D",2025-10-16,153600,25,true,8jtopaclkzi6fkcxvnzy3t27q,2025-10-21T11:25:46Z,"trap brasileiro,trap","KayG",0.744,0.517,5,-6.954,0,0.0397,0.122,0,0.143,0.649,125.007,4
spotify:track:2cbvCTysusLScIvGvWo9Un,"VAI AMAR OU VAI MENTIR?","Neguinho Bolado: Eu Escrevo A Minha História","KayG;Mc Kadu;Fahel",2025-10-16,177230,19,true,8jtopaclkzi6fkcxvnzy3t27q,2025-10-21T11:29:26Z,"trap brasileiro,trap,funk,funk consciente,trap funk","KayG",0.602,0.625,8,-7.557,0,0.507,0.588,0,0.0941,0.516,90.843,3
spotify:track:3WXk3gELxpPMZVOLvELNjs,"3 DIAS VIRADO","Neguinho Bolado: Eu Escrevo A Minha História","KayG;Fahel",2025-10-16,128450,20,true,8jtopaclkzi6fkcxvnzy3t27q,2025-10-21T11:32:14Z,"trap brasileiro,trap","KayG",0.831,0.501,11,-7.187,1,0.145,0.32,0,0.109,0.464,141.913,4
spotify:track:3aPvt1LeXF1u5qKlzpdQQP,"EU ESTABELEÇO","Neguinho Bolado: Eu Escrevo A Minha História","KayG;Neckklace;6ee;Pluck D",2025-10-16,141215,21,true,8jtopaclkzi6fkcxvnzy3t27q,2025-10-21T11:32:32Z,"trap brasileiro,trap,trap funk","KayG",0.648,0.609,5,-6.404,0,0.092,0.494,0,0.111,0.219,108.931,4
spotify:track:0Ncw19NyVuxNsKaQmUnNg6,"PIRÂMIDE","CHTC?","Klisman;NADAMAL;Alee",2025-05-22,158400,58,true,8jtopaclkzi6fkcxvnzy3t27q,2025-10-21T12:08:35Z,"trap brasileiro,trap,trap funk,hip hop brasileiro","NadamalRecords",0.494,0.693,9,-4.818,1,0.325,0.00232,0.000136,0.206,0.378,177.704,3
spotify:track:5r5Rq2HLsUwbaTUy6iyuQn,"Workaholic","Solace & The Vices","Bryson Tiller",2025-10-02,120083,51,true,8jtopaclkzi6fkcxvnzy3t27q,2025-10-21T12:52:01Z,"trap soul,r&b","TrapSoul/RCA Records",0.629,0.737,6,-6.296,1,0.12,0.00158,0,0.19,0.283,151.146,4
spotify:track:1KGog5Pfh9xacstOEg9Bhl,"água colorida","Busco Romance Love Show (Deluxe)","Luccas Carlos;Ajaxx",2025-10-22,147504,28,false,8jtopaclkzi6fkcxvnzy3t27q,2025-10-24T13:06:44Z,"hip hop brasileiro,pop nacional,trap brasileiro,trap funk,trap","Som Livre",0.795,0.683,0,-4.156,0,0.0798,0.372,0,0.147,0.535,132.085,4
spotify:track:4TvHCjVkPNfh7wSV6gqbOX,"só (mais) uma vez","Busco Romance Love Show (Deluxe)","Luccas Carlos;Paulo DK",2025-10-22,221596,36,false,8jtopaclkzi6fkcxvnzy3t27q,2025-10-24T13:09:40Z,"hip hop brasileiro,pop nacional,trap brasileiro,boom bap","Som Livre",0.667,0.561,6,-4.147,0,0.0672,0.174,0,0.173,0.633,74.984,4
spotify:track:2tWa8L0unDMQF9fNml6shE,"FEITIÇO","Busco Romance Love Show (Deluxe)","Luccas Carlos;DOOM",2025-10-22,185927,28,false,8jtopaclkzi6fkcxvnzy3t27q,2025-10-24T13:12:19Z,"hip hop brasileiro,pop nacional,trap brasileiro","Som Livre",0.617,0.864,1,-4.264,0,0.0717,0.0565,0,0.429,0.615,97.901,4
spotify:track:5qzkU0sBhRfHr5tG38heh7,"s(m)uv pt.2","Busco Romance Love Show (Deluxe)","Luccas Carlos",2025-10-22,180591,27,false,8jtopaclkzi6fkcxvnzy3t27q,2025-10-24T13:17:57Z,"hip hop brasileiro,pop nacional,trap brasileiro","Som Livre",0.715,0.784,10,-4.344,0,0.0406,0.182,0.00000307,0.0898,0.621,89.987,4
spotify:track:2ooiizTx0ijOSDmi7RZgPE,"MÍNIMO","Busco Romance Love Show (Deluxe)","Luccas Carlos;Ajaxx",2025-10-22,148027,33,false,8jtopaclkzi6fkcxvnzy3t27q,2025-10-24T13:24:16Z,"hip hop brasileiro,pop nacional,trap brasileiro,trap funk,trap","Som Livre",0.847,0.69,8,-6.068,1,0.203,0.594,0,0.13,0.758,120.071,4
spotify:track:4j9KOMG49WEL8qY9hs5jpa,"todo lugar - faixa bônus","Busco Romance Love Show (Deluxe)","Luccas Carlos;Trinidad Cardona",2025-10-22,195952,35,false,8jtopaclkzi6fkcxvnzy3t27q,2025-10-24T13:26:14Z,"hip hop brasileiro,pop nacional,trap brasileiro","Som Livre",0.81,0.537,4,-6.034,0,0.0553,0.496,0.00000362,0.155,0.468,130.044,4
spotify:track:4Nvkmitj7GojJt2kZrD5io,"Pais e Filhos","O Gênio e o Louco “Entre o Céu e a Terra“","Froid;Makalister;Cxsta",2025-10-24,283043,37,false,8jtopaclkzi6fkcxvnzy3t27q,2025-10-24T14:19:41Z,"hip hop brasileiro,boom bap,trap brasileiro","Froid",0.624,0.8,6,-4.849,1,0.342,0.362,0,0.176,0.731,91.273,4
spotify:track:7BYISW1ZM7iElOCwfMwAUL,"Ventriloucos","O Gênio e o Louco “Entre o Céu e a Terra“","Froid;Makalister;Cxsta",2025-10-24,269011,30,false,8jtopaclkzi6fkcxvnzy3t27q,2025-10-24T14:22:32Z,"hip hop brasileiro,boom bap,trap brasileiro","Froid",0.532,0.865,10,-3.836,0,0.384,0.382,0,0.143,0.699,91.247,4
spotify:track:5cHP4nt7FfGhiNxMTZcgH4,"em paz - faixa bônus","Busco Romance Love Show (Deluxe)","Luccas Carlos;Malibu",2025-10-22,229429,30,false,8jtopaclkzi6fkcxvnzy3t27q,2025-10-24T21:46:24Z,"hip hop brasileiro,pop nacional,trap brasileiro,pagode","Som Livre",0.593,0.624,7,-6.741,1,0.0332,0.729,0,0.309,0.657,143.923,4
spotify:track:6OakIaj4T039vJ8V2AJiWa,"History (feat. James Blake)","The Boy Who Played the Harp","Dave;James Blake",2025-10-23,246960,67,true,8jtopaclkzi6fkcxvnzy3t27q,2025-10-26T15:55:13Z,"grime,grime reino unido,drill reino unido,drill","Neighbourhood",0.482,0.512,1,-9.41,0,0.157,0.645,0.0000759,0.105,0.584,89.284,1
spotify:track:064NMVv1SUTN1e2fbG4MKt,"No Weapons (feat. Jim Legxacy)","The Boy Who Played the Harp","Dave;Jim Legxacy",2025-10-23,198256,66,true,8jtopaclkzi6fkcxvnzy3t27q,2025-10-26T16:05:15Z,"grime,grime reino unido,drill reino unido,drill","Neighbourhood",0.824,0.622,0,-6.849,1,0.12,0.562,0.00507,0.226,0.644,130.045,4
spotify:track:3oTuTpF1F3A7rEC6RKsMRz,"Raindance (feat. Tems)","The Boy Who Played the Harp","Dave;Tems",2025-10-23,219743,96,false,8jtopaclkzi6fkcxvnzy3t27q,2025-10-26T16:12:37Z,"grime,grime reino unido,drill reino unido,drill,afrobeats,r&b afro,alté,afrobeat","Neighbourhood",0.796,0.741,1,-6.815,1,0.0789,0.236,0.0619,0.103,0.249,107,4
spotify:track:4lhOzoYujY5YD3anyw68hp,"Selfish (feat. James Blake)","The Boy Who Played the Harp","Dave;James Blake",2025-10-23,271898,65,true,8jtopaclkzi6fkcxvnzy3t27q,2025-10-26T16:16:39Z,"grime,grime reino unido,drill reino unido,drill","Neighbourhood",0.66,0.456,9,-12.28,0,0.149,0.881,0.0013,0.114,0.16,124.332,4
spotify:track:0kmxWw7KjktV4V1ZpbOeru,"Glow In The Dark","Ignorance is Bliss","Skepta;Lay-Z;Wizkid",2019-05-31,175346,60,true,8jtopaclkzi6fkcxvnzy3t27q,2025-10-27T10:14:16Z,"grime,grime reino unido,afrobeats,afrobeat,afropop,azonto,afroswing,r&b afro,afropiano","Boy Better Know",0.75,0.601,2,-6.809,1,0.184,0.0403,0.0014,0.0764,0.547,136.92,4
spotify:track:5CFJRZRq6sdKKtRwNPWbYv,"Show Out (with Skepta & Pop Smoke)","Man On The Moon III: The Chosen","Kid Cudi;Skepta;Pop Smoke",2020-12-11,174960,61,true,8jtopaclkzi6fkcxvnzy3t27q,2025-10-27T10:17:45Z,"grime,grime reino unido,drill do brooklyn,drill de nova iorque,drill","Republic Records",0.619,0.589,1,-6.531,1,0.124,0.43,0.000392,0.378,0.158,143.896,4
spotify:track:1X9kEJ1M3ZxcGdckUbb47w,"Friendly Fire","Friendly Fire","Skepta",2025-07-11,169846,44,true,8jtopaclkzi6fkcxvnzy3t27q,2025-10-27T10:25:42Z,"grime,grime reino unido","Epic Records UK",0.768,0.754,10,-7.574,1,0.312,0.177,0,0.0248,0.863,130.023,4
spotify:track:2kwxN1whHc0YR0cBHR5iOi,"Put That On My Set (feat. A$AP Rocky & Skepta)","Cozy Tapes: Vol. 1 Friends -","A$AP Mob;A$AP Rocky;Skepta",2016-10-31,201080,52,true,8jtopaclkzi6fkcxvnzy3t27q,2025-10-27T10:32:16Z,"rap,grime,grime reino unido","A$AP Worldwide/Polo Grounds Music",0.752,0.547,1,-8.555,1,0.0787,0.113,0.000249,0.107,0.161,111.962,4
spotify:track:2YAoax0ADUsZO9L4CE35ia,"Ace Hood Flow","Blacklisted","Skepta",2012-12-02,193637,53,true,8jtopaclkzi6fkcxvnzy3t27q,2025-10-27T10:34:58Z,"grime,grime reino unido","3Beat",0.557,0.695,5,-7.22,1,0.352,0.225,0,0.14,0.256,138.975,4
spotify:track:44GokgCa37BTZP2NU2zkoJ,"Shutdown","Konnichiwa","Skepta",2016-05-06,188938,64,true,8jtopaclkzi6fkcxvnzy3t27q,2025-10-27T10:40:21Z,"grime,grime reino unido","Boy Better Know",0.656,0.746,7,-4.716,1,0.314,0.126,0,0.508,0.824,104.044,3
spotify:track:0gEV1AR0gd59DzrMJalYcK,"Bullet From A Gun","Ignorance is Bliss","Skepta",2019-05-31,171333,59,true,8jtopaclkzi6fkcxvnzy3t27q,2025-10-27T10:51:41Z,"grime,grime reino unido","Boy Better Know",0.87,0.685,0,-6.3,0,0.297,0.469,0.00000368,0.281,0.499,134.961,4
spotify:track:6NpWosxIza4XEiGk190FAy,"Why Lie?","Why Lie?","Skepta;Flo Milli",2024-10-11,226000,50,true,8jtopaclkzi6fkcxvnzy3t27q,2025-10-27T10:55:03Z,"grime,grime reino unido","Epic Records UK",0.587,0.496,10,-11.417,0,0.221,0.231,0,0.11,0.605,119.853,4
spotify:track:1S1bZVv8sqYY39S6KWchuk,"Papi Chulo","Papi Chulo","Octavian;Skepta",2020-03-13,161667,61,true,8jtopaclkzi6fkcxvnzy3t27q,2025-10-27T11:19:16Z,"grime,grime reino unido,afroswing","Black Butter",0.866,0.563,6,-6.965,0,0.102,0.187,0,0.0888,0.309,127.905,4
spotify:track:11ymn5BZmG6pqvK1jIkPBL,"ADENUGA (feat. Anti World Gangstars and Skepta)","INDUSTRY MACHINE","ODUMODUBLVCK;Anti World Gangstars;Skepta",2025-10-05,151485,43,true,8jtopaclkzi6fkcxvnzy3t27q,2025-10-27T11:30:56Z,"drill nigeriano,afrobeats,afrobeat,alté,afropiano,afro adura,afropop,grime,grime reino unido","Native Sounds/Def Jam PS",0.508,0.864,6,-5.641,0,0.267,0.368,0,0.275,0.747,150.354,4
spotify:track:4Y7VhlTbbiugnmw1UNX4ox,"On The Low","On The Low","Tiwa Savage;Skepta",2025-07-29,150783,46,true,8jtopaclkzi6fkcxvnzy3t27q,2025-10-27T11:58:59Z,"afrobeats,afrobeat,afropop,azonto,afropiano,r&b afro,hiplife,afroswing,grime,grime reino unido","Everything Savage / EMPIRE",0.817,0.568,4,-8.398,0,0.0814,0.0453,0.00018,0.101,0.235,103.013,4
spotify:track:0kAI4yjb4DWyq5MgAcjYN5,"Round 2","Round 2","Skepta",2025-07-17,228923,41,true,8jtopaclkzi6fkcxvnzy3t27q,2025-10-27T12:06:43Z,"grime,grime reino unido","Big Smoke",0.578,0.867,10,-6.324,1,0.44,0.275,0,0.625,0.852,89.838,5
spotify:track:3nG784YlxS4VQOF0qiHKVP,"Greaze Mode","Ignorance is Bliss","Skepta;Nafe Smallz",2019-05-31,168400,63,true,8jtopaclkzi6fkcxvnzy3t27q,2025-10-27T12:08:35Z,"grime,grime reino unido,afroswing","Boy Better Know",0.781,0.72,6,-8.347,0,0.165,0.112,0.000041,0.153,0.403,150.074,4
spotify:track:5pa2ZyJ3dIEmxRDW74msQi,"Cops & Robbers","Cops & Robbers","Sammy Virji;Skepta",2025-05-29,161495,61,false,8jtopaclkzi6fkcxvnzy3t27q,2025-10-27T12:17:54Z,"garage reino unido,bassline,bass house,house,grime,grime reino unido","Capitol Records UK",0.832,0.865,9,-5.281,1,0.179,0.196,0.00175,0.366,0.43,136.047,4
spotify:track:1lbNgoJ5iMrMluCyhI4OQP,"Victory Lap","Victory Lap","Fred again..;Skepta;PlaqueBoyMax",2025-06-18,165857,83,true,8jtopaclkzi6fkcxvnzy3t27q,2025-10-27T12:23:25Z,"stutter house,house,edm,grime,grime reino unido","Atlantic Records UK",0.891,0.749,11,-3.087,1,0.112,0.163,0.00000196,0.0922,0.584,140.039,4
spotify:track:218C0McVUM1UPcTzODMRhi,"Sirens (From Ireland)","Sirens (From Ireland)","Skepta;Finessekid",2025-10-10,160800,55,true,8jtopaclkzi6fkcxvnzy3t27q,2025-10-27T12:27:54Z,"grime,grime reino unido","Epic Records UK",0.653,0.716,9,-6.899,0,0.219,0.013,0.00000773,0.176,0.456,146.965,4
spotify:track:234SaqlzLfKAsE6gsmvMnR,"Victory Lap Five","Victory Lap","Fred again..;Skepta;PlaqueBoyMax;Denzel Curry;Hanumankind;That Mexican OT;D Double E;LYNY",2025-07-09,344571,68,true,8jtopaclkzi6fkcxvnzy3t27q,2025-10-27T12:34:23Z,"stutter house,house,edm,grime,grime reino unido,hip hop malaialo,desi hip hop,drum and bass,bass music","Atlantic Records UK",0.858,0.811,8,-2.315,1,0.0528,0.259,0.00000183,0.0799,0.572,140.04,4
spotify:track:2Jy4EdqIZswDZvVDh5dx3A,"Dimension (feat. Skepta & Rema)","Dimension (feat. Skepta & Rema)","JAE5;Skepta;Rema",2021-03-18,234026,64,false,8jtopaclkzi6fkcxvnzy3t27q,2025-10-27T13:38:06Z,"afrobeats,afroswing,afrobeat,afropop,r&b afro,afropiano,grime,grime reino unido","Black Butter",0.561,0.722,4,-6.437,0,0.068,0.173,0.0000486,0.175,0.173,103.099,4
spotify:track:3tTDOodJcr6vKF2DASlwMZ,"That's Not Me","Konnichiwa","Skepta;Jme",2016-05-06,185967,67,true,8jtopaclkzi6fkcxvnzy3t27q,2025-10-27T13:56:05Z,"grime,grime reino unido","Boy Better Know",0.827,0.854,0,-3.43,1,0.238,0.334,0,0.073,0.869,139.089,4
spotify:track:78igz8PCqqNYLVyhhSh0z5,"Last 1s Left","Skepta .. Fred","Skepta;Fred again..",2025-08-29,225897,57,false,8jtopaclkzi6fkcxvnzy3t27q,2025-10-27T18:26:19Z,"grime,grime reino unido,stutter house,house,edm","Epic Records UK",0.715,0.896,9,-3.606,1,0.0494,0.171,0.198,0.157,0.122,137.008,4
spotify:track:3JTzfCw32PeAQLjtadHvtM,"Back 2 Back","Skepta .. Fred","Skepta;Fred again..",2025-08-29,187411,59,false,8jtopaclkzi6fkcxvnzy3t27q,2025-10-27T18:40:01Z,"grime,grime reino unido,stutter house,house,edm","Epic Records UK",0.747,0.885,2,-5.005,1,0.363,0.0401,0,0.858,0.649,138.043,4
spotify:track:2NUCvJ3eAtcPkudsSEO7VO,"Paralisia do Sono","Paralisia do Sono","Raffa Moreira;Guiggow",2025-10-24,141698,22,true,8jtopaclkzi6fkcxvnzy3t27q,2025-10-27T18:57:49Z,"trap brasileiro,hip hop brasileiro,trap","Raffa Moreira",0.46,0.736,1,-6.778,1,0.0946,0.124,0,0.368,0.731,138.924,4
spotify:track:1qIwin7JMVuX70qN6wD8ww,"It's Up (feat. Young Thug & 21 Savage)","100 GIGS","Drake;Young Thug;21 Savage",2024-08-30,278000,73,true,8jtopaclkzi6fkcxvnzy3t27q,2025-10-29T21:34:06Z,"rap,rap melódico,trap","OVO/Republic",0.783,0.723,1,-4.881,1,0.135,0.0264,0,0.159,0.294,139.942,4
spotify:track:4KDNRh9Oor80z3XIxdWlui,"Bubbly (with Drake & Travis Scott)","Punk","Young Thug;Drake;Travis Scott",2021-10-15,165066,71,true,8jtopaclkzi6fkcxvnzy3t27q,2025-10-29T21:52:42Z,"rap,rap melódico,trap","300 Entertainment/Atl",0.91,0.585,11,-7.572,0,0.257,0.0536,0,0.127,0.599,129.011,4
spotify:track:1rJUbH0v2E8t1GY4OAUTeC,"City Girls","Slime & B","Chris Brown;Young Thug",2020-05-08,230253,64,true,8jtopaclkzi6fkcxvnzy3t27q,2025-10-29T22:25:35Z,"r&b,rap,rap melódico,trap","Chris Brown Entertainment/300 Entertainment/RCA Records",0.752,0.586,7,-7.896,0,0.071,0.0465,0,0.0554,0.815,92.033,4
spotify:track:3stB5YP5MySe7EUg4AEDtN,"Pneu Pirelli","Pneu Pirelli","Pedrin;Js da Torre;PAVUNA",2025-07-10,133598,49,true,8jtopaclkzi6fkcxvnzy3t27q,2025-11-10T20:25:23Z,"trap brasileiro,trap,trap funk","PAVUNA",0.515,0.579,7,-5.512,1,0.0673,0.00684,0,0.528,0.264,126.711,5
spotify:track:3LkOtPI3tg44XxnYdrST7B,"Renc Renc","Toda Noite","Abbot;FBC;Pepito",2023-08-25,142500,28,true,8jtopaclkzi6fkcxvnzy3t27q,2025-11-11T13:31:34Z,"trap brasileiro,trap,trap funk,hip hop brasileiro,miami bass,boom bap","Antehype Music",0.577,0.795,8,-6.917,0,0.298,0.0763,0.000003,0.13,0.531,127.295,4
spotify:track:3h7Hn9WEMOJFn8yw9NUmAX,"FLORES 💐","FKAY","KayBlack;Vulgo FK;Murillo e LT no Beat",2025-11-25,161280,64,false,8jtopaclkzi6fkcxvnzy3t27q,2025-12-08T10:40:01Z,"trap brasileiro,trap funk,trap,hip hop brasileiro,funk,funk consciente","WM Brazil",0.67,0.265,7,-10.395,0,0.108,0.304,0,0.105,0.173,125.058,4
spotify:track:0zNS8sKZRQqNqeAmOstZo7,"ERREI DNV 🔄 (feat. Galdino)","FKAY","KayBlack;Vulgo FK;DU'L;Fepache;Galdino",2025-11-25,144000,60,false,8jtopaclkzi6fkcxvnzy3t27q,2025-12-09T10:47:34Z,"trap brasileiro,trap funk,trap,hip hop brasileiro,funk,funk consciente","WM Brazil",0.576,0.524,8,-6.577,1,0.369,0.467,0,0.222,0.167,135.019,4
spotify:track:43bW0tOjIQvqD879pcOA5m,"CONFUNDE A MENTE 🧠","FKAY","KayBlack;Vulgo FK;MATHINVOKER;Galdino;Murillo e LT no Beat",2025-11-25,133384,58,false,8jtopaclkzi6fkcxvnzy3t27q,2025-12-09T10:52:24Z,"trap brasileiro,trap funk,trap,hip hop brasileiro,funk,funk consciente","WM Brazil",0.7,0.452,10,-8.565,0,0.324,0.0312,0,0.168,0.51,130.635,4
spotify:track:197cs7vsw5OyNDw7z4i6DK,"TIKTAK ⏱️","FKAY","KayBlack;Vulgo FK;MC Caverinha;Fepache",2025-11-25,180705,55,false,8jtopaclkzi6fkcxvnzy3t27q,2025-12-09T11:03:43Z,"trap brasileiro,trap funk,trap,hip hop brasileiro,funk,funk consciente","WM Brazil",0.811,0.455,5,-5.71,0,0.0605,0.546,0,0.0838,0.471,85.014,4
spotify:track:4Q42nfDL7n3txwpcQAcF76,"FOTO BOMBA 💣","FKAY","KayBlack;Vulgo FK;Murillo e LT no Beat;D Santana;Galdino",2025-11-25,128780,58,false,8jtopaclkzi6fkcxvnzy3t27q,2025-12-09T11:11:29Z,"trap brasileiro,trap funk,trap,hip hop brasileiro,funk,funk consciente","WM Brazil",0.778,0.455,0,-9.012,0,0.154,0.161,0,0.118,0.332,123.202,4
spotify:track:6zI2BCllRpA8H8KR5v8u3v,"REI TUÊ","XTRANHO","Matuê",2025-12-10,143823,65,true,8jtopaclkzi6fkcxvnzy3t27q,2025-12-11T11:35:10Z,"trap brasileiro,trap,hip hop brasileiro,trap funk","30PRAUM",0.52,0.543,0,-6.637,0,0.0423,0.318,0.0000694,0.341,0.155,136.115,4
spotify:track:5Y2QDfKgRS6lPkyVITN4P0,"MEU CEMITÉRIO","XTRANHO","Matuê",2025-12-10,207179,66,true,8jtopaclkzi6fkcxvnzy3t27q,2025-12-11T11:41:11Z,"trap brasileiro,trap,hip hop brasileiro,trap funk","30PRAUM",0.61,0.812,6,-3.909,0,0.0435,0.192,0,0.105,0.186,116.957,4
spotify:track:38NukRP5zIlRv9XlKtwuAJ,"AUTOBAHN","XTRANHO","Matuê;Cashley",2025-12-10,185454,67,true,8jtopaclkzi6fkcxvnzy3t27q,2025-12-11T11:46:52Z,"trap brasileiro,trap,hip hop brasileiro,trap funk","30PRAUM",0.757,0.729,10,-5.231,0,0.0325,0.054,0.00000247,0.0597,0.317,132.025,4
spotify:track:1LT3tGHfUbjrdDT5BPa1Iq,"FACAS E MACHADOS","XTRANHO","Matuê;FAB GODAMN;okie",2025-12-10,112651,58,true,8jtopaclkzi6fkcxvnzy3t27q,2025-12-11T11:49:58Z,"trap brasileiro,trap,hip hop brasileiro,trap funk","30PRAUM",0.512,0.57,9,-4.8,1,0.178,0.553,0,0.229,0.401,147.03,4
spotify:track:51IUpGY4rRh9fKJSzTC4qn,"HA","WHAT HAPPENED TO THE STREETS?","21 Savage",2025-12-12,173382,60,true,8jtopaclkzi6fkcxvnzy3t27q,2025-12-12T10:51:12Z,"","Slaughter Gang, LLC/Epic Records",0.875,0.498,2,-5.787,1,0.179,0.0661,0.0000566,0.111,0.145,144.069,4
spotify:track:2FKu5nN9YtlQIsoUxXdkZk,"CUP FULL","WHAT HAPPENED TO THE STREETS?","21 Savage",2025-12-12,207220,57,true,8jtopaclkzi6fkcxvnzy3t27q,2025-12-12T11:00:13Z,"","Slaughter Gang, LLC/Epic Records",0.707,0.512,10,-7.376,0,0.258,0.0195,0.00000242,0.123,0.235,129.968,4
spotify:track:3BBMNT5kxTsYxe1r0DukIb,"POP IT","WHAT HAPPENED TO THE STREETS?","21 Savage;Latto",2025-12-12,197306,56,true,8jtopaclkzi6fkcxvnzy3t27q,2025-12-12T11:05:34Z,"","Slaughter Gang, LLC/Epic Records",0.843,0.577,7,-5.888,0,0.0579,0.0768,0.000115,0.0978,0.45,145.948,4
spotify:track:6FOoyzZj7sT0JvD7yOT9tk,"J.O.W.Y.H (JUMP OUT)","WHAT HAPPENED TO THE STREETS?","21 Savage",2025-12-12,171667,57,true,8jtopaclkzi6fkcxvnzy3t27q,2025-12-12T11:09:54Z,"","Slaughter Gang, LLC/Epic Records",0.89,0.701,11,-5.068,1,0.293,0.0128,0,0.154,0.586,144.05,4
spotify:track:3o6Wg0EOBtWXPdufCes5Lj,"DOG $HIT","WHAT HAPPENED TO THE STREETS?","21 Savage;GloRilla",2025-12-12,198108,59,true,8jtopaclkzi6fkcxvnzy3t27q,2025-12-12T11:12:10Z,"","Slaughter Gang, LLC/Epic Records",0.44,0.615,1,-6.887,1,0.367,0.071,0.000001,0.7,0.29,74.026,4
spotify:track:63bPfrifq9QfGYoBhATx6b,"CODE OF HONOR","WHAT HAPPENED TO THE STREETS?","21 Savage;G Herbo",2025-12-12,226463,61,true,8jtopaclkzi6fkcxvnzy3t27q,2025-12-12T11:30:07Z,"drill de chicago,drill","Slaughter Gang, LLC/Epic Records",0.804,0.527,2,-4.824,1,0.271,0.00646,0.0000156,0.12,0.204,150.022,4
spotify:track:0aksmcRh5LIs4DAL3pfcoY,"PENSAMENTOS PERIGOSOS","XTRANHO","Matuê;LPT Zlatan",2025-12-10,214008,61,true,8jtopaclkzi6fkcxvnzy3t27q,2025-12-15T10:16:21Z,"trap brasileiro,trap,hip hop brasileiro,trap funk","30PRAUM",0.707,0.821,2,-5.94,1,0.179,0.138,0,0.314,0.899,157.024,3
spotify:track:0w88s8d4hqv3jVYBwq7led,"STEPBROTHERS","WHAT HAPPENED TO THE STREETS?","21 Savage;Young Nudy",2025-12-12,249610,61,true,8jtopaclkzi6fkcxvnzy3t27q,2025-12-15T10:40:44Z,"","Slaughter Gang, LLC/Epic Records",0.65,0.447,1,-5.119,1,0.0875,0.0169,0,0.129,0.038,162.05,4
spotify:track:3r6ywIx6wcW5TNAGczrc1Z,"TODO MENINO É UM REI","Você Precisa do Álibi","LEALL;Rock Danger;Beat do Ávila;Mahai",2025-12-11,110933,48,true,8jtopaclkzi6fkcxvnzy3t27q,2025-12-15T18:17:35Z,"boom bap,hip hop brasileiro,trap brasileiro,grime,trap,trap funk","LEALL",0.82,0.538,6,-7.417,1,0.432,0.331,0,0.339,0.665,139.958,4
spotify:track:0E81ltoWWAg0wvTN9inuHm,"ERA DIGITAL","Você Precisa do Álibi","LEALL;Rock Danger;El Lif Beatz",2025-12-11,195925,50,true,8jtopaclkzi6fkcxvnzy3t27q,2025-12-15T18:20:37Z,"boom bap,hip hop brasileiro,trap brasileiro,grime,trap,trap funk","LEALL",0.44,0.429,8,-10.748,1,0.126,0.654,0.000004,0.0895,0.262,113.732,4
spotify:track:44U1er1LxgRNu42fbbz78T,"VAI DESCE BABY","MIXTAPE DE VERÃO: GOSTOSAS OUVEM TZ","Tz da Coronel;Veigh",2025-12-11,217941,58,true,8jtopaclkzi6fkcxvnzy3t27q,2025-12-15T18:33:11Z,"trap brasileiro,trap funk,trap,hip hop brasileiro","Cúpula Records",0.633,0.653,6,-6.341,0,0.0587,0.439,0.0000187,0.555,0.204,135.98,4
spotify:track:5WPQAVa0PT2pHwP8jCIreQ,"DAILY","MIXTAPE DE VERÃO: GOSTOSAS OUVEM TZ","Tz da Coronel",2025-12-11,155520,49,false,8jtopaclkzi6fkcxvnzy3t27q,2025-12-15T18:36:04Z,"trap brasileiro,trap funk,trap,hip hop brasileiro","Cúpula Records",0.737,0.619,3,-6.104,0,0.0881,0.527,0.0000415,0.107,0.701,135.983,4
spotify:track:3LHuL8QHNLs5xJYLha2sxd,"Santo","!mortal","Japa;Lucchini;Cheek",2025-12-08,137125,49,true,8jtopaclkzi6fkcxvnzy3t27q,2025-12-15T18:53:20Z,"trap brasileiro,trap,hip hop brasileiro","Japa",0.85,0.648,6,-5.363,1,0.0768,0.0303,0.000064,0.177,0.857,139.92,4
spotify:track:2VgU6lJRXnlrHOaqlymjT0,"Cobras","!mortal","Japa;Lucchini;Palma;MATHINVOKER",2025-12-08,177187,46,true,8jtopaclkzi6fkcxvnzy3t27q,2025-12-15T18:57:33Z,"trap brasileiro,trap,hip hop brasileiro,trap funk","Japa",0.55,0.677,7,-5.857,0,0.03,0.0103,0,0.423,0.223,130.108,4
spotify:track:2GzRcTsVBi6d7miBS6CEpS,"escrevo a minha historia","!mortal","Japa;Lucchini;Palma",2025-12-08,166603,41,true,8jtopaclkzi6fkcxvnzy3t27q,2025-12-15T18:59:17Z,"trap brasileiro,trap,hip hop brasileiro,trap funk","Japa",0.551,0.666,11,-5.008,0,0.0784,0.105,0.00000188,0.108,0.463,139.913,4
spotify:track:7pvCiuPmuUMgo3DBhvCl81,"20G","!mortal","Japa;Lucchini;Palma",2025-12-08,124100,40,true,8jtopaclkzi6fkcxvnzy3t27q,2025-12-15T19:01:08Z,"trap brasileiro,trap,hip hop brasileiro,trap funk","Japa",0.66,0.744,3,-4.535,0,0.164,0.153,0.00000991,0.212,0.683,138.995,4
spotify:track:09pu7jIem5WraduWenPLvj,"Solução","!mortal","Japa;Lucchini;Dana Collyd",2025-12-08,151181,39,true,8jtopaclkzi6fkcxvnzy3t27q,2025-12-15T19:05:47Z,"trap brasileiro,trap,hip hop brasileiro","Japa",0.408,0.444,7,-6.933,0,0.0503,0.51,0.000134,0.114,0.0481,126.653,4
spotify:track:0eMwjAsMKNScmeIoBLw2OA,"Flowers","!mortal","Japa;Lucchini;Palma",2025-12-08,176937,43,true,8jtopaclkzi6fkcxvnzy3t27q,2025-12-15T19:13:42Z,"trap brasileiro,trap,hip hop brasileiro,trap funk","Japa",0.695,0.593,1,-5.435,1,0.0388,0.13,0.0213,0.187,0.406,127.041,4
spotify:track:3YDUrCiogOizssiYW0ZpDd,"!mortal","!mortal","Japa;Lucchini;Palma",2025-12-08,299861,40,true,8jtopaclkzi6fkcxvnzy3t27q,2025-12-15T19:17:38Z,"trap brasileiro,trap,hip hop brasileiro,trap funk","Japa",0.49,0.507,9,-6.429,0,0.0264,0.401,0.000342,0.083,0.21,87.037,4
spotify:track:7gEFbX3gKYiZ69zkSmTyqp,"Guru do Asfalto","PRODUTO DO AMBIENTE","BK;Old Dirty Bacon;Paulo DK;Trxntin",2025-12-16,174890,49,false,8jtopaclkzi6fkcxvnzy3t27q,2025-12-16T10:51:42Z,"hip hop brasileiro,boom bap,trap brasileiro,trap","bk.2",0.766,0.78,10,-2.849,0,0.211,0.42,0.00214,0.127,0.849,155.988,4
spotify:track:3kPQJBcNyV2VjuksuhKtWf,"Gatilhos","PRODUTO DO AMBIENTE","BK;$amuka",2025-12-16,189914,58,false,8jtopaclkzi6fkcxvnzy3t27q,2025-12-16T10:56:21Z,"hip hop brasileiro,boom bap,trap brasileiro","bk.2",0.731,0.32,11,-12.713,0,0.0759,0.356,0.819,0.141,0.535,152.095,4
spotify:track:1IvqtJaqnGlIoWaQmz2bsZ,"Bonde Passando","PRODUTO DO AMBIENTE","BK;JXNV$",2025-12-16,143477,53,false,8jtopaclkzi6fkcxvnzy3t27q,2025-12-16T10:59:49Z,"hip hop brasileiro,boom bap,trap brasileiro","bk.2",0.736,0.612,10,-9.076,0,0.295,0.697,0.0000444,0.185,0.415,121.988,4
spotify:track:7dkEjT5AI3rcFOidMqlpNU,"Sonho","PRODUTO DO AMBIENTE","BK;Paulo DK",2025-12-16,226543,51,false,8jtopaclkzi6fkcxvnzy3t27q,2025-12-16T11:01:05Z,"hip hop brasileiro,boom bap,trap brasileiro","bk.2",0.625,0.731,4,-6.561,0,0.284,0.722,0.00184,0.215,0.668,77.976,4
spotify:track:3ko6nPV1TnJIDj4PB1WXzS,"Morro Sem Você","PRODUTO DO AMBIENTE","BK;Paulo DK",2025-12-16,193941,60,false,8jtopaclkzi6fkcxvnzy3t27q,2025-12-16T11:08:27Z,"hip hop brasileiro,boom bap,trap brasileiro","bk.2",0.894,0.439,8,-6.07,0,0.0504,0.304,0.0000656,0.126,0.413,120.001,4
spotify:track:0mBr4S97a0duSfgebe007c,"Se Eu Não Manter","PRODUTO DO AMBIENTE","BK;Nansy Silvvz",2025-12-16,191338,52,false,8jtopaclkzi6fkcxvnzy3t27q,2025-12-16T11:13:48Z,"hip hop brasileiro,boom bap,trap brasileiro","bk.2",0.741,0.745,10,-7.512,0,0.0524,0.271,0.0038,0.182,0.85,90.984,4
spotify:track:0HdWS8OLFeAQTntk2jBoMj,"Por Aí","PRODUTO DO AMBIENTE","BK;OPhael;PHANE;MSE",2025-12-16,170192,56,false,8jtopaclkzi6fkcxvnzy3t27q,2025-12-16T11:18:52Z,"hip hop brasileiro,boom bap,trap brasileiro","bk.2",0.604,0.738,5,-5.391,0,0.311,0.516,0.0000687,0.326,0.7,91.756,4
spotify:track:4HRJ94kaiEMwQ3476pAnt8,"Trem Lotado","PRODUTO DO AMBIENTE","BK;Sain",2025-12-16,166508,49,false,8jtopaclkzi6fkcxvnzy3t27q,2025-12-16T11:24:53Z,"hip hop brasileiro,boom bap,trap brasileiro","bk.2",0.739,0.593,5,-5.469,0,0.21,0.737,0.0000242,0.171,0.803,76.972,4
spotify:track:3GXnIt9ELJUYtxtkfiVx2j,"THE BOX MEDLEY 10","THE BOX MEDLEY 10","THE BOX;Oruam;Borges;Meno Tody;NGC Daddy;Pedrin;Js da Torre;Neo Beats;Victor WAO;Joab Beats;Bebeto;Cordeiro",2025-09-25,336000,61,true,8jtopaclkzi6fkcxvnzy3t27q,2025-12-22T22:59:42Z,"trap brasileiro,trap funk,funk,funk consciente,trap,hip hop brasileiro","Sony Music Entertainment",0.896,0.491,8,-8.116,1,0.585,0.483,0,0.0627,0.498,140.141,4
spotify:track:3B5TF1pDwCAtMTfMshiJa9,"PNB","PNB","Senndy",2025-11-07,139354,34,true,8jtopaclkzi6fkcxvnzy3t27q,2026-01-11T00:01:24Z,"trap brasileiro,trap","Salve Crazy Rec",0.712,0.885,2,-2.521,1,0.0439,0.219,0,0.239,0.082,123.972,4
spotify:track:6q9QdTGQ2zypECIVS1W5r4,"Pérolas","I Love You, Unique","Emitê Único",2025-11-14,112816,45,true,8jtopaclkzi6fkcxvnzy3t27q,2026-01-11T00:01:31Z,"trap brasileiro,trap","Crazy",0.753,0.794,10,-3.118,0,0.107,0.00107,0.00000328,0.271,0.608,141.961,4
spotify:track:2ULtEMjfM61YCiRjHygXqI,"10 NAMORADAS.","UMBAIANONAGUERRA.","Jimyy;Alee",2024-09-06,166299,47,true,8jtopaclkzi6fkcxvnzy3t27q,2026-01-11T02:13:53Z,"trap brasileiro,trap,hip hop brasileiro,trap funk","Jimyy",0.775,0.481,2,-11.604,1,0.189,0.111,0,0.14,0.561,127,4
spotify:track:6sHWMvDDdgNNvkJ7JHktdl,"XTRANHO","XTRANHO","Matuê;Brandão85",2025-12-10,213016,69,true,8jtopaclkzi6fkcxvnzy3t27q,2026-01-18T15:54:57Z,"trap brasileiro,trap,hip hop brasileiro,trap funk","30PRAUM",0.789,0.787,1,-3.792,1,0.033,0.0144,0,0.109,0.382,138.01,4
spotify:track:4N1Vch91SH2b2xrseGfHTy,"Real Luv","Midnight Request Line","Qendresa",2020-11-20,215718,56,true,8jtopaclkzi6fkcxvnzy3t27q,2026-01-19T22:53:10Z,"r&b alternativo","dream city discs",0.655,0.562,8,-7.568,1,0.0644,0.169,0.0000173,0.261,0.523,142.009,4
spotify:track:358o2ZNyG42fkynBA1jQ5K,"Hypnotised","Midnight Request Line","Qendresa",2020-11-20,187432,55,false,8jtopaclkzi6fkcxvnzy3t27q,2026-01-19T23:00:48Z,"r&b alternativo","dream city discs",0.789,0.53,6,-8.556,1,0.0734,0.293,0.0000413,0.472,0.506,119,4
spotify:track:4fVPC7h1aVP2O7tN0bYwe5,"All For You","All For You","Amaria;DESTIN CONRAD",2023-04-28,183354,34,true,8jtopaclkzi6fkcxvnzy3t27q,2026-01-19T23:44:55Z,"r&b alternativo,neo soul","Fashionably Early Records LLC",0.739,0.512,11,-9.864,0,0.0621,0.495,0.0221,0.206,0.747,138.65,4
spotify:track:4lTFqT7kwevMFpBifOsLMD,"Only","All For You","Amaria",2023-04-28,180000,17,false,8jtopaclkzi6fkcxvnzy3t27q,2026-01-19T23:45:42Z,"r&b alternativo,neo soul","Fashionably Early Records LLC",0.566,0.299,10,-10.832,1,0.112,0.48,0.00000192,0.117,0.523,180.044,3
spotify:track:2zKsGLytwZOY5WKEZ1ARAk,"Damaged","All For You","Amaria;PHABO",2023-04-28,196968,21,false,8jtopaclkzi6fkcxvnzy3t27q,2026-01-19T23:48:55Z,"r&b alternativo,neo soul,trap soul","Fashionably Early Records LLC",0.715,0.454,3,-12.105,0,0.101,0.536,0,0.0996,0.721,119.546,4
spotify:track:3OTSZ4ymx10oOtzsKOt4oS,"Pipe Down (feat. Travis Scott)","UY SCUTI","Young Thug;Travis Scott",2025-09-26,210600,62,true,8jtopaclkzi6fkcxvnzy3t27q,2026-01-27T19:11:06Z,"rap,rap melódico,trap","300 Entertainment",0.777,0.515,8,-6.488,1,0.0656,0.00144,0.00000232,0.106,0.247,145.962,4
spotify:track:2VtgzixdB967bHDNu5A1nh,"Metro Spider (with Young Thug)","HEROES & VILLAINS","Metro Boomin;Young Thug",2022-12-02,174560,66,true,8jtopaclkzi6fkcxvnzy3t27q,2026-01-27T19:11:18Z,"rap,rap melódico,trap","Republic Records",0.727,0.723,1,-4.94,1,0.13,0.047,0,0.366,0.286,143.119,4
spotify:track:6D4FK8x2fG9edfjYo7yDON,"Ninja","UY SCUTI","Young Thug",2025-09-26,230720,48,true,8jtopaclkzi6fkcxvnzy3t27q,2026-01-27T19:11:20Z,"rap,rap melódico,trap","300 Entertainment",0.663,0.657,1,-5.919,0,0.0905,0.068,0,0.396,0.156,135.002,4
spotify:track:1qKALAI1oDHKjSEz95KO4w,"MOTIVO","MOTIVO","M'DEP;Tevito;TheJovemJota",2025-01-15,166015,44,true,8jtopaclkzi6fkcxvnzy3t27q,2026-01-27T19:11:30Z,"trap brasileiro,trap","M’DEP",0.7,0.399,7,-9.264,0,0.0919,0.124,0.00000108,0.175,0.368,133.008,4
spotify:track:7IAAv0T7yyvbuWllcHJCXv,"Cr7","Cr7","Tevito;Chiron Mc;Yuri Redicopa",2024-03-29,206769,19,true,8jtopaclkzi6fkcxvnzy3t27q,2026-01-27T19:11:36Z,"trap brasileiro,trap,funk","T7 ARTISTIC COLLETIVE",0.888,0.553,10,-8.071,0,0.348,0.283,0,0.129,0.516,129.984,4
spotify:track:77ZmVaUJ06CxBZ9jF80tU6,"NATA","NATA","Nebrugg;FAB GODAMN;Derek;Trap Select;Pedro Ankh;Isaac;Three;Dalua;Mattyahu;Ph;MAK ""Prince""",2025-04-25,556923,26,true,8jtopaclkzi6fkcxvnzy3t27q,2026-01-27T19:11:51Z,"trap brasileiro,trap,hip hop brasileiro,trap funk","Trap Select",0.812,0.616,1,-7.466,1,0.299,0.013,0,0.0837,0.62,155.977,4
spotify:track:21fQHva1cKN0kTX2HZRfa5,"M'DEP On The Radar Freestyle","M'DEP On The Radar Freestyle","On The Radar;M'DEP",2025-04-17,132468,46,false,8jtopaclkzi6fkcxvnzy3t27q,2026-01-27T19:12:01Z,"drill sexy,trap brasileiro,trap","OTR Worldwide Entertainment Inc. in Exclusive Partnership with Olympus Projects",0.858,0.808,1,-5.562,1,0.445,0.00125,0,0.182,0.932,159.985,4
spotify:track:0UFiJYZzrouAYityS4IuMx,"Trinity","Matrix","Brocasito;JayPluggz",2023-12-20,151304,51,true,8jtopaclkzi6fkcxvnzy3t27q,2026-01-27T19:13:04Z,"trap brasileiro,boom bap,trap","BREEZE",0.915,0.495,8,-10.846,0,0.319,0.0605,0,0.0541,0.722,91.919,4
spotify:track:6lLNJwOTKS76HUOrUG5Bbm,"Dias Difíceis","Rest In Peace","Brocasito",2021-11-05,115605,47,true,8jtopaclkzi6fkcxvnzy3t27q,2026-01-27T19:13:16Z,"trap brasileiro,boom bap,trap","BrocaGang",0.813,0.326,0,-11.436,1,0.309,0.856,0,0.216,0.491,151.974,4
spotify:track:1zMvyn4O9VqL7XyXl5JFCO,"Outro Voo","Matrix","Brocasito;MC PH;JayPluggz",2023-12-20,180000,45,true,8jtopaclkzi6fkcxvnzy3t27q,2026-01-27T19:13:19Z,"trap brasileiro,boom bap,trap,funk,trap funk,funk consciente","BREEZE",0.798,0.511,10,-10.058,0,0.142,0.433,0.0000333,0.107,0.702,96.098,4
spotify:track:6qY0pwZyb781h6h2OYcOQw,"Cana da Choque","Cana da Choque","Pedrin;Bebeto;PAVUNA;Cordeiro",2025-10-29,140017,64,true,8jtopaclkzi6fkcxvnzy3t27q,2026-01-27T19:13:28Z,"trap brasileiro,trap,trap funk","PAVUNA",0.697,0.695,1,-5.492,1,0.053,0.0147,0,0.46,0.148,143.902,4
spotify:track:7wrb9qeJuQAhNYphhgAo7w,"Lil Baby Freestyle","Unique","Emitê Único;Derek;Liam Fenti",2024-07-12,165714,41,true,8jtopaclkzi6fkcxvnzy3t27q,2026-01-27T19:13:44Z,"trap brasileiro,trap,hip hop brasileiro,trap funk","Emite Único",0.918,0.402,5,-11.031,0,0.243,0.216,0,0.22,0.901,126.007,4
spotify:track:684cPUkwwrm2w1BHRUS8jK,"Plug do Stuani","Unique","Emitê Único;Salve Crazy",2024-07-12,146823,41,true,8jtopaclkzi6fkcxvnzy3t27q,2026-01-27T19:13:46Z,"trap brasileiro,trap,trap funk","Emite Único",0.744,0.318,7,-7.974,0,0.363,0.555,0.0000208,0.115,0.297,85.053,4
spotify:track:3xndB1vuDxjhaTnLVlsU3E,"Como Sempre Fez","Alterego","Franco, The Sir!",2023-03-25,222783,27,true,8jtopaclkzi6fkcxvnzy3t27q,2026-01-27T19:14:25Z,"trap brasileiro,trap","Firestorm Records",0.559,0.726,7,-4.258,0,0.123,0.686,0.00000313,0.0896,0.405,94.64,4
spotify:track:6vZnV8a0o05eEEoy4T7BsT,"BIANCA","SPAM","Alee;Klisman;Qualywav1",2026-01-14,184311,56,true,8jtopaclkzi6fkcxvnzy3t27q,2026-01-27T19:26:57Z,"trap brasileiro,trap,hip hop brasileiro,trap funk","Alee",0.461,0.657,0,-5.059,1,0.233,0.141,0.00000153,0.0994,0.384,80.319,5
spotify:track:0K9BY9dZQJQCiDrPcisrGZ,"SOL","SPAM","Alee;Klisman;DougBeats;saboya;Del Jay",2026-01-14,145000,55,true,8jtopaclkzi6fkcxvnzy3t27q,2026-01-27T19:27:01Z,"trap brasileiro,trap,hip hop brasileiro,trap funk","Alee",0.48,0.689,4,-6.648,0,0.399,0.21,0,0.227,0.889,78.245,5
spotify:track:4M45L0XC2m2UDbKxCZY7IN,"BRENDA","SPAM","Alee;Klisman;DougBeats",2026-01-14,169924,61,true,8jtopaclkzi6fkcxvnzy3t27q,2026-01-27T19:27:14Z,"trap brasileiro,trap,hip hop brasileiro,trap funk","Alee",0.664,0.569,9,-7.283,1,0.0633,0.358,0.0000207,0.128,0.191,113.093,4
spotify:track:56B2nMDlL2vaEPwbZt1FhP,"BARBARA","SPAM","Alee;Klisman;DougBeats",2026-01-14,179203,59,true,8jtopaclkzi6fkcxvnzy3t27q,2026-01-27T19:27:48Z,"trap brasileiro,trap,hip hop brasileiro,trap funk","Alee",0.663,0.663,7,-6.81,0,0.0543,0.061,0,0.118,0.605,96.972,4
spotify:track:1mhgqpCAnVZarcA65K6L0h,"PUTO (feat. Alee)","808 CLUB","WIU;Alee",2025-01-30,186000,62,true,8jtopaclkzi6fkcxvnzy3t27q,2026-01-27T20:05:56Z,"trap brasileiro,trap,trap funk,hip hop brasileiro","30PRAUM",0.602,0.518,5,-5.653,0,0.0852,0.717,0,0.0968,0.57,119.903,4
spotify:track:2E5JwQRxlWVKs7OjRbMyFQ,"Type A N***a","Type A N***a","Nino Breeze;Rick Ross;Moneybagg Yo",2024-08-15,246400,63,true,8jtopaclkzi6fkcxvnzy3t27q,2026-01-30T01:13:43Z,"southern hip hop","MMG/gamma.",0.677,0.685,8,-8.532,0,0.347,0.56,0,0.157,0.535,75.078,4
spotify:track:3B4cjvGlPvyBLNG3AzEgkZ,"E85","OCTANE","Don Toliver",2026-01-30,153181,91,true,8jtopaclkzi6fkcxvnzy3t27q,2026-01-30T10:47:42Z,"","CactusJack/Donnway/ATL",0.556,0.714,11,-4.43,0,0.0418,0.0463,0,0.822,0.332,131.992,4
spotify:track:0FlcmZ13DGRmscCroro9GO,"Body","OCTANE","Don Toliver",2026-01-30,155753,88,true,8jtopaclkzi6fkcxvnzy3t27q,2026-01-30T11:06:16Z,"","CactusJack/Donnway/ATL",0.828,0.479,8,-3.688,1,0.0734,0.222,0,0.159,0.696,145.944,4
spotify:track:4Z5KKoBGxpJo8YbDcGQXd5,"Secondhand (feat. Rema)","OCTANE","Don Toliver;Rema",2026-01-30,226666,85,true,8jtopaclkzi6fkcxvnzy3t27q,2026-01-30T11:10:29Z,"afrobeats,afrobeat,afropop,afropiano","CactusJack/Donnway/ATL",0.697,0.643,8,-5.515,0,0.044,0.422,0,0.134,0.308,143.964,4
spotify:track:2GHKo6nrSjruvBEQbzD7Fw,"Tiramisu","OCTANE","Don Toliver",2026-01-30,138947,82,true,8jtopaclkzi6fkcxvnzy3t27q,2026-01-30T11:18:29Z,"","CactusJack/Donnway/ATL",0.808,0.706,11,-5.749,0,0.0393,0.0473,0.00000822,0.129,0.334,133.021,4
spotify:track:03auLpFLdCv4HozP4pQseu,"ATM","OCTANE","Don Toliver",2026-01-30,180705,82,true,8jtopaclkzi6fkcxvnzy3t27q,2026-01-30T11:18:32Z,"","CactusJack/Donnway/ATL",0.695,0.686,9,-6.163,0,0.133,0.314,0.0000136,0.294,0.396,170.056,4
spotify:track:4FUQtedaG22FWZ6lGyRApm,"Rosary (feat. Travis Scott)","OCTANE","Don Toliver;Travis Scott",2026-01-30,194594,76,true,8jtopaclkzi6fkcxvnzy3t27q,2026-01-30T11:25:17Z,"rap","CactusJack/Donnway/ATL",0.781,0.739,1,-1.587,1,0.0614,0.176,0.00000355,0.0965,0.755,148.008,4
spotify:track:3Hb28pse82bhnmW9sjTahL,"All The Signs (feat. Teezo Touchdown)","OCTANE","Don Toliver;Teezo Touchdown",2026-01-30,200474,72,true,8jtopaclkzi6fkcxvnzy3t27q,2026-01-30T11:27:26Z,"","CactusJack/Donnway/ATL",0.413,0.446,5,-8.07,0,0.0357,0.535,0,0.162,0.409,132.629,4
spotify:track:16yVaWo0Gmvs2wlnmJbcH7,"Call Back","OCTANE","Don Toliver",2026-01-30,123840,82,true,8jtopaclkzi6fkcxvnzy3t27q,2026-01-30T11:30:37Z,"","CactusJack/Donnway/ATL",0.843,0.735,11,-3.971,1,0.0452,0.0962,0,0.179,0.432,124.941,4
spotify:track:3kw29NreyBGyArNmYARr63,"Tuition","OCTANE","Don Toliver",2026-01-30,169090,74,true,8jtopaclkzi6fkcxvnzy3t27q,2026-01-30T11:33:02Z,"","CactusJack/Donnway/ATL",0.629,0.623,7,-4.6,0,0.0371,0.382,0,0.138,0.178,132.048,4
spotify:track:2A5cwtDZpk7RvsPolrF4UL,"Excavator","OCTANE","Don Toliver",2026-01-30,211106,80,true,8jtopaclkzi6fkcxvnzy3t27q,2026-01-30T11:39:04Z,"","CactusJack/Donnway/ATL",0.546,0.723,1,-3.765,1,0.043,0.0194,0,0.123,0.142,138.997,4
spotify:track:588gFLoYJdlQ9zLSuR3IpJ,"TMU","OCTANE","Don Toliver",2026-01-30,180000,75,true,8jtopaclkzi6fkcxvnzy3t27q,2026-01-30T11:49:19Z,"","CactusJack/Donnway/ATL",0.692,0.551,10,-4.904,0,0.0382,0.437,0.000416,0.172,0.225,139.018,4
spotify:track:6d9Cs2D2RSIl9c0ulgnFe8,"Gemstone","OCTANE","Don Toliver",2026-01-30,121690,81,true,8jtopaclkzi6fkcxvnzy3t27q,2026-01-30T11:49:40Z,"","CactusJack/Donnway/ATL",0.615,0.81,5,-3.977,1,0.0414,0.00871,0.00000512,0.72,0.037,142.069,4
spotify:track:19cgfclwwxsGGwaEbOn0B2,"Pleasure’s Mine","OCTANE","Don Toliver",2026-01-30,177464,73,true,8jtopaclkzi6fkcxvnzy3t27q,2026-01-30T11:51:42Z,"","CactusJack/Donnway/ATL",0.543,0.574,9,-7.925,0,0.0365,0.0416,0.0000396,0.125,0.0392,142.039,4
spotify:track:5XvhSQBOgJMs4whI9uaDY2,"Gueto Gospel","O Sol Também Chora","Borges;Ajaxx",2026-01-28,152170,39,false,8jtopaclkzi6fkcxvnzy3t27q,2026-02-03T10:42:27Z,"trap brasileiro,trap,trap funk,hip hop brasileiro","MNT Records",0.734,0.704,1,-4.408,0,0.0889,0.273,0,0.0808,0.439,139.988,4
spotify:track:53E4TcTOJE6Qoyi6JgutkH,"Não to Bem","O Sol Também Chora","Borges;Ajaxx",2026-01-28,101142,44,false,8jtopaclkzi6fkcxvnzy3t27q,2026-02-03T10:55:00Z,"trap brasileiro,trap,trap funk,hip hop brasileiro","MNT Records",0.588,0.525,0,-5.628,0,0.0736,0.56,0,0.136,0.341,139.894,4
spotify:track:5AaOSiKnpeCoqhJ9y2Fpwh,"Seja Como o Sol","O Sol Também Chora","Borges;Ajaxx;Nansy Silvvz;Vt no beat",2026-01-28,195413,37,false,8jtopaclkzi6fkcxvnzy3t27q,2026-02-03T11:03:14Z,"trap brasileiro,trap,trap funk,hip hop brasileiro,boom bap","MNT Records",0.83,0.908,0,-3.503,0,0.206,0.0515,0,0.326,0.915,140.003,4
spotify:track:4rqdcTkE0cVq2Xilp5wqeX,"A Comitiva","Empate Técnico","Leviano;TOKIODK;Markin Avel",2025-01-31,188601,51,true,8jtopaclkzi6fkcxvnzy3t27q,2026-02-03T11:07:15Z,"trap brasileiro,trap,trap funk,hip hop brasileiro,boom bap","Virgin Music Label And Artist Services (S&D)",0.769,0.696,7,-4.106,1,0.125,0.103,0,0.156,0.242,113.85,4
spotify:track:3RFtiM0CbheWY3QXaEIq7J,"Como Que Eu Tiro Férias (2º Tempo)","Empate Técnico","Leviano;TOKIODK;LB Único",2025-01-31,179999,54,true,8jtopaclkzi6fkcxvnzy3t27q,2026-02-03T11:10:30Z,"trap brasileiro,trap,trap funk,hip hop brasileiro,boom bap,funk","Virgin Music Label And Artist Services (S&D)",0.871,0.714,8,-5.664,1,0.283,0.483,0.000026,0.124,0.488,139.947,4
spotify:track:5DBkCzSGttobRr6ApIEd4f,"Mamas PrimeTime","And Then You Pray For Me","Westside Gunn;JID;Conway the Machine;Cartier A Williams",2023-10-13,299270,49,true,8jtopaclkzi6fkcxvnzy3t27q,2026-02-04T14:10:13Z,"boom bap,hip hop alternativo,jazz rap,rap experimental,east coast hip hop","Griselda Records / EMPIRE",0.623,0.909,1,-5.037,1,0.359,0.236,0,0.0806,0.469,151.167,4
spotify:track:30hui0n0IE1y699MAEPNGp,"Kostas","And Then You Pray For Me","Westside Gunn;Conway the Machine;Benny The Butcher",2023-10-13,333423,48,true,8jtopaclkzi6fkcxvnzy3t27q,2026-02-04T14:13:52Z,"boom bap,hip hop alternativo,jazz rap,rap experimental,east coast hip hop","Griselda Records / EMPIRE",0.586,0.557,1,-6.896,1,0.294,0.0155,0.00000869,0.357,0.225,119.907,4
spotify:track:29TkURtrYuiFSs7LKyiwaQ,"1989 (feat. Stove God Cooks)","And Then You Pray For Me","Westside Gunn;DJ Drama;Stove God Cooks",2023-10-13,251123,34,true,8jtopaclkzi6fkcxvnzy3t27q,2026-02-04T14:25:57Z,"boom bap,hip hop alternativo,jazz rap,rap experimental,southern hip hop","Griselda Records / EMPIRE",0.723,0.495,1,-8.827,1,0.247,0.084,0,0.173,0.392,115.288,4
spotify:track:4mlP10ICLhXt2QmUf0GkpB,"KITCHEN LIGHTS","And Then You Pray For Me","Westside Gunn;Stove God Cooks",2023-10-13,300989,55,true,8jtopaclkzi6fkcxvnzy3t27q,2026-02-04T14:31:07Z,"boom bap,hip hop alternativo,jazz rap,rap experimental","Griselda Records / EMPIRE",0.257,0.688,7,-3.569,0,0.0536,0.0441,0,0.178,0.428,76.004,4
spotify:track:3Hwc9uyLKCu0aCKmpE6Gm9,"DunnHill (feat. Rick Ross)","And Then You Pray For Me","Westside Gunn;Rick Ross",2023-10-13,239355,37,true,8jtopaclkzi6fkcxvnzy3t27q,2026-02-04T14:38:03Z,"boom bap,hip hop alternativo,jazz rap,rap experimental,southern hip hop","Griselda Records / EMPIRE",0.574,0.624,11,-6.166,1,0.256,0.00146,0.00000955,0.322,0.186,137.645,4
spotify:track:46emgqllTCiIxq7AOM2wC8,"Chloe","And Then You Pray For Me","Westside Gunn;Ty Dolla $ign",2023-10-13,231532,37,true,8jtopaclkzi6fkcxvnzy3t27q,2026-02-04T20:25:04Z,"boom bap,hip hop alternativo,jazz rap,rap experimental,trap soul","Griselda Records / EMPIRE",0.317,0.746,3,-3.049,1,0.0405,0.00022,0,0.363,0.276,106.259,4
spotify:track:5JYtlPnNypeU3OzKhBvwfc,"Ultra GriZelda (feat. Denzel Curry)","And Then You Pray For Me","Westside Gunn;Denzel Curry",2023-10-13,148682,39,true,8jtopaclkzi6fkcxvnzy3t27q,2026-02-04T20:43:21Z,"boom bap,hip hop alternativo,jazz rap,rap experimental","Griselda Records / EMPIRE",0.789,0.588,10,-4.541,1,0.0842,0.0183,0,0.0984,0.0658,120.079,4
spotify:track:2u0iQGO4DGvhNYj859Frdw,"MR EVERYTHING (feat. Jeezy)","And Then You Pray For Me","Westside Gunn;DJ Swamp Izzo;Jeezy",2023-10-13,165596,36,true,8jtopaclkzi6fkcxvnzy3t27q,2026-02-04T20:54:00Z,"boom bap,hip hop alternativo,jazz rap,rap experimental,southern hip hop,crunk,gangster rap,rap","Griselda Records / EMPIRE",0.637,0.79,6,-4.314,1,0.305,0.0115,0,0.135,0.422,70.474,4
spotify:track:6fopd3QUPcmzkIWMvbd0yr,"AMAPIANO","AMAPIANO","Yuri Redicopa;Supernova Ent",2026-02-05,140487,34,true,8jtopaclkzi6fkcxvnzy3t27q,2026-02-06T15:40:32Z,"funk,trap brasileiro,trap,trap funk,hip hop brasileiro","SN Records",0.901,0.675,1,-6.032,0,0.298,0.0643,0.0000694,0.0533,0.605,122.907,4
spotify:track:5JYIcuUNEVhy57xY8M1eHh,"NEM ERA PRA EU TÁ AQUI (Deus Que Me Escolheu)","INFRAÇÃO - 1º ATO","TOKIODK;TerrorDosBeats",2026-02-09,202304,69,false,8jtopaclkzi6fkcxvnzy3t27q,2026-02-10T11:16:42Z,"boom bap,trap brasileiro,hip hop brasileiro,trap,trap funk","WM Brazil",0.496,0.522,8,-5.94,1,0.345,0.122,0.00000413,0.147,0.0739,73.251,4
spotify:track:4eBhEeJQMAUicGzYg75oEB,"VENOM","INFRAÇÃO - 1º ATO","TOKIODK;biggie diehl",2026-02-09,175218,62,false,8jtopaclkzi6fkcxvnzy3t27q,2026-02-10T11:19:51Z,"boom bap,trap brasileiro,hip hop brasileiro,trap,trap funk","WM Brazil",0.849,0.741,2,-5.178,1,0.239,0.0869,0.000235,0.0868,0.652,144.995,4
spotify:track:2sbrLfPH1dFH1f9gRlDBOb,"AMOR BANDIDO","INFRAÇÃO - 1º ATO","TOKIODK;Maui;TerrorDosBeats;Pietro Zucaratto",2026-02-09,209350,50,false,8jtopaclkzi6fkcxvnzy3t27q,2026-02-10T11:23:13Z,"boom bap,trap brasileiro,hip hop brasileiro,trap,trap funk","WM Brazil",0.833,0.698,11,-4.33,0,0.0821,0.292,0.0000738,0.388,0.551,130.046,4
spotify:track:34O4NQ2YMK4jboKvSMybgt,"KEN CARSON","INFRAÇÃO - 1º ATO","TOKIODK;Lucchini",2026-02-09,174147,55,false,8jtopaclkzi6fkcxvnzy3t27q,2026-02-10T11:31:49Z,"boom bap,trap brasileiro,hip hop brasileiro,trap,trap funk","WM Brazil",0.726,0.705,1,-5.029,1,0.374,0.187,0,0.136,0.565,71.991,4
spotify:track:6iebUy3MWdOa8weM0WwDIY,"Rubi Rose","Rubi Rose","Kloe;TOKIODK;LeodoKick;Skinny Beats",2025-09-19,164475,40,false,8jtopaclkzi6fkcxvnzy3t27q,2026-02-10T17:48:06Z,"trap brasileiro,boom bap,hip hop brasileiro,trap,trap funk","HHR Records",0.694,0.759,5,-3.866,0,0.324,0.286,0,0.13,0.692,142.827,4
spotify:track:02n0kRA0M2Gs83V9QtWw0v,"GET RICH","GET RICH","TheJovemJota;Mvt;Kenji",2026-02-11,139281,28,true,8jtopaclkzi6fkcxvnzy3t27q,2026-02-11T22:53:15Z,"trap brasileiro,trap","UNDRKD",0.852,0.707,3,-5.397,0,0.0764,0.00556,0,0.28,0.649,140.076,4
spotify:track:5CUkJDkpsjEH1QnhoN9rTc,"IMPERADOR","INFRAÇÃO - 1º ATO","TOKIODK;Manel Beats",2026-02-09,163660,50,false,8jtopaclkzi6fkcxvnzy3t27q,2026-02-24T10:45:36Z,"boom bap,trap brasileiro,hip hop brasileiro,trap,trap funk","WM Brazil",0.612,0.698,6,-5.749,1,0.335,0.275,0,0.118,0.76,71.397,4
spotify:track:5TxRcYoifoJJpZddz0Tiz7,"KIM KARDASHIAN","INFRAÇÃO - 1º ATO","TOKIODK;Markin Avel",2026-02-09,140915,56,false,8jtopaclkzi6fkcxvnzy3t27q,2026-02-24T10:45:47Z,"boom bap,trap brasileiro,hip hop brasileiro,trap,trap funk","WM Brazil",0.784,0.706,1,-4.027,1,0.198,0.29,0.0739,0.0543,0.255,151.683,1
spotify:track:0jl7ICnmyC6ddEvzkSHKnj,"QUEM É VOCÊ¿","INFRAÇÃO - 1º ATO","TOKIODK;Neo Beats;Hawkein",2026-02-09,161142,58,false,8jtopaclkzi6fkcxvnzy3t27q,2026-02-24T10:45:52Z,"boom bap,trap brasileiro,hip hop brasileiro,trap,trap funk","WM Brazil",0.799,0.615,6,-8.361,1,0.344,0.146,0,0.117,0.343,140.027,4
spotify:track:72Sa5Fo4svsQMGBS0wTgs3,"CLARA","PARA: TODAS QUE FINGI AMAR","Alee;Klisman;DougBeats;Qualywav1",2026-02-24,161540,59,true,8jtopaclkzi6fkcxvnzy3t27q,2026-02-25T10:30:22Z,"trap brasileiro,trap,hip hop brasileiro,trap funk","Alee",0.723,0.396,2,-7.891,1,0.0441,0.459,0,0.107,0.278,130.143,4
spotify:track:0fgYo8yGtG6yoYRIvnA7jb,"ROBERTA","PARA: TODAS QUE FINGI AMAR","Alee;Klisman;DougBeats;Dallass;saboya;Qualywav1",2026-02-24,151396,58,true,8jtopaclkzi6fkcxvnzy3t27q,2026-02-25T10:34:33Z,"trap brasileiro,trap,hip hop brasileiro,trap funk","Alee",0.525,0.834,3,-4.113,0,0.133,0.409,0,0.106,0.767,160.207,4
spotify:track:3UgBLaN5pCz0qkKURHxQEi,"DIANA","PARA: TODAS QUE FINGI AMAR","Alee;Klisman;DougBeats;Dallass",2026-02-24,145988,62,true,8jtopaclkzi6fkcxvnzy3t27q,2026-02-25T10:37:04Z,"trap brasileiro,trap,hip hop brasileiro,trap funk","Alee",0.725,0.376,7,-8.158,0,0.0659,0.658,0,0.107,0.619,110.041,1
spotify:track:3hn5JUIqBMIy8REz6WeiNH,"EDUARDA","PARA: TODAS QUE FINGI AMAR","Alee;Klisman;Jimyy",2026-02-24,187029,65,true,8jtopaclkzi6fkcxvnzy3t27q,2026-02-25T10:42:59Z,"trap brasileiro,trap,hip hop brasileiro,trap funk","Alee",0.487,0.718,1,-3.55,1,0.121,0.222,0,0.373,0.388,80.536,5
spotify:track:0MTqBSTbhN0QJvf5lNe4H2,"JULIANA","PARA: TODAS QUE FINGI AMAR","Alee;Klisman;DougBeats;RUXN;saboya",2026-02-24,138735,57,true,8jtopaclkzi6fkcxvnzy3t27q,2026-02-25T10:44:59Z,"trap brasileiro,trap,hip hop brasileiro,trap funk","Alee",0.608,0.836,9,-6.067,0,0.326,0.0331,0,0.185,0.667,159.614,4
spotify:track:4lx42qnOkXVpL7Xr0Ptg4G,"REBECA","PARA: TODAS QUE FINGI AMAR","Alee;Klisman;saboya;Del Jay;Hunter",2026-02-24,147034,59,true,8jtopaclkzi6fkcxvnzy3t27q,2026-02-25T10:47:43Z,"trap brasileiro,trap,hip hop brasileiro,trap funk","Alee",0.525,0.834,3,-4.113,0,0.133,0.409,0,0.106,0.767,160.207,4
spotify:track:2NaPd586OnBVNMaV6hKNV1,"ISABELA","PARA: TODAS QUE FINGI AMAR","Alee;Klisman;DougBeats;Dallass;saboya;Jimyy",2026-02-24,277542,55,true,8jtopaclkzi6fkcxvnzy3t27q,2026-02-25T10:57:40Z,"trap brasileiro,trap,hip hop brasileiro,trap funk","Alee",0.426,0.503,8,-9.01,1,0.283,0.147,0.00000156,0.532,0.135,72.878,4
spotify:track:3dxNxyeTStZQolWK8mJzKF,"PARA: TODAS QUE FINGI AMAR","PARA: TODAS QUE FINGI AMAR","Alee;Klisman;Hunter;saboya;Qualywav1;DougBeats",2026-02-24,167819,57,true,8jtopaclkzi6fkcxvnzy3t27q,2026-02-25T11:00:50Z,"trap brasileiro,trap,hip hop brasileiro,trap funk","Alee",0.525,0.682,11,-6.912,1,0.18,0.13,0,0.112,0.359,119.013,4
spotify:track:07u93LhGhZ6meXcVyQzHHh,"uma carta a ela","Um Menino Bom","Dfideliz",2026-03-12,101379,47,true,8jtopaclkzi6fkcxvnzy3t27q,2026-03-13T10:23:28Z,"trap brasileiro,hip hop brasileiro,trap,trap funk","Jds",0.441,0.334,11,-17.174,0,0.0864,0.297,0.0000407,0.0754,0.118,77.002,1
spotify:track:4rFf3PBhUxwWPdIec6pLWE,"Kroos & Modric","DQQ","Hidvn;Cunha;DJ K1TO",2024-10-31,204807,44,true,8jtopaclkzi6fkcxvnzy3t27q,2026-03-17T23:21:16Z,"funk bruxaria","Bolo de Rolo",0.461,0.585,1,-6.101,1,0.175,0.645,0,0.117,0.67,92.7,3
spotify:track:4eHUHKmSzzrc9tvUlWlVoc,"17 Maçã","17 Maçã","KayG;Bradockdan;MIB",2026-03-12,164571,25,true,8jtopaclkzi6fkcxvnzy3t27q,2026-03-17T23:22:03Z,"trap brasileiro,trap,boom bap","KayG",0.743,0.534,8,-8.137,1,0.38,0.175,0,0.164,0.435,139.893,4
spotify:track:289f3fB3mR8R2ExKicf4TR,"drive by","Um Menino Bom","Dfideliz",2026-03-12,165816,43,true,8jtopaclkzi6fkcxvnzy3t27q,2026-03-18T10:28:07Z,"trap brasileiro,hip hop brasileiro,trap,trap funk","Jds",0.695,0.804,7,-5.653,1,0.125,0.155,0,0.187,0.401,143.952,4
spotify:track:1pqG8egYsdWZiHSMT1QTaL,"Pop (feat. Rico Nasty)","BLUE LIPS","ScHoolboy Q;Rico Nasty",2024-03-01,196576,48,true,8jtopaclkzi6fkcxvnzy3t27q,2026-03-20T12:30:41Z,"","Top Dawg Entertainment/Interscope Records",0.53,0.682,0,-8.285,1,0.134,0.11,0.0000756,0.289,0.279,140.358,4
spotify:track:7CwO2esrH095tjxmJVMY2E,"THank god 4 me","BLUE LIPS","ScHoolboy Q",2024-03-01,177260,60,true,8jtopaclkzi6fkcxvnzy3t27q,2026-03-20T12:33:40Z,"","Top Dawg Entertainment/Interscope Records",0.725,0.574,1,-7.945,1,0.152,0.638,0,0.112,0.419,136.003,4
spotify:track:4P8XKXpkJ2QGM442VUwfOX,"Yeern 101","BLUE LIPS","ScHoolboy Q",2024-03-01,140005,54,true,8jtopaclkzi6fkcxvnzy3t27q,2026-03-20T12:39:15Z,"","Top Dawg Entertainment/Interscope Records",0.865,0.79,11,-6.676,1,0.11,0.17,0,0.117,0.288,137.994,4
spotify:track:6B7FWe7D3c4LKO5cSz19iD,"Cooties","BLUE LIPS","ScHoolboy Q",2024-03-01,172888,43,true,8jtopaclkzi6fkcxvnzy3t27q,2026-03-20T12:49:30Z,"","Top Dawg Entertainment/Interscope Records",0.68,0.61,8,-8.949,1,0.12,0.0721,0.00000368,0.116,0.351,74.951,4
spotify:track:6UqgBwNMKmhjDuN0OcVJA0,"Foux (feat. Ab-Soul)","BLUE LIPS","ScHoolboy Q;Ab-Soul",2024-03-01,281560,45,true,8jtopaclkzi6fkcxvnzy3t27q,2026-03-20T12:56:15Z,"","Top Dawg Entertainment/Interscope Records",0.66,0.566,0,-9.136,1,0.0532,0.459,0,0.124,0.379,147.967,4
spotify:track:4jTlfU1QMbhaAleV6Zu9EJ,"First","BLUE LIPS","ScHoolboy Q",2024-03-01,245695,43,true,8jtopaclkzi6fkcxvnzy3t27q,2026-03-20T13:04:44Z,"","Top Dawg Entertainment/Interscope Records",0.496,0.497,6,-10.742,0,0.222,0.0421,0.00000265,0.189,0.443,133.21,4
spotify:track:2Q1kWoGFFxY9gkwfZPoCPi,"Nunu","BLUE LIPS","ScHoolboy Q",2024-03-01,166955,41,true,8jtopaclkzi6fkcxvnzy3t27q,2026-03-20T13:08:43Z,"","Top Dawg Entertainment/Interscope Records",0.297,0.905,2,-8.869,1,0.239,0.338,0.0151,0.312,0.234,128.548,5
spotify:track:5Nmij04oaIysHaRrSddHyM,"Lost Times (feat. Jozzy)","BLUE LIPS","ScHoolboy Q;Jozzy",2024-03-01,173230,48,true,8jtopaclkzi6fkcxvnzy3t27q,2026-03-20T13:17:28Z,"","Top Dawg Entertainment/Interscope Records",0.408,0.727,8,-7.263,1,0.1,0.702,0,0.443,0.2,152.295,4
spotify:track:136vuV2kKsdloNJ1lxPiWh,"Pig feet (feat. Childish Major)","BLUE LIPS","ScHoolboy Q;Childish Major",2024-03-01,195038,43,true,8jtopaclkzi6fkcxvnzy3t27q,2026-03-20T13:25:12Z,"","Top Dawg Entertainment/Interscope Records",0.56,0.529,8,-8.536,1,0.261,0.354,0.00000271,0.202,0.0827,145.109,4
spotify:track:5pfn68duSmBKo4FhYknOms,"FATHER (feat. Travis Scott)","BULLY","Kanye West;Ye;Travis Scott",2026-03-28,169330,86,true,8jtopaclkzi6fkcxvnzy3t27q,2026-03-30T15:43:40Z,"rap","YZY/gamma.",0.742,0.543,11,-7.71,0,0.102,0.462,0.0000244,0.136,0.0387,107.037,4
spotify:track:6Zy3Cam4HvhFku4vVG0b5C,"Drks de Sp","CFC-G","Moreir4;Kyef;Dimy;Frost",2025-09-12,128108,45,true,8jtopaclkzi6fkcxvnzy3t27q,2026-04-15T18:34:30Z,"trap brasileiro","Moreir4",0.68,0.541,2,-8.35,1,0.29,0.237,0,0.313,0.673,147.072,4
spotify:track:7G71juY1bt2tAVW7p4BWWL,"WARZONE","ISSO É TRAP VOL.2","Brandão85",2026-04-15,166285,63,false,8jtopaclkzi6fkcxvnzy3t27q,2026-04-16T10:07:49Z,"trap brasileiro,trap","30PRAUM",0.709,0.771,9,-2.461,1,0.257,0.0573,0.00000468,0.297,0.713,139.741,4
spotify:track:19YpHHuFTHcawjKGFAMI94,"DEPENDENTE (fala pra mim)","O Cara Errado","Dudu;TR3VAS;Jota;Signobeat",2026-04-23,204642,49,false,8jtopaclkzi6fkcxvnzy3t27q,2026-04-23T19:01:17Z,"trap brasileiro,hip hop brasileiro,trap,bhangra,hip hop panjabi","Som Livre",0.832,0.662,2,-7.597,1,0.183,0.521,0.00000126,0.106,0.153,100.098,4
spotify:track:0CivVvEiZ1FerriPzeVyJ8,"Bestie","Bestie","Dfideliz;Jé;Trap Select",2025-10-17,161818,44,true,8jtopaclkzi6fkcxvnzy3t27q,2026-04-27T10:05:08Z,"trap brasileiro,hip hop brasileiro,trap,trap funk","Universal Music Ltda.",0.838,0.409,4,-10.595,0,0.243,0.374,0,0.356,0.417,131.891,4
spotify:track:4oixysiiA25cTrg8xjVIgM,"Quincy Promes","The Leste Face","Polak",2025-10-24,169829,29,true,8jtopaclkzi6fkcxvnzy3t27q,2026-04-27T10:05:17Z,"trap brasileiro","Reflex Mob",0.628,0.567,9,-10.792,0,0.229,0.0789,0.000328,0.11,0.509,122.296,4
spotify:track:2yPryLKe4g8qfCwqEHpB5F,"MAIS UM PACK","The Leste Face","Polak",2025-10-24,170870,15,true,8jtopaclkzi6fkcxvnzy3t27q,2026-04-27T10:06:03Z,"trap brasileiro","Reflex Mob",0.667,0.566,2,-9.684,1,0.353,0.017,0.00136,0.0855,0.352,90.047,5
spotify:track:2nfxvqaRwl7vAe0JiHYrth,"James Harden","The Leste Face","Polak;Leviano;zakkkog",2025-10-24,208397,41,true,8jtopaclkzi6fkcxvnzy3t27q,2026-04-27T10:06:13Z,"trap brasileiro,trap,trap funk,hip hop brasileiro","Reflex Mob",0.518,0.672,1,-9.394,1,0.24,0.0647,0.00000466,0.482,0.215,132.981,4
spotify:track:0L6PAXH9gvcYwps3mrCF4v,"A CARA DA LESTE","The Leste Face","Polak;Lxcas092",2025-10-24,165988,20,true,8jtopaclkzi6fkcxvnzy3t27q,2026-04-27T10:06:37Z,"trap brasileiro,boom bap","Reflex Mob",0.879,0.506,6,-7.067,0,0.408,0.343,0,0.05,0.819,141.042,4
spotify:track:0RHkEsruac3aSdHdxsvVNB,"DISSIMULADO (caiu na armadilha)","O Cara Errado","Dudu;Tibery;MATHINVOKER",2026-04-23,116078,46,false,8jtopaclkzi6fkcxvnzy3t27q,2026-04-27T10:18:03Z,"trap brasileiro,hip hop brasileiro,trap,trap funk","Som Livre",0.824,0.591,9,-6.528,1,0.167,0.0448,0.000267,0.107,0.568,152.985,4
spotify:track:0rpYsAUDPr907aflRFgHCE,"AUSENTE (refém da noite)","O Cara Errado","Dudu;Luiza Peso;OFVC;Signobeat",2026-04-23,160093,45,false,8jtopaclkzi6fkcxvnzy3t27q,2026-04-27T10:22:47Z,"trap brasileiro,hip hop brasileiro,trap","Som Livre",0.578,0.557,1,-8.346,1,0.0817,0.206,0,0.251,0.379,173.878,4
spotify:track:10m71bibk6nEbgtPilXSZv,"MAGIE","MAGIE","Maes",2024-06-19,218503,67,true,8jtopaclkzi6fkcxvnzy3t27q,2026-05-01T18:49:39Z,"rap francês,pop urbaine","Universal Music Distribution France",0.661,0.577,9,-8.052,1,0.102,0.117,0,0.201,0.308,123.925,4
spotify:track:3qpbRVi19oJw1jMRSaNFPN,"The Boy Who Played the Harp","The Boy Who Played the Harp","Dave",2025-10-23,277765,69,true,8jtopaclkzi6fkcxvnzy3t27q,2026-05-12T10:48:04Z,"grime,grime reino unido,drill reino unido,drill","Neighbourhood",0.575,0.551,2,-11.386,0,0.21,0.859,0.00103,0.105,0.775,139.617,4
spotify:track:4FKXfcmdye6qnoR7UPeeCz,"BB King","Bluesman","Baco Exu do Blues",2018-11-23,199083,0,false,8jtopaclkzi6fkcxvnzy3t27q,2026-05-12T11:55:16Z,"hip hop brasileiro,trap brasileiro","999",0.613,0.783,3,-7.92,0,0.516,0.407,0,0.43,0.433,125.99,4
spotify:track:01vCzM84c5JLSkG2iXC9VZ,"WE ON GO","WE ON GO","BIA",2025-05-02,168533,78,true,8jtopaclkzi6fkcxvnzy3t27q,2026-05-14T02:00:48Z,"","Epic",0.716,0.8,9,-3.898,1,0.0751,0.0457,0,0.358,0.622,131.01,4
spotify:track:2IzZDG0nsfZD8H9AKi2aPc,"BLOCKKIDS","BLOCKKIDS","THIZZY52",2026-02-12,147893,75,true,8jtopaclkzi6fkcxvnzy3t27q,2026-05-16T01:01:55Z,"hip hop alemão","Urban",0.845,0.629,1,-8.162,1,0.216,0.0659,0,0.18,0.349,130.213,4
spotify:track:1znEQ8vLrKp09w5xRlsmAP,"Quem Tá Vivo, Tá Vivendo","Quem Tá Vivo, Tá Vivendo","Mc IG;MC PH;MC Ryan SP;DJ Hyago",2026-03-26,228000,61,true,8jtopaclkzi6fkcxvnzy3t27q,2026-05-21T12:05:39Z,"funk,trap funk,funk consciente,trap brasileiro","WM Brazil",0.612,0.62,8,-4.285,1,0.357,0.0213,0,0.105,0.591,100.492,3
spotify:track:3uJ3qMOr8KWOBVANwSsMi3,"Sensação de Poder","Quem Tá Vivo, Tá Vivendo","Mc IG;Mc Don Juan;MC GH do 7;Mc Fidelis;D Santana;MC LUUKY;Mc guizinho niazi;Murillo e LT no Beat",2026-03-26,452682,55,true,8jtopaclkzi6fkcxvnzy3t27q,2026-05-21T12:05:51Z,"funk,trap funk,funk consciente,trap brasileiro,trap","WM Brazil",0.663,0.507,1,-1.701,0,0.431,0.312,0,0.146,0.616,92.054,3
spotify:track:5JDu5HkUyhcwJHU69ysMvD,"TOO EASY","DONDA 2","DONDA;Kanye West;Ye",2025-06-06,177254,55,true,8jtopaclkzi6fkcxvnzy3t27q,2026-05-21T12:26:48Z,"rap","YZY",0.615,0.717,7,-5.85,1,0.0398,0.0000495,0.00155,0.114,0.206,114.878,3
spotify:track:4mVBfQgc0bpA3eLNEpzv2F,"BURN EVERYTHING","DONDA 2","DONDA;Kanye West;Ye",2025-06-06,120824,55,true,8jtopaclkzi6fkcxvnzy3t27q,2026-05-21T12:32:37Z,"rap","YZY",0.606,0.626,8,-6.18,1,0.0299,0.452,0.0000291,0.24,0.216,135.93,4
spotify:track:1cfQL9PukFheShxHQ1vlIK,"FOOL ME ONCE (feat. Leon Thomas)","BELOVED: ACT II","GIVĒON;Leon Thomas",2026-05-15,198812,71,false,8jtopaclkzi6fkcxvnzy3t27q,2026-05-21T15:32:23Z,"r&b","Epic/Not So Fast",0.553,0.578,7,-7.435,1,0.126,0.296,0.00000104,0.174,0.272,81.203,4
