Track URI,Track Name,Album Name,Artist Name(s),Release Date,Duration (ms),Popularity,Explicit,Added By,Added At,Genres,Record Label,Danceability,Energy,Key,Loudness,Mode,Speechiness,Acousticness,Instrumentalness,Liveness,Valence,Tempo,Time Signature
spotify:track:5xZTPtpyD5AceTwWABrybk,"Goles Perdidos","Goles Perdidos","Maquiny;Azevedo;Orochi",2016-06-12,237749,46,true,8jtopaclkzi6fkcxvnzy3t27q,2021-07-03T05:02:03Z,"hip hop brasileiro,trap brasileiro,trap funk,trap","ModestiaParte",0.722,0.482,2,-8.356,1,0.0894,0.523,0,0.12,0.377,114.964,4
spotify:track:43PJcmWnRCYt7SomaJZ4NT,"Ego","Ego","Maquiny;Azevedo;Orochi",2017-07-13,223995,35,true,8jtopaclkzi6fkcxvnzy3t27q,2021-07-03T05:02:09Z,"hip hop brasileiro,trap brasileiro,trap funk,trap","Modestiaparte",0.683,0.7,2,-7.026,1,0.0514,0.0421,0.000279,0.341,0.136,104.064,4
spotify:track:6rYggKzXsqGpd1I18N7Rhs,"Mainstreet","Mainstreet","Orochi",2018-08-20,209500,50,true,8jtopaclkzi6fkcxvnzy3t27q,2021-07-03T05:02:15Z,"trap brasileiro,hip hop brasileiro,trap funk,trap","Orochi",0.482,0.616,8,-6.831,0,0.349,0.0274,0,0.0888,0.546,83.215,4
spotify:track:6yBJ12HCiAx2IDK2ATFTCc,"Juízo Final","Juízo Final","Orochi;Papatinho",2019-03-08,252000,43,false,8jtopaclkzi6fkcxvnzy3t27q,2021-07-03T05:02:26Z,"trap brasileiro,hip hop brasileiro,trap funk,trap","Orochi Records",0.646,0.391,0,-6.777,0,0.0744,0.337,0.0000261,0.0841,0.252,120.014,4
spotify:track:2KZaFTZd9CYbgMKkmpVJQB,"Real Freestyle 1999","Real Freestyle 1999","Orochi;Mirele;Rap Box",2019-06-04,179170,0,false,8jtopaclkzi6fkcxvnzy3t27q,2021-07-03T05:02:33Z,"trap brasileiro,hip hop brasileiro,trap funk,trap,pop nacional,boom bap","Casa 1 Records / Rap Box",0.606,0.473,2,-10.473,0,0.128,0.242,0,0.104,0.269,151.931,4
spotify:track:1DdEU9f7uXklMx6Dm0Mdwq,"Acende o Isqueiro","Acende o Isqueiro","Orochi;Kizzy",2019-06-14,207529,67,false,8jtopaclkzi6fkcxvnzy3t27q,2021-07-03T05:02:37Z,"trap brasileiro,hip hop brasileiro,trap funk,trap","Orochi",0.48,0.565,8,-9.954,0,0.375,0.38,0,0.096,0.806,112.988,5
spotify:track:4R51qsd3PgnVcIH6cEnwHb,"Ballantine's","Ballantine's","Dallass;Anezzi;Orochi",2019-07-31,233411,52,false,8jtopaclkzi6fkcxvnzy3t27q,2021-07-03T05:02:41Z,"trap brasileiro,trap,trap funk,hip hop brasileiro","Som Livre",0.666,0.64,0,-6.04,1,0.0329,0.0749,0,0.399,0.113,136.022,4
spotify:track:4RC7vpeUYzx6kChixUpTNs,"Caçando Tesouro","Caçando Tesouro","A Banca Records;Pk;Orochi;Filipe Ret",2020-02-14,224262,0,true,8jtopaclkzi6fkcxvnzy3t27q,2021-07-03T05:02:48Z,"hip hop brasileiro,trap brasileiro,funk,trap funk,trap","A Banca Records",0.646,0.497,1,-10.291,1,0.385,0.323,0,0.102,0.396,122.06,3
spotify:track:0In8P4w9CvupkqGBuyHTLv,"Assault (Angra)","Assault (Angra)","Mainstreet;Orochi;Borges;PL Quest;Buddy;Ajaxx;Kizzy;Azevedo",2020-12-03,269998,44,true,8jtopaclkzi6fkcxvnzy3t27q,2021-07-03T05:03:00Z,"trap brasileiro,trap funk,trap,hip hop brasileiro","Mainstreet Records",0.378,0.583,1,-8.048,1,0.155,0.0509,0,0.488,0.245,91.901,4
spotify:track:6xgK5afWFpPmB3z1T4aFr8,"Acelerando","Celebridade","Orochi;jess beats",2020-03-27,232440,55,true,8jtopaclkzi6fkcxvnzy3t27q,2021-07-03T05:03:24Z,"trap brasileiro,hip hop brasileiro,trap funk,trap","Mainstreet Records",0.592,0.576,10,-5.461,1,0.0329,0.0727,0,0.055,0.137,127.018,4
spotify:track:47ingfYiHbBRbYX3hDIqjT,"Tanto Faz","Celebridade","Orochi;PL Quest",2020-03-27,239076,64,true,8jtopaclkzi6fkcxvnzy3t27q,2021-07-03T05:03:31Z,"trap brasileiro,hip hop brasileiro,trap funk,trap","Mainstreet Records",0.697,0.763,3,-6.581,0,0.0419,0.0202,0,0.173,0.617,130.032,4
spotify:track:3zXIfbjxSzPMNP6JDZsQsi,"Mitsubishi","Celebridade","Orochi;Kizzy",2020-03-27,182181,73,true,8jtopaclkzi6fkcxvnzy3t27q,2021-07-03T05:03:44Z,"trap brasileiro,hip hop brasileiro,trap funk,trap","Mainstreet Records",0.751,0.571,11,-7.017,0,0.209,0.132,0,0.101,0.698,110.021,4
spotify:track:1qpI7UGsNj28Ttr95gzrEJ,"Assault","Celebridade","Orochi;Azevedo;Shok;Shenlong;Mainstreet;jess beats;R¥AN Txg",2020-03-27,288705,56,true,8jtopaclkzi6fkcxvnzy3t27q,2021-07-03T05:03:50Z,"trap brasileiro,hip hop brasileiro,trap funk,trap,funk,funk carioca","Mainstreet Records",0.561,0.567,8,-6.677,0,0.09,0.0441,0,0.0745,0.553,84.888,4
spotify:track:03lktDGYEv8pr5xHbQaln9,"Isso Que É Arte","Celebridade","Orochi;Kizzy",2020-03-27,280000,63,true,8jtopaclkzi6fkcxvnzy3t27q,2021-07-03T05:03:59Z,"trap brasileiro,hip hop brasileiro,trap funk,trap","Mainstreet Records",0.621,0.622,8,-6.439,0,0.0384,0.101,0,0.101,0.376,127.055,4
spotify:track:2E3XCbETX40q6k85K2ViND,"Antes do Sol Nascer","Celebridade","Orochi;Kizzy;PL Quest;Shok",2020-03-27,229333,67,true,8jtopaclkzi6fkcxvnzy3t27q,2021-07-03T05:04:13Z,"trap brasileiro,hip hop brasileiro,trap funk,trap,funk,funk carioca","Mainstreet Records",0.619,0.483,9,-7.973,0,0.0294,0.189,0,0.133,0.304,134.755,4
spotify:track:3Ahz0Psf5t0EDaSLYvz4RI,"Feiticeira","Celebridade","Orochi;jess beats",2020-03-27,240000,58,true,8jtopaclkzi6fkcxvnzy3t27q,2021-07-03T05:04:19Z,"trap brasileiro,hip hop brasileiro,trap funk,trap","Mainstreet Records",0.766,0.55,11,-7.186,0,0.0524,0.0214,0.000817,0.1,0.25,102.019,4
spotify:track:1AeoHXrRKPuBZxpTrCELCX,"24 Horas","Celebridade","Orochi;Kizzy;SV;BIN",2020-03-27,253714,52,true,8jtopaclkzi6fkcxvnzy3t27q,2021-07-03T05:04:32Z,"trap brasileiro,hip hop brasileiro,trap funk,trap","Mainstreet Records",0.555,0.63,4,-7.174,0,0.264,0.0797,0,0.112,0.393,175.137,4
spotify:track:7bpteW7nZrOJjCo6foZegX,"Rio","Celebridade","Orochi;Kizzy",2020-03-27,209577,48,true,8jtopaclkzi6fkcxvnzy3t27q,2021-07-03T05:04:36Z,"trap brasileiro,hip hop brasileiro,trap funk,trap","Mainstreet Records",0.461,0.48,0,-5.9,1,0.155,0.124,0.0000181,0.12,0.308,141.838,4
spotify:track:3pC5Zki978Ey1MdFDXd7wj,"Celebridade","Celebridade","Orochi;Kizzy",2020-03-27,231272,69,true,8jtopaclkzi6fkcxvnzy3t27q,2021-07-03T05:04:42Z,"trap brasileiro,hip hop brasileiro,trap funk,trap","Mainstreet Records",0.598,0.578,4,-7.639,0,0.176,0.812,0.00000155,0.11,0.454,109.883,4
spotify:track:4QFzCjkQl2c7wrzVrOu2sz,"Balão","Celebridade","Orochi;Dallass",2020-03-27,253333,64,true,8jtopaclkzi6fkcxvnzy3t27q,2021-07-03T05:04:45Z,"trap brasileiro,hip hop brasileiro,trap funk,trap","Mainstreet Records",0.714,0.567,0,-6.395,0,0.109,0.193,0,0.181,0.237,116.912,4
spotify:track:6b7bKdjQVs3Dzeqoz2s7uN,"Deixa Chapar","Lobo","Orochi;Kizzy;Mainstreet",2021-04-29,219230,67,true,8jtopaclkzi6fkcxvnzy3t27q,2021-07-03T05:04:54Z,"trap brasileiro,hip hop brasileiro,trap funk,trap","Mainstreet Records",0.502,0.561,10,-7.492,0,0.0618,0.616,0.000374,0.119,0.344,119.981,4
spotify:track:5rryOlcxbh700EuOa59waG,"Versace","Lobo","Orochi;Ajaxx;Mainstreet",2021-04-29,207378,63,true,8jtopaclkzi6fkcxvnzy3t27q,2021-07-03T05:05:02Z,"trap brasileiro,hip hop brasileiro,trap funk,trap","Mainstreet Records",0.39,0.725,4,-7.49,1,0.153,0.365,0,0.0833,0.38,80.124,5
spotify:track:6tfEPfl4xxKUj4fAKsUd7w,"Fiquei Rico Cedo","Fiquei Rico Cedo","Orochi;Xamã;Pk;Buddy;Ajaxx;Neo Beats;Mainstreet",2021-02-25,228661,44,true,8jtopaclkzi6fkcxvnzy3t27q,2021-07-03T05:05:22Z,"trap brasileiro,hip hop brasileiro,trap funk,trap,funk","Mainstreet Records",0.769,0.529,0,-7.537,0,0.438,0.399,0,0.134,0.636,127.128,4
spotify:track:1PZUD6jjtYsOUC9vDjdJHK,"American Pie","O Iluminado","Xamã;Bagua Records;CMK;Orochi",2019-12-12,179076,46,true,8jtopaclkzi6fkcxvnzy3t27q,2021-07-03T05:05:36Z,"hip hop brasileiro,trap brasileiro,trap funk,trap,boom bap","Bagua Records",0.583,0.468,9,-8.794,0,0.339,0.334,0,0.1,0.322,130.002,4
spotify:track:7fxrvStpH0qyh6iHXoSZ31,"Sem convite (feat. MODÉ$TIA, MC Cabelinho e Yoka)","Rio","Papatinho;MC Cabelinho;MODE$TIA;Yoka",2019-02-22,247701,60,false,8jtopaclkzi6fkcxvnzy3t27q,2021-07-03T05:05:49Z,"hip hop brasileiro,trap brasileiro,trap funk,trap,funk consciente","WM Brazil",0.851,0.544,11,-6.428,1,0.13,0.55,0,0.0909,0.723,125.075,4
spotify:track:7b8kjWj4TKWmWo2LX9Lkiz,"Assault (Crime Perfeito)","Assault (Crime Perfeito)","Mainstreet;Azevedo;PL Quest;Orochi;Borges;BIN",2020-06-26,224640,47,true,8jtopaclkzi6fkcxvnzy3t27q,2021-07-03T05:06:04Z,"trap brasileiro,trap funk,trap,hip hop brasileiro","Mainstreet Records",0.755,0.648,11,-6.705,0,0.12,0.228,0,0.0931,0.759,125.008,4
spotify:track:5ePNo6uzHyOiZ5lq1L5WVs,"Poetas no Topo 2","Poetas no Topo 2","Pineapple StormTv;Orochi;FBC;Froid;Sain;Ducon;Coruja;Baco Exu do Blues;Slim Beat",2017-07-26,523467,0,true,8jtopaclkzi6fkcxvnzy3t27q,2021-07-03T05:06:23Z,"hip hop brasileiro,trap brasileiro,trap funk,trap,miami bass,boom bap","Pineapple StormTV",0.5,0.548,9,-10.241,1,0.335,0.313,0,0.301,0.547,82.576,1
spotify:track:4KI81Xcr3vGvgVJc6DlcUk,"5AM","5AM","Liink;Orochi;Kizzy",2017-07-01,238336,30,true,8jtopaclkzi6fkcxvnzy3t27q,2021-07-03T05:06:31Z,"hip hop brasileiro,trap brasileiro,trap funk,trap","Hitslab",0.557,0.573,2,-7.881,0,0.462,0.106,0,0.292,0.317,138.973,3
spotify:track:6mms2nyjrWZi7umpwcbYpb,"4AM","4AM","Liink;Kizzy;Orochi",2016-04-23,298666,28,true,8jtopaclkzi6fkcxvnzy3t27q,2021-07-03T05:06:36Z,"hip hop brasileiro,trap brasileiro,trap funk,trap","Zeroumrecords",0.517,0.613,10,-6.429,0,0.362,0.0219,0,0.129,0.273,90.496,5
spotify:track:0fhmxNbjlDyLzEINo6ADFp,"Marginais Boombap 1","Marginais Boombap 1","Marginal Supply;Felp 22;Pk;Medellin;Predella;Orochi;NOG",2019-02-01,341461,37,false,8jtopaclkzi6fkcxvnzy3t27q,2021-07-03T05:06:44Z,"trap brasileiro,hip hop brasileiro,trap funk,trap,boom bap,funk,funk carioca","Marginal Supply",0.517,0.653,1,-6.442,1,0.329,0.411,0,0.122,0.761,86.33,4
spotify:track:3SEd8nPd8MpGwk6ZZ8tk2j,"Mamacita (feat. Rich Homie Quan & Young Thug)","Mamacita (feat. Rich Homie Quan & Young Thug)","Travis Scott;Rich Homie Quan;Young Thug",2014-08-18,274320,59,true,8jtopaclkzi6fkcxvnzy3t27q,2021-07-03T05:07:25Z,"rap,southern hip hop,rap melódico,trap","Cactus Jack / Epic",0.823,0.768,11,-6.21,1,0.0819,0.0146,0.00000103,0.127,0.216,115.021,4
spotify:track:5cgEadiGKjtTP1Q6NJqVP5,"A-Team","A-Team","Travis Scott",2016-02-06,176640,59,true,8jtopaclkzi6fkcxvnzy3t27q,2021-07-03T05:07:31Z,"rap","Cactus Jack / Epic",0.626,0.526,7,-4.112,0,0.0452,0.0485,0.00627,0.107,0.17,127.977,4
spotify:track:56AMYGJzxBO6p8v0wEe9de,"Hot (Remix) [feat. Gunna and Travis Scott]","Hot (Remix) [feat. Gunna and Travis Scott]","Young Thug;Travis Scott;Gunna",2019-11-01,279906,59,true,8jtopaclkzi6fkcxvnzy3t27q,2021-07-03T05:07:46Z,"rap,rap melódico,trap","300 Entertainment/Atl",0.845,0.631,7,-8.206,0,0.216,0.188,0,0.0806,0.545,111.983,4
spotify:track:7mEUjhl6aTztdHCrxoTgBG,"Wash Us In The Blood","Wash Us In The Blood","Kanye West;Travis Scott",2020-06-30,189827,54,false,8jtopaclkzi6fkcxvnzy3t27q,2021-07-03T05:07:52Z,"rap","Getting Out Our Dreams II / Def Jam Recordings",0.67,0.847,10,-4.85,1,0.409,0.184,0,0.304,0.381,137.22,4
spotify:track:1wHZx0LgzFHyeIZkUydNXq,"Antidote","Rodeo","Travis Scott",2015-09-04,262693,73,true,8jtopaclkzi6fkcxvnzy3t27q,2021-07-03T05:08:16Z,"rap","Cactus Jack / Epic",0.714,0.527,1,-5.046,1,0.0322,0.00787,0.00015,0.124,0.123,131.046,4
spotify:track:6Yqmv7XJLCrQEauMbPGZSw,"Maria I'm Drunk (feat. Justin Bieber & Young Thug)","Rodeo","Travis Scott;Justin Bieber;Young Thug",2015-09-04,349933,74,true,8jtopaclkzi6fkcxvnzy3t27q,2021-07-03T05:08:20Z,"rap,rap melódico,trap","Cactus Jack / Epic",0.648,0.631,4,-5.662,0,0.104,0.38,0,0.12,0.142,105.989,4
spotify:track:1Ci4wASMY4xtKVMeHA6Sd5,"through the late night","Birds In The Trap Sing McKnight","Travis Scott",2016-09-16,286235,66,true,8jtopaclkzi6fkcxvnzy3t27q,2021-07-03T05:08:31Z,"rap","Cactus Jack / Epic",0.744,0.589,5,-1.218,0,0.0359,0.36,0,0.119,0.242,127.051,4
spotify:track:6gBFPUFcJLzWGx4lenP6h2,"goosebumps","Birds In The Trap Sing McKnight","Travis Scott",2016-09-16,243836,86,true,8jtopaclkzi6fkcxvnzy3t27q,2021-07-03T05:08:39Z,"rap","Cactus Jack / Epic",0.841,0.728,7,-3.37,1,0.0484,0.0847,0,0.149,0.43,130.049,4
spotify:track:20dP2DaMHIAmwWAbp7peSr,"pick up the phone (feat. Quavo)","Birds In The Trap Sing McKnight","Young Thug;Travis Scott;Quavo",2016-09-16,252256,69,true,8jtopaclkzi6fkcxvnzy3t27q,2021-07-03T05:08:43Z,"rap,rap melódico,trap","Cactus Jack / Epic",0.711,0.739,7,-3.804,0,0.129,0.114,0,0.226,0.43,136.919,4
spotify:track:7wBJfHzpfI3032CSD7CE2m,"STARGAZING","ASTROWORLD","Travis Scott",2018-08-03,270714,75,true,8jtopaclkzi6fkcxvnzy3t27q,2021-07-03T05:08:56Z,"rap","Cactus Jack / Epic",0.487,0.789,8,-3.69,1,0.044,0.00947,0.00000405,0.189,0.0564,150.007,4
spotify:track:7KZ5MMVgBVox9ycroB2UrI,"CAROUSEL","ASTROWORLD","Travis Scott",2018-08-03,180182,65,true,8jtopaclkzi6fkcxvnzy3t27q,2021-07-03T05:09:00Z,"rap","Cactus Jack / Epic",0.428,0.403,5,-5.914,0,0.209,0.229,0,0.22,0.133,95.387,5
spotify:track:2xLMifQCjDGFmkHkpNLD9h,"SICKO MODE","ASTROWORLD","Travis Scott",2018-08-03,312820,84,true,8jtopaclkzi6fkcxvnzy3t27q,2021-07-03T05:09:03Z,"rap","Cactus Jack / Epic",0.834,0.73,8,-3.714,1,0.222,0.00513,0,0.124,0.446,155.008,4
spotify:track:4SZepBIPDRwPaHIjAKwRDb,"R.I.P. SCREW","ASTROWORLD","Travis Scott",2018-08-03,185610,66,true,8jtopaclkzi6fkcxvnzy3t27q,2021-07-03T05:09:06Z,"rap","Cactus Jack / Epic",0.607,0.609,0,-5.978,0,0.291,0.389,0.000016,0.111,0.556,74.946,4
spotify:track:1xYpVRspgaLxdJLOTQkTjg,"STOP TRYING TO BE GOD","ASTROWORLD","Travis Scott",2018-08-03,338438,67,true,8jtopaclkzi6fkcxvnzy3t27q,2021-07-03T05:09:11Z,"rap","Cactus Jack / Epic",0.588,0.567,4,-3.738,0,0.0628,0.221,0,0.135,0.113,150.009,4
spotify:track:6OaVWaGfhXn70ZJfdVcabn,"NO BYSTANDERS","ASTROWORLD","Travis Scott",2018-08-03,218283,72,true,8jtopaclkzi6fkcxvnzy3t27q,2021-07-03T05:09:15Z,"rap","Cactus Jack / Epic",0.731,0.811,1,-3.225,1,0.0712,0.0204,0,0.411,0.426,147.045,4
spotify:track:6NMtzpDQBTOfJwMzgMX0zl,"SKELETONS","ASTROWORLD","Travis Scott",2018-08-03,145588,76,true,8jtopaclkzi6fkcxvnzy3t27q,2021-07-03T05:09:20Z,"rap","Cactus Jack / Epic",0.46,0.686,0,-5.948,0,0.0367,0.00146,0,0.375,0.252,148.054,4
spotify:track:20MuVazoNMv6xjKPnRFOxG,"WAKE UP","ASTROWORLD","Travis Scott",2018-08-03,231963,66,true,8jtopaclkzi6fkcxvnzy3t27q,2021-07-03T05:09:24Z,"rap","Cactus Jack / Epic",0.741,0.645,11,-5.116,0,0.0963,0.192,0,0.163,0.488,149.07,4
spotify:track:11kDth1aKUEUMq9r1pqyds,"5% TINT","ASTROWORLD","Travis Scott",2018-08-03,196138,75,true,8jtopaclkzi6fkcxvnzy3t27q,2021-07-03T05:09:28Z,"rap","Cactus Jack / Epic",0.712,0.481,4,-5.415,0,0.0487,0.173,0,0.241,0.062,140,4
spotify:track:6BJbOXDlgVAXSaq6wYFYT2,"NC-17","ASTROWORLD","Travis Scott",2018-08-03,156885,64,true,8jtopaclkzi6fkcxvnzy3t27q,2021-07-03T05:09:40Z,"rap","Cactus Jack / Epic",0.804,0.763,2,-5.48,1,0.0519,0.0678,0,0.368,0.0585,136.052,4
spotify:track:4MXhiYIRDMGAuvZc5IFTwC,"ASTROTHUNDER","ASTROWORLD","Travis Scott",2018-08-03,142969,78,true,8jtopaclkzi6fkcxvnzy3t27q,2021-07-03T05:09:43Z,"rap","Cactus Jack / Epic",0.7,0.46,4,-8.111,0,0.0661,0.142,0.0000481,0.111,0.286,151.901,4
spotify:track:7lAK3oHbfEnvUQWosrMMpR,"YOSEMITE","ASTROWORLD","Travis Scott",2018-08-03,150043,78,false,8jtopaclkzi6fkcxvnzy3t27q,2021-07-03T05:09:47Z,"rap","Cactus Jack / Epic",0.785,0.554,0,-6.571,1,0.0409,0.283,0.0000034,0.116,0.144,128.047,4
spotify:track:27a1mYSG5tYg7dmEjWBcmL,"CAN'T SAY","ASTROWORLD","Travis Scott",2018-08-03,198408,76,true,8jtopaclkzi6fkcxvnzy3t27q,2021-07-03T05:09:50Z,"rap","Cactus Jack / Epic",0.702,0.708,10,-5.366,0,0.0547,0.201,0,0.118,0.713,147.98,4
spotify:track:4KYS9GK68yeuUJ8vJfPxrq,"WHO? WHAT!","ASTROWORLD","Travis Scott",2018-08-03,176720,69,true,8jtopaclkzi6fkcxvnzy3t27q,2021-07-03T05:09:55Z,"rap","Cactus Jack / Epic",0.834,0.731,10,-5.603,0,0.0566,0.0462,0,0.0731,0.681,140.001,4
spotify:track:2cYqizR4lgvp4Qu6IQ3qGN,"BUTTERFLY EFFECT","ASTROWORLD","Travis Scott",2018-08-03,190557,83,false,8jtopaclkzi6fkcxvnzy3t27q,2021-07-03T05:09:59Z,"rap","Cactus Jack / Epic",0.763,0.628,11,-5.85,1,0.05,0.0531,0,0.114,0.193,140.958,4
spotify:track:58TaFP5j5i9swOf584yon2,"HOUSTONFORNICATION","ASTROWORLD","Travis Scott",2018-08-03,217828,69,true,8jtopaclkzi6fkcxvnzy3t27q,2021-07-03T05:10:04Z,"rap","Cactus Jack / Epic",0.689,0.723,0,-4.052,0,0.0836,0.0985,0,0.158,0.288,160.042,4
spotify:track:6vnfObZ4Ys70SBAtti1xZ9,"COFFEE BEAN","ASTROWORLD","Travis Scott",2018-08-03,209115,69,true,8jtopaclkzi6fkcxvnzy3t27q,2021-07-03T05:10:07Z,"rap","Cactus Jack / Epic",0.81,0.582,5,-5.098,0,0.125,0.0862,0.00681,0.207,0.503,95.004,4
spotify:track:6uJONCdr2rC65BNmCnTBWK,"GANG GANG","JACKBOYS","JACKBOYS;Sheck Wes",2019-12-27,244760,66,true,8jtopaclkzi6fkcxvnzy3t27q,2021-07-03T05:10:17Z,"","Cactus Jack/Epic",0.859,0.6,7,-4.63,0,0.301,0.071,0,0.353,0.568,123.017,4
spotify:track:6gi6y1xwmVszDWkUqab1qw,"OUT WEST (feat. Young Thug)","JACKBOYS","JACKBOYS;Travis Scott;Young Thug",2019-12-27,157712,78,true,8jtopaclkzi6fkcxvnzy3t27q,2021-07-03T05:10:24Z,"rap,rap melódico,trap","Cactus Jack/Epic",0.802,0.591,8,-4.895,1,0.225,0.0104,0,0.196,0.309,139.864,4
spotify:track:4AO1XhrgJczQ9bNVxdfKQe,"WHAT TO DO? (feat. Don Toliver)","JACKBOYS","JACKBOYS;Travis Scott;Don Toliver",2019-12-27,250141,69,true,8jtopaclkzi6fkcxvnzy3t27q,2021-07-03T05:10:28Z,"rap","Cactus Jack/Epic",0.643,0.594,9,-5.191,0,0.0312,0.0695,0.0000146,0.115,0.195,118.037,4
spotify:track:40mjsnRjCpycdUw3xhS20g,"GATTI","JACKBOYS","JACKBOYS;Pop Smoke;Travis Scott",2019-12-27,181144,71,true,8jtopaclkzi6fkcxvnzy3t27q,2021-07-03T05:10:31Z,"drill do brooklyn,drill de nova iorque,drill,rap","Cactus Jack/Epic",0.594,0.676,2,-5.808,1,0.344,0.135,0,0.163,0.472,143.477,4
spotify:track:6Wt61AZLG0bN2KasopE2sj,"Capítulo 4, Versículo 3","Sobrevivendo no Inferno","Racionais MC's",1997-10-07,486560,70,false,8jtopaclkzi6fkcxvnzy3t27q,2021-07-03T05:17:38Z,"hip hop brasileiro,rap,boom bap","Cosa Nostra",0.625,0.515,8,-9.187,0,0.415,0.0269,0,0.0839,0.903,87.841,4
spotify:track:7wglwZzZoWUr8sOECwpu6L,"Diário de um Detento","Sobrevivendo no Inferno","Racionais MC's",1997-10-07,451000,67,false,8jtopaclkzi6fkcxvnzy3t27q,2021-07-03T05:17:46Z,"hip hop brasileiro,rap,boom bap","Cosa Nostra",0.903,0.526,10,-10.069,0,0.334,0.603,0,0.0973,0.766,87.005,4
spotify:track:6hxdEJHw5qPaA4r0GFGkhj,"Qual Mentira Vou Acreditar","Sobrevivendo no Inferno","Racionais MC's",1997-10-07,461200,54,false,8jtopaclkzi6fkcxvnzy3t27q,2021-07-03T05:17:54Z,"hip hop brasileiro,rap,boom bap","Cosa Nostra",0.901,0.52,1,-10.203,1,0.312,0.0257,0,0.443,0.806,89.993,4
spotify:track:4QsfSMCOEmTbPzHCCLbhgr,"Formula Mágica de Paz","Sobrevivendo no Inferno","Racionais MC's",1997-10-07,639560,62,false,8jtopaclkzi6fkcxvnzy3t27q,2021-07-03T05:17:58Z,"hip hop brasileiro,rap,boom bap","Cosa Nostra",0.633,0.586,6,-9.045,1,0.183,0.646,0.00000217,0.854,0.89,73.31,4
spotify:track:6m8AgjfI28ER6odzMxmHtR,"Vida Loka, Pt. 1","Nada Como um Dia Após o Outro Dia, Vol. 1 & 2","Racionais MC's",2002-10-07,303560,75,false,8jtopaclkzi6fkcxvnzy3t27q,2021-07-03T05:18:07Z,"hip hop brasileiro,rap,boom bap","Boogie Naipe",0.569,0.592,4,-8.557,1,0.39,0.544,0,0.79,0.752,82.38,4
spotify:track:3ytXzEJFeVydFfmUhHvti8,"Negro Drama","Nada Como um Dia Após o Outro Dia, Vol. 1 & 2","Racionais MC's",2002-10-07,411866,72,false,8jtopaclkzi6fkcxvnzy3t27q,2021-07-03T05:18:11Z,"hip hop brasileiro,rap,boom bap","Boogie Naipe",0.858,0.733,7,-7.292,0,0.305,0.275,0,0.152,0.801,157.38,4
spotify:track:33UECsx4DcDRampb2ah316,"Eu Sou 157","Nada Como um Dia Após o Outro Dia, Vol. 1 & 2","Racionais MC's",2002-10-07,529733,69,false,8jtopaclkzi6fkcxvnzy3t27q,2021-07-03T05:18:20Z,"hip hop brasileiro,rap,boom bap","Boogie Naipe",0.904,0.605,10,-5.873,0,0.279,0.15,0,0.0684,0.749,85.983,4
spotify:track:4mZu6NuOntvYZqCZPrxTqT,"A Vida É Desafio","Nada Como um Dia Após o Outro Dia, Vol. 1 & 2","Racionais MC's;Afro-X",2002-10-07,433200,71,false,8jtopaclkzi6fkcxvnzy3t27q,2021-07-03T05:18:29Z,"hip hop brasileiro,rap,boom bap","Boogie Naipe",0.702,0.918,0,-5.352,1,0.416,0.81,0,0.203,0.555,151.42,4
spotify:track:0VQ1mXWqoXynNmc0wdligL,"1 por Amor, 2 por Dinheiro","Nada Como um Dia Após o Outro Dia, Vol. 1 & 2","Racionais MC's",2002-10-07,418560,58,false,8jtopaclkzi6fkcxvnzy3t27q,2021-07-03T05:18:34Z,"hip hop brasileiro,rap,boom bap","Boogie Naipe",0.842,0.686,10,-4.52,0,0.359,0.142,0,0.377,0.81,92.984,4
spotify:track:5wZUvwWGKaZ6NG8yckZcTM,"Jesus Chorou","Nada Como um Dia Após o Outro Dia, Vol. 1 & 2","Racionais MC's",2002-10-07,471253,72,false,8jtopaclkzi6fkcxvnzy3t27q,2021-07-03T05:18:42Z,"hip hop brasileiro,rap,boom bap","Boogie Naipe",0.796,0.824,11,-5.448,0,0.355,0.155,0.0000247,0.355,0.75,167.926,4
spotify:track:2tR8iLdCeYhVcyPZvN6T7X,"Estilo Cachorro","Nada Como um Dia Após o Outro Dia, Vol. 1 & 2","Racionais MC's",2002-10-07,377613,70,false,8jtopaclkzi6fkcxvnzy3t27q,2021-07-03T05:18:50Z,"hip hop brasileiro,rap,boom bap","Boogie Naipe",0.819,0.721,1,-4.295,1,0.344,0.483,0,0.188,0.728,86.042,4
spotify:track:4nTrxp4aH0g2yLVPkFmljF,"Vida Loka, Pt. 2","Nada Como um Dia Após o Outro Dia, Vol. 1 & 2","Racionais MC's",2002-10-07,350560,72,false,8jtopaclkzi6fkcxvnzy3t27q,2021-07-03T05:18:54Z,"hip hop brasileiro,rap,boom bap","Boogie Naipe",0.655,0.653,1,-7.2,0,0.273,0.133,0.00813,0.203,0.433,82.1,4
spotify:track:77ZXEJcwC7r4gfodNwERJz,"Da Ponte pra Cá","Nada Como um Dia Após o Outro Dia, Vol. 1 & 2","Racionais MC's",2002-10-07,527360,69,false,8jtopaclkzi6fkcxvnzy3t27q,2021-07-03T05:19:02Z,"hip hop brasileiro,rap,boom bap","Boogie Naipe",0.742,0.728,10,-5.563,0,0.608,0.107,0,0.0848,0.695,79.921,4
spotify:track:10CaXTAohMFQeFWZGfnGyC,"Homem na Estrada","Raio X do Brasil","Racionais MC's",1993,521826,64,false,8jtopaclkzi6fkcxvnzy3t27q,2021-07-03T05:20:03Z,"hip hop brasileiro,rap,boom bap","Boogie Naipe",0.746,0.517,7,-14.511,1,0.304,0.299,0,0.733,0.869,155.04,4
spotify:track:4PhsKqMdgMEUSstTDAmMpg,"Often","Beauty Behind The Madness","The Weeknd",2015-08-28,249040,82,true,8jtopaclkzi6fkcxvnzy3t27q,2021-07-03T05:22:06Z,"","The Weeknd/Lyric",0.572,0.631,7,-9.836,0,0.0476,0.222,0,0.135,0.0713,134.078,4
spotify:track:7fBv7CLKzipRk6EC6TWHOB,"The Hills","Beauty Behind The Madness","The Weeknd",2015-08-28,242253,88,true,8jtopaclkzi6fkcxvnzy3t27q,2021-07-03T05:22:09Z,"","The Weeknd/Lyric",0.585,0.564,0,-7.063,0,0.0515,0.0671,0,0.135,0.137,113.003,4
spotify:track:22VdIZQfgXJea34mQxlt81,"Can't Feel My Face","Beauty Behind The Madness","The Weeknd",2015-08-28,213520,85,false,8jtopaclkzi6fkcxvnzy3t27q,2021-07-03T05:22:13Z,"","The Weeknd/Lyric",0.705,0.769,9,-5.526,0,0.0425,0.113,0,0.105,0.583,107.949,4
spotify:track:4frLb7nWtsz2ymBE6k2GRP,"Earned It (Fifty Shades Of Grey)","Beauty Behind The Madness","The Weeknd",2015-08-28,277680,76,true,8jtopaclkzi6fkcxvnzy3t27q,2021-07-03T05:22:17Z,"","The Weeknd/Lyric",0.657,0.291,2,-8.275,0,0.0348,0.405,0,0.0771,0.405,119.782,3
spotify:track:7MXVkk9YMctZqd1Srtv4MB,"Starboy","Starboy","The Weeknd;Daft Punk",2016-11-25,230453,92,true,8jtopaclkzi6fkcxvnzy3t27q,2021-07-03T05:22:26Z,"house francês,eletronic,electro","The Weeknd/Lyric",0.679,0.587,7,-7.015,1,0.276,0.141,0.00000635,0.137,0.486,186.003,4
spotify:track:4F7A0DXBrmUAkp32uenhZt,"Party Monster","Starboy","The Weeknd",2016-11-25,249213,79,true,8jtopaclkzi6fkcxvnzy3t27q,2021-07-03T05:22:29Z,"","The Weeknd/Lyric",0.573,0.63,1,-8.389,1,0.105,0.189,0.0000231,0.259,0.218,77.525,4
spotify:track:37F0uwRSrdzkBiuj0D5UHI,"Reminder","Starboy","The Weeknd",2016-11-25,218880,83,true,8jtopaclkzi6fkcxvnzy3t27q,2021-07-03T05:22:33Z,"","The Weeknd/Lyric",0.705,0.505,8,-6.923,1,0.193,0.142,0,0.164,0.388,160.053,4
spotify:track:4h90qkbnW1Qq6pBhoPvwko,"Sidewalks","Starboy","The Weeknd;Kendrick Lamar",2016-11-25,231360,71,true,8jtopaclkzi6fkcxvnzy3t27q,2021-07-03T05:22:38Z,"hip hop,west coast hip hop","The Weeknd/Lyric",0.542,0.72,1,-5.136,0,0.0628,0.147,0,0.348,0.623,149.828,4
spotify:track:4mU5iXHeLgbR94siF7p1sY,"Six Feet Under","Starboy","The Weeknd",2016-11-25,237573,68,true,8jtopaclkzi6fkcxvnzy3t27q,2021-07-03T05:22:41Z,"","The Weeknd/Lyric",0.772,0.504,6,-8.219,0,0.0761,0.129,0,0.125,0.244,140.035,4
spotify:track:15k2nBQJ0teDmPZHrOXL2N,"Ordinary Life","Starboy","The Weeknd",2016-11-25,221920,63,false,8jtopaclkzi6fkcxvnzy3t27q,2021-07-03T05:22:46Z,"","The Weeknd/Lyric",0.537,0.587,7,-7.486,0,0.0771,0.0275,0,0.0961,0.365,149.748,4
spotify:track:0NWqNXBJTpXbkI5rPWNy3p,"All I Know","Starboy","The Weeknd;Future",2016-11-25,321026,64,true,8jtopaclkzi6fkcxvnzy3t27q,2021-07-03T05:22:54Z,"rap","The Weeknd/Lyric",0.464,0.417,8,-10.614,0,0.0786,0.421,0.000202,0.102,0.172,120.049,4
spotify:track:3dhjNA0jGA8vHBQ1VdD6vV,"I Feel It Coming","Starboy","The Weeknd;Daft Punk",2016-11-25,269186,80,false,8jtopaclkzi6fkcxvnzy3t27q,2021-07-03T05:22:57Z,"house francês,eletronic,electro","The Weeknd/Lyric",0.773,0.819,0,-5.946,0,0.118,0.428,0,0.0679,0.585,92.987,4
spotify:track:09mEdoA6zrmBPgTEN5qXmN,"Call Out My Name","My Dear Melancholy,","The Weeknd",2018-03-30,228373,86,false,8jtopaclkzi6fkcxvnzy3t27q,2021-07-03T05:23:07Z,"","The Weeknd/Lyric",0.461,0.593,1,-4.954,1,0.0356,0.165,0,0.307,0.174,134.165,3
spotify:track:1sOW4PuG5X3Ie3EXUhAopJ,"Escape From LA","After Hours","The Weeknd",2020-03-20,355960,67,true,8jtopaclkzi6fkcxvnzy3t27q,2021-07-03T05:23:16Z,"","Republic Records",0.372,0.525,5,-8.996,0,0.0592,0.0457,0.00313,0.199,0.171,144.95,4
spotify:track:6bnF93Rx87YqUBLSgjiMU8,"Heartless","After Hours","The Weeknd",2020-03-20,198266,80,true,8jtopaclkzi6fkcxvnzy3t27q,2021-07-03T05:23:20Z,"","Republic Records",0.537,0.746,10,-5.507,0,0.15,0.0236,0.000001,0.156,0.252,170.083,4
spotify:track:0VjIjW4GlUZAMYd2vXMi3b,"Blinding Lights","After Hours","The Weeknd",2020-03-20,200040,91,false,8jtopaclkzi6fkcxvnzy3t27q,2021-07-03T05:23:24Z,"","Republic Records",0.513,0.73,1,-5.94,1,0.0598,0.00143,0.0000954,0.0897,0.334,171.001,4
spotify:track:7szuecWAPwGoV1e5vGu8tl,"In Your Eyes","After Hours","The Weeknd",2020-03-20,237520,79,true,8jtopaclkzi6fkcxvnzy3t27q,2021-07-03T05:23:30Z,"","Republic Records",0.667,0.719,7,-5.371,0,0.0346,0.0028,0.0000792,0.0736,0.718,100.019,4
spotify:track:2p8IUWQDrpjuFltbdgLOag,"After Hours","After Hours","The Weeknd",2020-03-20,361026,84,false,8jtopaclkzi6fkcxvnzy3t27q,2021-07-03T05:23:37Z,"","Republic Records",0.658,0.572,5,-6.099,0,0.0308,0.0811,0.0061,0.121,0.144,108.968,4
spotify:track:2BcnxwxBuar5wjCaLqm5N3,"Until I Bleed Out","After Hours","The Weeknd",2020-03-20,190173,63,true,8jtopaclkzi6fkcxvnzy3t27q,2021-07-03T05:23:40Z,"","Republic Records",0.293,0.394,0,-9.887,0,0.036,0.429,0.0000293,0.093,0.149,117.185,3
spotify:track:4yjglcipq7l25ztHDLcVQr,"Novo Jazz","Novo Jazz","Orgânico;Froid;Rap Box",2018-05-11,207930,0,false,8jtopaclkzi6fkcxvnzy3t27q,2021-07-03T05:25:29Z,"hip hop brasileiro,boom bap,trap brasileiro","Rap Box / Casa1 / Elemess",0.547,0.372,10,-8.544,0,0.238,0.854,0,0.0763,0.588,205.706,3
spotify:track:6iIN2VXurWz90YBHXOIziD,"Dior","Dior","Yung Buda;Chris MC;OG L;Froid;Alaska",2020-09-22,186666,38,false,8jtopaclkzi6fkcxvnzy3t27q,2021-07-03T05:25:42Z,"trap brasileiro,hip hop brasileiro,boom bap","Alaska For Real",0.873,0.391,0,-7.521,0,0.0867,0.59,0,0.1,0.561,117.025,4
spotify:track:1YK3f7UWuW7uVTBJlsNrPC,"Pseudosocial","Pseudosocial","Froid",2016-03-30,135963,53,false,8jtopaclkzi6fkcxvnzy3t27q,2021-07-03T05:26:00Z,"hip hop brasileiro,boom bap,trap brasileiro","Froid",0.644,0.49,7,-9.098,0,0.328,0.827,0.0000098,0.163,0.886,117.17,4
spotify:track:5BnXzZd0NcgX4cM5WD55Ka,"Jaguar","Jaguar","Froid;Raillow",2016-11-11,240228,37,true,8jtopaclkzi6fkcxvnzy3t27q,2021-07-03T05:26:04Z,"hip hop brasileiro,boom bap,trap brasileiro","Froid",0.57,0.401,1,-12.371,1,0.415,0.405,0,0.0817,0.233,93.517,3
spotify:track:4fhlTNbFybtcEA4VDbJxaS,"Autoestima em Dó","Autoestima em Dó","Froid;Santzu",2017-08-09,184956,37,true,8jtopaclkzi6fkcxvnzy3t27q,2021-07-03T05:26:16Z,"hip hop brasileiro,boom bap,trap brasileiro","BOCA",0.663,0.62,9,-3.617,1,0.318,0.236,0,0.211,0.534,172.354,3
spotify:track:4FZivBcvTtmF5P9zK6gPkP,"Flow de Lázaro","Flow de Lázaro","Froid",2017-09-04,157846,45,false,8jtopaclkzi6fkcxvnzy3t27q,2021-07-03T05:26:21Z,"hip hop brasileiro,boom bap,trap brasileiro","Froid",0.785,0.758,9,-2.239,1,0.422,0.774,0,0.271,0.77,130.031,4
spotify:track:37QqEfSc46DYoVJrtGgvSo,"Perfil #58: Doador de Sangue","Perfil #58: Doador de Sangue","Froid",2018-06-14,224165,35,false,8jtopaclkzi6fkcxvnzy3t27q,2021-07-03T05:26:35Z,"hip hop brasileiro,boom bap,trap brasileiro","Froid",0.562,0.676,6,-7.351,1,0.206,0.277,0.00000184,0.149,0.358,120.883,4
spotify:track:7s5ijzM4c6fgdslhBPHHC8,"Lamborguine","Lamborguine","Froid;Santzu;Derek",2019-04-29,270707,29,true,8jtopaclkzi6fkcxvnzy3t27q,2021-07-03T05:26:43Z,"hip hop brasileiro,boom bap,trap brasileiro,trap,trap funk","Froid / Alaska",0.888,0.529,9,-7.367,1,0.161,0.0849,0,0.108,0.166,106.025,4
spotify:track:4KI8KWm8afKzaNy6J9j3Ko,"Fran's Café","O Pior Disco do Ano","Froid",2017-12-22,262655,47,true,8jtopaclkzi6fkcxvnzy3t27q,2021-07-03T05:27:03Z,"hip hop brasileiro,boom bap,trap brasileiro","Novo Egito",0.931,0.493,0,-7.006,1,0.161,0.593,0,0.191,0.685,120.028,3
spotify:track:1UDKZEuqAAh7ehcyKrjmv3,"Sk8 do Matheus","O Pior Disco do Ano","Froid",2017-12-22,259757,46,true,8jtopaclkzi6fkcxvnzy3t27q,2021-07-03T05:27:07Z,"hip hop brasileiro,boom bap,trap brasileiro","Novo Egito",0.701,0.565,0,-4.557,1,0.124,0.0222,0,0.11,0.132,83.884,4
spotify:track:0UlxK3YnPjB4Hhk22MHkwR,"Vida Loka, Pt. 3","O Pior Disco do Ano","Froid;BK",2017-12-22,233557,40,true,8jtopaclkzi6fkcxvnzy3t27q,2021-07-03T05:27:11Z,"hip hop brasileiro,boom bap,trap brasileiro","Novo Egito",0.529,0.693,8,-7.393,0,0.507,0.536,0,0.0973,0.579,157.389,4
spotify:track:46h2Z0b21xC1gzluNeCiVG,"Lamentável, Pt. III","O Pior Disco do Ano","Froid;Cynthia Luz",2017-12-22,210517,55,true,8jtopaclkzi6fkcxvnzy3t27q,2021-07-03T05:27:14Z,"hip hop brasileiro,boom bap,trap brasileiro","Novo Egito",0.576,0.565,9,-6.368,0,0.384,0.578,0,0.194,0.354,140.341,4
spotify:track:6NbIAEdbAt0GktWa15WRaG,"Debate Sobre a Erva","O Pior Disco do Ano","Froid;Pedro Qualy",2017-12-22,172928,35,true,8jtopaclkzi6fkcxvnzy3t27q,2021-07-03T05:27:21Z,"hip hop brasileiro,boom bap,trap brasileiro","Novo Egito",0.641,0.66,2,-5.24,1,0.457,0.501,0,0.203,0.606,79.313,4
spotify:track:6ot1logINGPPLKJDLwSZzR,"Teoria do Ciclo da Água","Teoria do Ciclo da Água","Froid",2018-10-15,180437,42,false,8jtopaclkzi6fkcxvnzy3t27q,2021-07-03T05:27:38Z,"hip hop brasileiro,boom bap,trap brasileiro","Froid",0.751,0.738,1,-5.688,0,0.263,0.16,0,0.115,0.889,136.983,4
spotify:track:6ripdgnZJ8hGfVO6jp5ISV,"Garota","Teoria do Ciclo da Água","Froid;Cynthia Luz",2018-10-15,275905,40,false,8jtopaclkzi6fkcxvnzy3t27q,2021-07-03T05:27:42Z,"hip hop brasileiro,boom bap,trap brasileiro","Froid",0.745,0.655,5,-6.661,0,0.0594,0.288,0.000372,0.11,0.523,127.035,4
spotify:track:60wFQsWuAj8hi67NJlE1YO,"Fique Rico ou Moralismo","Teoria do Ciclo da Água","Froid",2018-10-15,149577,36,false,8jtopaclkzi6fkcxvnzy3t27q,2021-07-03T05:27:46Z,"hip hop brasileiro,boom bap,trap brasileiro","Froid",0.702,0.586,1,-7.546,1,0.402,0.717,0.0000985,0.108,0.544,141.845,4
spotify:track:0Q7DuVrRIfO4yvLLOHBTzC,"Lamentável, Pt. 2","Teoria do Ciclo da Água","Froid;Sampa",2018-10-15,261875,35,false,8jtopaclkzi6fkcxvnzy3t27q,2021-07-03T05:27:52Z,"hip hop brasileiro,boom bap,trap brasileiro,samba,pagode","Froid",0.506,0.672,3,-7.866,0,0.548,0.401,0,0.134,0.498,72.004,1
spotify:track:4GX3rgGpnofCyMdLzILs09,"Alaska, Pt. 2","Teoria do Ciclo da Água","Froid;Cynthia Luz",2018-10-15,232560,36,false,8jtopaclkzi6fkcxvnzy3t27q,2021-07-03T05:27:55Z,"hip hop brasileiro,boom bap,trap brasileiro","Froid",0.478,0.601,5,-5.744,0,0.219,0.0459,0,0.087,0.314,88.206,3
spotify:track:2Eh71XHE1LO9ufQAtU9ZIX,"Colibri","Teoria do Ciclo da Água","Froid",2018-10-15,164000,32,false,8jtopaclkzi6fkcxvnzy3t27q,2021-07-03T05:28:03Z,"hip hop brasileiro,boom bap,trap brasileiro","Froid",0.797,0.765,5,-5.583,1,0.313,0.434,0,0.546,0.308,120.055,4
spotify:track:2zoobJFEB9h15fjYjRd6oP,"Hail Mary","Greatest Hits","2Pac",1998-01-01,312373,73,true,8jtopaclkzi6fkcxvnzy3t27q,2021-07-03T05:29:51Z,"hip hop old school,gangster rap,west coast hip hop,g-funk,hip hop","2Pac Greatest Hits",0.772,0.644,10,-6.318,0,0.265,0.158,0.00000414,0.366,0.388,82.05,4
spotify:track:0Z2J91b2iTGLVTZC4fKgxf,"Hit 'Em Up - Single Version","Greatest Hits","2Pac;Outlawz",1998-01-01,312626,84,true,8jtopaclkzi6fkcxvnzy3t27q,2021-07-03T05:30:00Z,"hip hop old school,gangster rap,west coast hip hop,g-funk,hip hop","2Pac Greatest Hits",0.916,0.844,7,-3.967,1,0.236,0.0394,0,0.0778,0.586,95.19,4
spotify:track:6iXcPsToMyTheci6e1L2ya,"Dear Mama","Greatest Hits","2Pac",1998-01-01,278733,58,true,8jtopaclkzi6fkcxvnzy3t27q,2021-07-03T05:30:13Z,"hip hop old school,gangster rap,west coast hip hop,g-funk,hip hop","2Pac Greatest Hits",0.778,0.568,6,-6.096,1,0.074,0.368,0,0.115,0.34,84.121,4
spotify:track:3djNBlI7xOggg7pnsOLaNm,"California Love - Original Version","The Best of 2Pac","2Pac;Roger;Dr. Dre",2007-12-03,284480,63,true,8jtopaclkzi6fkcxvnzy3t27q,2021-07-03T05:30:22Z,"hip hop old school,gangster rap,west coast hip hop,g-funk,hip hop,funk americano,post-disco,rap","Interscope",0.761,0.847,7,-3.068,1,0.0417,0.0292,0.00000226,0.39,0.765,91.519,4
spotify:track:6GNCdx7sUidToSqYW4KJAC,"Ghetto Gospel - (Explicit)","The Best Of 2Pac","2Pac;Elton John",2007-12-03,237986,41,true,8jtopaclkzi6fkcxvnzy3t27q,2021-07-03T05:30:40Z,"hip hop old school,gangster rap,west coast hip hop,g-funk,hip hop","Interscope",0.789,0.614,5,-4.823,0,0.0503,0.101,0,0.0733,0.676,80.545,4
spotify:track:20fBuVybkHgjF6vNhSMROD,"Ambitionz Az A Ridah","All Eyez On Me","2Pac",1996,278386,2,true,8jtopaclkzi6fkcxvnzy3t27q,2021-07-03T05:31:30Z,"hip hop old school,gangster rap,west coast hip hop,g-funk,hip hop","Death Row Records",0.801,0.908,2,-6.554,1,0.221,0.00253,0.000655,0.0698,0.805,87.279,4
spotify:track:5e7ldn9Kwo8Aw9Z8ql9cDj,"All Eyez On Me (ft. Big Syke)","All Eyez On Me","2Pac;Big Syke",1996,307773,2,true,8jtopaclkzi6fkcxvnzy3t27q,2021-07-03T05:31:57Z,"hip hop old school,gangster rap,west coast hip hop,g-funk,hip hop","Death Row Records",0.873,0.719,1,-5.948,1,0.248,0.03,0,0.333,0.858,93.281,4
spotify:track:3eBBbAEBQdr6tkUUd8gyuQ,"Thugz Mansion - 7 Remix","Better Dayz","2Pac;Anthony Hamilton",2002-01-01,247600,66,true,8jtopaclkzi6fkcxvnzy3t27q,2021-07-03T05:33:20Z,"hip hop old school,gangster rap,west coast hip hop,g-funk,hip hop,neo soul,r&b,quiet storm","Interscope",0.703,0.639,5,-6.183,0,0.281,0.299,0,0.139,0.893,87.908,4
spotify:track:0ycgOjCg8aHKzdqJ8krkFl,"É Só uma Amiga","É Só uma Amiga","Aka Rasta;BREEZE;Sidoka",2019-06-12,162123,36,true,8jtopaclkzi6fkcxvnzy3t27q,2021-07-03T05:36:11Z,"trap brasileiro,trap,hip hop brasileiro,trap funk","BREEZE",0.786,0.526,1,-7.465,1,0.182,0.214,0.0000013,0.11,0.53,75.471,4
spotify:track:0neGFy4NNYhm0kDzb75Ymj,"Vivência","Filho Pródigo","Flacko;Sidoka;CHF",2020-12-18,150050,14,false,8jtopaclkzi6fkcxvnzy3t27q,2021-07-03T05:36:37Z,"trap brasileiro,trap,hip hop brasileiro,trap funk,boom bap","Flacko",0.754,0.727,8,-9.204,0,0.346,0.0452,0,0.189,0.563,143.004,4
spotify:track:3Kk5YDf8pTK4TwQyWkBex5,"Reunião Dos Cria","Reunião Dos Cria","A Banca Records;Miatã;Ebony;Dfideliz;Sidoka;Borges",2020-05-15,228283,0,true,8jtopaclkzi6fkcxvnzy3t27q,2021-07-03T05:36:45Z,"hip hop brasileiro,trap brasileiro,zouk,trap,trap funk","A Banca Records",0.91,0.596,8,-8.125,1,0.346,0.0532,0.00000665,0.093,0.847,142.941,4
spotify:track:69ebm9wovT0UJX3vBp571J,"30 Dias","MIDNIGHT CALLS","Yunk Vino;Sidoka",2020-12-11,251923,48,false,8jtopaclkzi6fkcxvnzy3t27q,2021-07-03T05:36:57Z,"trap brasileiro,trap,trap funk,hip hop brasileiro","Boogie Naipe",0.47,0.633,1,-8.759,0,0.308,0.272,0,0.12,0.411,65.419,4
spotify:track:78j1GSIty1L44MSHPZPTFr,"UFA","O MENINO QUE QUERIA SER DEUS","Djonga;Coyote Beatz;Sidoka;Sant",2018-03-16,351978,1,false,8jtopaclkzi6fkcxvnzy3t27q,2021-07-03T05:37:07Z,"hip hop brasileiro,boom bap,trap brasileiro,trap,trap funk","Ceia",0.93,0.564,8,-5.895,1,0.206,0.0424,0,0.202,0.368,111.983,4
spotify:track:4FSYU7BYod4SQgscmcTnJy,"Drink","Drink","Sidoka;Intactoz Corp.",2018-06-22,273178,0,true,8jtopaclkzi6fkcxvnzy3t27q,2021-07-03T05:37:20Z,"trap brasileiro,trap,hip hop brasileiro,trap funk","Infame Company",0.816,0.714,6,-5.962,0,0.0587,0.326,0.00000177,0.11,0.433,115.914,4
spotify:track:25lPu9fWNvR56IJgdfXbaj,"Mi'adama","Mi'adama","Sidoka;Intactoz Corp.",2018-02-16,268221,0,true,8jtopaclkzi6fkcxvnzy3t27q,2021-07-03T05:37:24Z,"trap brasileiro,trap,hip hop brasileiro,trap funk","Infame Company",0.666,0.659,1,-7.096,1,0.37,0.259,0,0.125,0.175,114.986,4
spotify:track:4L0CzdxeWUV9iKGUEFVRMg,"Porsche","Porsche","Sidoka;Intactoz Corp.;SHOTBYBZK",2019-05-01,206428,0,true,8jtopaclkzi6fkcxvnzy3t27q,2021-07-03T05:37:34Z,"trap brasileiro,trap,hip hop brasileiro,trap funk","Intactoz",0.905,0.616,6,-7.842,0,0.0657,0.0534,0.000185,0.13,0.414,134.077,4
spotify:track:7jl65cMmrserp2QNDhifOC,"Petalaz","Petalaz","Sidoka",2019-08-27,194342,0,true,8jtopaclkzi6fkcxvnzy3t27q,2021-07-03T05:37:38Z,"trap brasileiro,trap,hip hop brasileiro,trap funk","Infame Company",0.844,0.62,6,-7.424,0,0.232,0.199,0,0.116,0.497,133.958,3
spotify:track:563yuGweEqRVQtjfsDVRyK,"Não Me Sinto Mal Mais","Não Me Sinto Mal Mais","Sidoka",2019-10-18,265355,0,true,8jtopaclkzi6fkcxvnzy3t27q,2021-07-03T05:37:43Z,"trap brasileiro,trap,hip hop brasileiro,trap funk","Infame Company",0.814,0.665,9,-7.87,1,0.173,0.351,0.00172,0.108,0.326,126.027,4
spotify:track:0pZUtEL4oKQEeI3omlt9dg,"Ela Adora Veneno","Ela Adora Veneno","Sidoka;Jailhouse;Neo Beats",2020-01-26,221818,28,true,8jtopaclkzi6fkcxvnzy3t27q,2021-07-03T05:37:49Z,"trap brasileiro,trap,hip hop brasileiro,trap funk","Jailhouse Studios",0.86,0.487,10,-11.992,0,0.326,0.0317,0.00076,0.111,0.169,134.916,4
spotify:track:18vqF3mwHgRDa7DWZyh95q,"Eu Só Volto Tarde (Yeah)","Manda Esperar","Sidoka",2020-06-23,177384,0,true,8jtopaclkzi6fkcxvnzy3t27q,2021-07-03T05:38:19Z,"trap brasileiro,trap,hip hop brasileiro,trap funk","Infame Company",0.805,0.565,0,-6.828,0,0.0408,0.0929,0.000202,0.126,0.27,113.948,4
spotify:track:4NxJEdrNSowGCiBu7PaZlr,"Me Equivoquei","Me Equivoquei","Sidoka",2020-08-12,152673,0,true,8jtopaclkzi6fkcxvnzy3t27q,2021-07-03T05:38:28Z,"trap brasileiro,trap,hip hop brasileiro,trap funk","Infame Company",0.92,0.632,7,-5.525,1,0.0907,0.371,0,0.106,0.669,124.036,4
spotify:track:1V9tO7Pc74v7H7EDBPxEG2,"Inevitável","Inevitável","Sidoka;DogDu BEAT$;Intactoz Corp.",2020-11-14,183891,0,true,8jtopaclkzi6fkcxvnzy3t27q,2021-07-03T05:38:39Z,"trap brasileiro,trap,hip hop brasileiro,trap funk","Intactoz",0.858,0.451,8,-12.293,0,0.0918,0.881,0.112,0.112,0.663,128.007,4
spotify:track:4qqT68UURRP6lPHiI9TApM,"Scotch","Elevate","Sidoka;Intactoz Corp.",2018-12-28,221500,0,true,8jtopaclkzi6fkcxvnzy3t27q,2021-07-03T05:39:03Z,"trap brasileiro,trap,hip hop brasileiro,trap funk","Infame Company",0.628,0.667,1,-6.548,1,0.326,0.535,0,0.102,0.183,129.967,4
spotify:track:3Ot04s80MZBhiYP2wHo0is,"07","Elevate","Sidoka;Intactoz Corp.;SHOTBYBZK",2018-12-28,221122,0,true,8jtopaclkzi6fkcxvnzy3t27q,2021-07-03T05:39:10Z,"trap brasileiro,trap,hip hop brasileiro,trap funk","Infame Company",0.676,0.876,6,-4.472,0,0.213,0.441,0,0.128,0.488,127.267,4
spotify:track:5G3NKZf1Gqs7dQnY4Miliy,"Olha Pro Oclin","Doka Language","Sidoka",2019-07-11,221490,0,true,8jtopaclkzi6fkcxvnzy3t27q,2021-07-03T05:39:21Z,"trap brasileiro,trap,hip hop brasileiro,trap funk","Infame Company",0.901,0.484,5,-11.169,0,0.117,0.0367,0.0000225,0.198,0.766,130.02,4
spotify:track:5pFmgdBYYVWFWgMi03jl69,"Espanha","Doka Language","Sidoka",2019-07-11,168152,0,true,8jtopaclkzi6fkcxvnzy3t27q,2021-07-03T05:39:27Z,"trap brasileiro,trap,hip hop brasileiro,trap funk","Infame Company",0.921,0.645,7,-6.43,0,0.16,0.305,0,0.109,0.528,114.931,4
spotify:track:25moVuYCNUAyZt0fkhjPwn,"Jaguar","Merci £","Sidoka;Intactoz Corp.",2020-02-18,187251,0,true,8jtopaclkzi6fkcxvnzy3t27q,2021-07-03T05:39:41Z,"trap brasileiro,trap,hip hop brasileiro,trap funk","Infame Company",0.65,0.77,5,-6.14,0,0.415,0.471,0,0.148,0.434,113.178,4
spotify:track:7ICkpwQdejZF5uo71TuYSP,"Qq cê tá insinuando","Merci £","Sidoka;Intactoz Corp.",2020-02-18,176200,0,true,8jtopaclkzi6fkcxvnzy3t27q,2021-07-03T05:39:46Z,"trap brasileiro,trap,hip hop brasileiro,trap funk","Infame Company",0.816,0.55,3,-7.418,0,0.446,0.121,0,0.107,0.452,119.973,4
spotify:track:5VEm7qKfqTE5r7QuRfNjAp,"Goztosa (Me Olha)","Merci £","Sidoka;Intactoz Corp.",2020-02-18,187623,0,true,8jtopaclkzi6fkcxvnzy3t27q,2021-07-03T05:39:50Z,"trap brasileiro,trap,hip hop brasileiro,trap funk","Infame Company",0.906,0.593,8,-8.209,0,0.211,0.101,0.00000368,0.099,0.448,125.93,4
spotify:track:4BLPK1eLI0AfVP3YCwpjkX,"Detalhe","Merci £","Sidoka;Intactoz Corp.;DogDu BEAT$",2020-02-18,151200,0,true,8jtopaclkzi6fkcxvnzy3t27q,2021-07-03T05:39:55Z,"trap brasileiro,trap,hip hop brasileiro,trap funk","Infame Company",0.799,0.591,3,-6.125,0,0.136,0.138,0,0.113,0.407,127.063,4
spotify:track:344RCxvfn16CL6ZKvkVOBn,"Nós já tá","Merci £","Sidoka;Intactoz Corp.;Denov",2020-02-18,215063,0,true,8jtopaclkzi6fkcxvnzy3t27q,2021-07-03T05:39:59Z,"trap brasileiro,trap,hip hop brasileiro,trap funk","Infame Company",0.805,0.406,1,-12.91,0,0.363,0.117,0,0.111,0.328,125.017,4
spotify:track:3UO4Yk1naxJBSbtIuW42nn,"Vlone","Merci £","Sidoka;Intactoz Corp.;Dalua",2020-02-18,257776,0,true,8jtopaclkzi6fkcxvnzy3t27q,2021-07-03T05:40:06Z,"trap brasileiro,trap,hip hop brasileiro,trap funk","Infame Company",0.811,0.352,1,-17.107,1,0.144,0.33,0.0756,0.11,0.198,127.003,4
spotify:track:5HS8JMdppgRM5jWWNkd7oU,"Mais Chato Que Nunca '^","Espelho Infinito '^","Sidoka;Intactoz Corp.",2020-10-31,221664,0,true,8jtopaclkzi6fkcxvnzy3t27q,2021-07-03T05:40:39Z,"trap brasileiro,trap,hip hop brasileiro,trap funk","Intactoz",0.759,0.811,10,-5.98,0,0.281,0.367,0,0.0968,0.688,122.063,4
spotify:track:3GUbUXfJdadTkFg39wzT2Z,"Replay","Espelho Infinito '^","Sidoka;Intactoz Corp.",2020-10-31,221147,0,true,8jtopaclkzi6fkcxvnzy3t27q,2021-07-03T05:40:50Z,"trap brasileiro,trap,hip hop brasileiro,trap funk","Intactoz",0.751,0.755,6,-6.194,0,0.0768,0.0684,0,0.0984,0.331,140.016,4
spotify:track:0e7ipj03S05BNilyu5bRzt,"rockstar (feat. 21 Savage)","beerbongs & bentleys","Post Malone;21 Savage",2018-04-27,218146,84,true,8jtopaclkzi6fkcxvnzy3t27q,2021-07-03T05:43:28Z,"","Republic Records",0.585,0.52,5,-6.136,0,0.0713,0.124,0.0000775,0.131,0.129,159.798,4
spotify:track:4gmmRb6bZJffOOiww1JGTO,"No Heart","Savage Mode","21 Savage;Metro Boomin",2016-07-15,235040,68,true,8jtopaclkzi6fkcxvnzy3t27q,2021-07-03T05:43:57Z,"","Slaughter Gang, LLC",0.906,0.444,4,-8.692,0,0.384,0.136,0.0000644,0.173,0.678,140.063,4
spotify:track:5V57eUQoTrMCZqonhzi8B9,"Real Nigga","Savage Mode","21 Savage;Metro Boomin",2016-07-15,185466,48,true,8jtopaclkzi6fkcxvnzy3t27q,2021-07-03T05:44:04Z,"","Slaughter Gang, LLC",0.87,0.225,0,-10.915,0,0.362,0.0915,0.69,0.197,0.163,155.97,4
spotify:track:2fQrGHiQOvpL9UgPvtYy6G,"Bank Account","Issa Album","21 Savage",2017-09-23,220306,5,true,8jtopaclkzi6fkcxvnzy3t27q,2021-07-03T05:44:14Z,"","Slaughter Gang, LLC/Epic Records",0.884,0.347,8,-8.227,0,0.35,0.015,0.000007,0.0871,0.376,75.016,4
spotify:track:5u6vkDnOyaf8LsteDAj2ub,"Ghostface Killers (feat. Travis Scott)","Without Warning","21 Savage;Offset;Metro Boomin;Travis Scott",2017-10-30,268933,67,true,8jtopaclkzi6fkcxvnzy3t27q,2021-07-03T05:44:26Z,"rap","Slaughter Gang, LLC/Epic/Quality Control Music/Motown/Capitol/Boominati Worldwide/Republic",0.782,0.435,2,-7.033,1,0.156,0.333,0.0000131,0.342,0.242,82.996,4
spotify:track:7sO5G9EABYOXQKNPNiE9NR,"Ric Flair Drip (with Metro Boomin)","Without Warning","Offset;Metro Boomin",2017-10-30,172800,83,true,8jtopaclkzi6fkcxvnzy3t27q,2021-07-03T05:44:31Z,"","Slaughter Gang, LLC/Epic/Quality Control Music/Motown/Capitol/Boominati Worldwide/Republic",0.88,0.428,9,-8.28,1,0.206,0.149,0.0000505,0.114,0.333,100.007,4
spotify:track:2t8yVaLvJ0RenpXUIAC52d,"a lot","i am > i was","21 Savage",2018-12-21,288624,81,true,8jtopaclkzi6fkcxvnzy3t27q,2021-07-03T05:45:26Z,"","Slaughter Gang, LLC/Epic Records",0.837,0.636,1,-7.643,1,0.086,0.0395,0.00125,0.342,0.274,145.972,4
spotify:track:4paAidoE8VAemwU4jgCc6l,"all my friends","i am > i was","21 Savage",2018-12-21,211785,57,true,8jtopaclkzi6fkcxvnzy3t27q,2021-07-03T05:45:32Z,"","Slaughter Gang, LLC/Epic Records",0.713,0.62,0,-4.513,1,0.0422,0.171,0.00000116,0.118,0.206,130.09,4
spotify:track:0hPLZrnDgtKxrym1BHjDhd,"can't leave without it","i am > i was","21 Savage",2018-12-21,205351,71,true,8jtopaclkzi6fkcxvnzy3t27q,2021-07-03T05:45:36Z,"","Slaughter Gang, LLC/Epic Records",0.872,0.591,6,-6.952,0,0.359,0.111,0,0.144,0.696,131.982,4
spotify:track:2FUNBaa5DwItJtYEBgAblU,"monster","i am > i was","21 Savage",2018-12-21,233039,55,true,8jtopaclkzi6fkcxvnzy3t27q,2021-07-03T05:45:42Z,"","Slaughter Gang, LLC/Epic Records",0.89,0.607,9,-6.916,0,0.124,0.158,0.000228,0.118,0.224,134.022,4
spotify:track:5SWnsxjhdcEDc7LJjq9UHk,"Runnin","SAVAGE MODE II","21 Savage;Metro Boomin",2020-10-02,195906,78,true,8jtopaclkzi6fkcxvnzy3t27q,2021-07-03T05:45:53Z,"","Slaughter Gang, LLC/Epic/Boominati Worldwide/Republic",0.819,0.626,10,-4.574,0,0.202,0.00748,0.101,0.167,0.415,143.01,4
spotify:track:4Q34FP1AT7GEl9oLgNtiWj,"Mr. Right Now (feat. Drake)","SAVAGE MODE II","21 Savage;Metro Boomin;Drake",2020-10-02,193838,67,true,8jtopaclkzi6fkcxvnzy3t27q,2021-07-03T05:45:58Z,"rap","Slaughter Gang, LLC/Epic/Boominati Worldwide/Republic",0.647,0.667,5,-5.563,1,0.304,0.231,0,0.133,0.704,172.08,4
spotify:track:6pcywuOeGGWeOQzdUyti6k,"Glock In My Lap","SAVAGE MODE II","21 Savage;Metro Boomin",2020-10-02,193591,76,true,8jtopaclkzi6fkcxvnzy3t27q,2021-07-03T05:46:03Z,"","Slaughter Gang, LLC/Epic/Boominati Worldwide/Republic",0.847,0.733,10,-6.439,0,0.16,0.00574,0.0000104,0.151,0.202,130.029,4
spotify:track:3WaDoMDQRqDdgtCDLxanpN,"Snitches & Rats (feat. Young Nudy)","SAVAGE MODE II","21 Savage;Metro Boomin;Young Nudy",2020-10-02,187773,53,true,8jtopaclkzi6fkcxvnzy3t27q,2021-07-03T05:46:17Z,"","Slaughter Gang, LLC/Epic/Boominati Worldwide/Republic",0.821,0.671,9,-5.893,1,0.18,0.00843,0.000085,0.0972,0.494,145.953,4
spotify:track:0h9xMQP3ctuibd4Ce2037O,"Supera - Ao Vivo","Pagode do Pericão (Ao Vivo)","Péricles",2019-05-17,232278,0,false,8jtopaclkzi6fkcxvnzy3t27q,2021-07-03T05:50:35Z,"pagode,samba","Farias Produções",0.556,0.714,11,-5.973,0,0.0614,0.452,0,0.983,0.696,147.568,4
spotify:track:1ArrAvdyumcpUr3GYdseFC,"Tanto Fez ou Tanto Faz","Tanto Fez ou Tanto Faz","Péricles",2018-11-30,197206,0,false,8jtopaclkzi6fkcxvnzy3t27q,2021-07-03T05:50:44Z,"pagode,samba","Farias Produções",0.666,0.516,7,-6.478,0,0.047,0.63,0,0.128,0.648,119.889,3
spotify:track:0lY0btxVwqdpRBb7qZOJa9,"Logo de Manhã","Logo de Manhã","Péricles",2018-08-17,216694,0,false,8jtopaclkzi6fkcxvnzy3t27q,2021-07-03T05:50:53Z,"pagode,samba","Farias Produções",0.696,0.686,2,-7.174,0,0.054,0.651,0,0.0928,0.963,80.112,4
spotify:track:2pbmSONpVrMl9OEetkL974,"Melhor Eu Ir - Ao Vivo","Acústico (Ao Vivo)","Péricles",2018-08-03,243097,0,false,8jtopaclkzi6fkcxvnzy3t27q,2021-07-03T05:50:58Z,"pagode,samba","Farias Produções",0.529,0.481,6,-6.582,0,0.0345,0.56,0,0.0594,0.603,131.762,4
spotify:track:1WDi3Da6ovG7j6lBSJGfE1,"Se Eu Largar o Freio - Ao Vivo","Acústico (Ao Vivo)","Péricles",2018-08-03,191853,0,false,8jtopaclkzi6fkcxvnzy3t27q,2021-07-03T05:51:02Z,"pagode,samba","Farias Produções",0.641,0.518,2,-7.487,1,0.0674,0.847,0,0.069,0.746,115.82,4
spotify:track:3nHLT73chRiCkoYhKOq43A,"Dois Rivais","Feito Pra Durar","Péricles;Hellen Caroline",2015-05-05,217919,47,false,8jtopaclkzi6fkcxvnzy3t27q,2021-07-03T05:51:12Z,"pagode,samba","FVA Music Solutions",0.619,0.593,4,-6.449,1,0.033,0.794,0,0.0692,0.513,136.01,4
spotify:track:19cDGnoySRRBms8x9C0ZsY,"Cuidado Cupido","Sensações","Péricles;Luan Santana",2012-08-20,267533,0,false,8jtopaclkzi6fkcxvnzy3t27q,2021-07-03T05:51:25Z,"pagode,samba,sertanejo,sertanejo universitário,arrocha","Inovashow",0.549,0.756,9,-4.86,0,0.0693,0.745,0,0.784,0.566,136.111,4
spotify:track:5kaOnQI5luApBdnahM3V2N,"White Iverson","Stoney","Post Malone",2016-12-09,256532,41,true,8jtopaclkzi6fkcxvnzy3t27q,2021-07-03T05:55:53Z,"","Mercury Records/Republic Owned",0.675,0.561,7,-7.678,1,0.0352,0.233,0,0.0793,0.309,130.098,4
spotify:track:1ptIfvfmXFt9zW7mxUOQwZ,"Up There","Stoney","Post Malone",2016-12-09,194826,31,true,8jtopaclkzi6fkcxvnzy3t27q,2021-07-03T05:56:01Z,"","Mercury Records/Republic Owned",0.654,0.378,5,-8.108,0,0.0321,0.373,0.0000107,0.0971,0.437,72.975,4
spotify:track:09IOPhEh1OMe0HD9b36FJk,"Over Now","beerbongs & bentleys","Post Malone",2018-04-27,246986,69,true,8jtopaclkzi6fkcxvnzy3t27q,2021-07-03T05:56:18Z,"","Republic Records",0.569,0.777,4,-4.041,0,0.0834,0.137,0,0.132,0.181,164.029,4
spotify:track:3swc6WTsr7rl9DqQKQA55C,"Psycho (feat. Ty Dolla $ign)","beerbongs & bentleys","Post Malone;Ty Dolla $ign",2018-04-27,221440,79,true,8jtopaclkzi6fkcxvnzy3t27q,2021-07-03T05:56:31Z,"trap soul","Republic Records",0.75,0.56,8,-8.094,1,0.105,0.546,0,0.111,0.459,140.06,4
spotify:track:7dt6x5M1jzdTEt8oCbisTK,"Better Now","beerbongs & bentleys","Post Malone",2018-04-27,231266,83,true,8jtopaclkzi6fkcxvnzy3t27q,2021-07-03T05:56:36Z,"","Republic Records",0.674,0.578,10,-5.804,1,0.0408,0.331,0,0.135,0.34,145.07,4
spotify:track:21jGcNKet2qwijlDFuPiPb,"Circles","Hollywood's Bleeding","Post Malone",2019-09-06,215280,87,false,8jtopaclkzi6fkcxvnzy3t27q,2021-07-03T05:56:54Z,"","Republic Records",0.695,0.763,0,-3.497,1,0.0396,0.189,0.00242,0.0863,0.551,120.042,4
spotify:track:0t3ZvGKlmYmVsDzBJAXK8C,"Goodbyes (feat. Young Thug)","Hollywood's Bleeding","Post Malone;Young Thug",2019-09-06,174853,78,true,8jtopaclkzi6fkcxvnzy3t27q,2021-07-03T05:57:02Z,"rap,rap melódico,trap","Republic Records",0.547,0.653,5,-3.875,1,0.081,0.456,0,0.103,0.163,150.097,4
spotify:track:7xQAfvXzm3AkraOtGPWIZg,"Wow.","Hollywood's Bleeding","Post Malone",2019-09-06,149546,80,true,8jtopaclkzi6fkcxvnzy3t27q,2021-07-03T05:57:08Z,"","Republic Records",0.829,0.538,11,-7.359,0,0.212,0.137,0.00000188,0.103,0.389,99.952,4
spotify:track:5kuUOpHZlZjL8b7HXkxRsm,"Luxúria","Pecado Capital","Xamã;Bagua Records;Neo Beats;Matuê",2018-05-24,185310,73,false,8jtopaclkzi6fkcxvnzy3t27q,2021-07-03T05:59:39Z,"hip hop brasileiro,trap brasileiro,trap funk,trap,boom bap","Baguá Records",0.737,0.564,7,-8.293,1,0.316,0.301,0,0.0985,0.684,140.075,4
spotify:track:3xLWG6ATW3WeSYfIcT3uQU,"Boomzim","Boomzim","Matuê",2017-01-18,185178,0,true,8jtopaclkzi6fkcxvnzy3t27q,2021-07-03T05:59:51Z,"trap brasileiro,trap,hip hop brasileiro,trap funk","30PRAUM",0.644,0.473,10,-10.265,0,0.407,0.549,0,0.105,0.189,139.817,4
spotify:track:0nqYEP5urWRwrCB5Evnn3u,"H.O.R.T.A","H.O.R.T.A","Matuê;Menestrel",2017-09-12,258154,0,false,8jtopaclkzi6fkcxvnzy3t27q,2021-07-03T06:00:00Z,"trap brasileiro,trap,hip hop brasileiro,trap funk,boom bap","30PRAUM",0.737,0.49,6,-9.412,0,0.173,0.0865,0,0.117,0.277,149.972,4
spotify:track:5UVB1j6RMHnbalP8zCgxsW,"Lama No Copo","Lama No Copo","Matuê",2017-06-26,253433,0,false,8jtopaclkzi6fkcxvnzy3t27q,2021-07-03T06:00:03Z,"trap brasileiro,trap,hip hop brasileiro,trap funk","30PRAUM",0.433,0.624,3,-6.66,0,0.0614,0.161,0,0.194,0.327,120.696,4
spotify:track:2612O5JZ2GzegFlhojZlWg,"De Peça em Peça","De Peça em Peça","Matuê;Knust, Chris Mc",2018-02-01,238863,0,false,8jtopaclkzi6fkcxvnzy3t27q,2021-07-03T06:00:07Z,"trap brasileiro,trap,hip hop brasileiro,trap funk","30praum",0.788,0.432,5,-13.224,0,0.139,0.276,0,0.12,0.672,132.016,4
spotify:track:7MPQNyAX02uIEQCRsC4sgc,"Banco","Banco","Matuê;Predella",2019-01-16,254734,5,true,8jtopaclkzi6fkcxvnzy3t27q,2021-07-03T06:00:13Z,"trap brasileiro,trap,hip hop brasileiro,trap funk","30PRAUM",0.662,0.715,1,-6.593,1,0.153,0.123,0.00000141,0.0916,0.28,165.879,4
spotify:track:3MkdA6vwF0ifRl86yzTlJW,"Kenny G","Kenny G","Matuê",2019-09-04,189600,72,true,8jtopaclkzi6fkcxvnzy3t27q,2021-07-03T06:00:17Z,"trap brasileiro,trap,hip hop brasileiro,trap funk","Sony Music Entertainment",0.417,0.767,9,-3.31,1,0.193,0.0778,0,0.113,0.152,72.573,3
spotify:track:3sGcETRMuAgcPgjDpIkgMn,"777-666","Máquina do Tempo","Matuê",2020-09-10,164000,71,true,8jtopaclkzi6fkcxvnzy3t27q,2021-07-03T06:00:36Z,"trap brasileiro,trap,hip hop brasileiro,trap funk","Sony Music Entertainment",0.544,0.802,10,-4.534,0,0.326,0.0534,0,0.139,0.322,179.924,4
spotify:track:2c80HnIOPMmQQVQllQEWb5,"É Sal","Máquina do Tempo","Matuê",2020-09-10,157687,69,true,8jtopaclkzi6fkcxvnzy3t27q,2021-07-03T06:00:40Z,"trap brasileiro,trap,hip hop brasileiro,trap funk","Sony Music Entertainment",0.708,0.734,6,-4.997,0,0.119,0.173,0,0.0957,0.459,159.915,4
spotify:track:0SGkqnVQo9KPytSri1H6cF,"Bounce Back","I Decided.","Big Sean",2017-02-03,222360,67,true,8jtopaclkzi6fkcxvnzy3t27q,2021-07-03T06:02:30Z,"","Getting Out Our Dreams Inc. (G.O.O.D.) Music / IDJ",0.785,0.575,1,-5.628,0,0.133,0.105,0,0.129,0.272,81.529,4
spotify:track:6Ozh9Ok6h4Oi1wUSLtBseN,"BOP","KIRK","DaBaby",2019-09-27,159714,76,true,8jtopaclkzi6fkcxvnzy3t27q,2021-07-03T06:02:45Z,"","South Coast Music Group/Interscope Records",0.769,0.787,11,-3.909,1,0.367,0.189,0,0.129,0.836,126.77,4
spotify:track:2HgGPga67UQXWW2JLuYE6E,"T-Shirt","T-Shirt","Migos",2017-01-13,242407,0,true,8jtopaclkzi6fkcxvnzy3t27q,2021-07-03T06:03:11Z,"trap","300 Entertainment",0.865,0.687,10,-3.744,0,0.217,0.242,0,0.158,0.486,139.023,4
spotify:track:0nhVrTiCGiGRCoZOJiWzm1,"Danger (with Migos & Marshmello)","Danger (with Migos & Marshmello) [From Bright: The Album]","Migos;Marshmello",2017-12-08,214586,58,true,8jtopaclkzi6fkcxvnzy3t27q,2021-07-03T06:03:17Z,"trap,edm","Atlantic Records",0.814,0.743,9,-2.968,1,0.159,0.152,0,0.163,0.367,107.996,4
spotify:track:4Km5HrUvYTaSUfiSGPJeQR,"Bad and Boujee (feat. Lil Uzi Vert)","Culture","Migos;Lil Uzi Vert",2017-04-07,343150,3,true,8jtopaclkzi6fkcxvnzy3t27q,2021-07-03T06:03:57Z,"trap,rap melódico,rage rap","Quality Control Music",0.926,0.666,11,-5.314,1,0.244,0.0611,0,0.123,0.168,127.079,4
spotify:track:6p8NuHm8uCGnn2Dtbtf7zE,"Slippery (feat. Gucci Mane)","Culture","Migos;Gucci Mane",2017-04-07,304041,2,true,8jtopaclkzi6fkcxvnzy3t27q,2021-07-03T06:04:01Z,"trap,southern hip hop,rap","Quality Control Music",0.92,0.675,1,-5.661,0,0.263,0.307,0,0.104,0.749,141.967,4
spotify:track:6n4U3TlzUGhdSFbUUhTvLP,"Walk It Talk It","Culture II","Migos;Drake",2018-01-26,276147,76,true,8jtopaclkzi6fkcxvnzy3t27q,2021-07-03T06:04:19Z,"trap,rap","Quality Control Music, LLC",0.908,0.633,2,-5.145,1,0.183,0.0859,0.00000231,0.106,0.395,145.914,4
spotify:track:4wFjTWCunQFKtukqrNijEt,"MotorSport","Culture II","Migos;Nicki Minaj;Cardi B",2018-01-26,303076,70,true,8jtopaclkzi6fkcxvnzy3t27q,2021-07-03T06:04:29Z,"trap","Quality Control Music, LLC",0.902,0.518,2,-5.32,1,0.183,0.0305,0,0.325,0.188,137.993,4
spotify:track:6gEV63w60wPzUsihxypJzf,"Júpiter Dayane","Júpiter Dayane","Pineapple StormTv;Knust;Cesar Mc;Xamã;Chris MC;Jogzz",2019-03-01,320000,0,true,8jtopaclkzi6fkcxvnzy3t27q,2021-07-03T06:07:14Z,"hip hop brasileiro,trap brasileiro,trap funk,trap","Pineapple StormTV",0.593,0.745,5,-6.471,0,0.248,0.664,0.00000302,0.0947,0.599,101.365,4
spotify:track:5e0CF6LhfPARWyiu4eFohr,"Você Não Ama Ninguém","Você Não Ama Ninguém","Pineapple StormTv;Knust;Cesar Mc;Chris MC;Xamã;Salve Malak",2019-03-16,292500,0,true,8jtopaclkzi6fkcxvnzy3t27q,2021-07-03T06:07:36Z,"hip hop brasileiro,trap brasileiro,trap funk,trap","Pineapple StormTV",0.622,0.712,2,-6.316,1,0.048,0.158,0,0.158,0.265,127.948,4
spotify:track:1luax01sYxCLiM5uVk0oBj,"Você Não Ama Ninguém 2","Você Não Ama Ninguém 2","Pineapple StormTv;Cesar Mc;Chris MC;Luccas Carlos;Xamã",2020-01-27,300000,0,false,8jtopaclkzi6fkcxvnzy3t27q,2021-07-03T06:07:41Z,"hip hop brasileiro,trap brasileiro,pop nacional,trap funk,trap","Pineapple StormTV",0.652,0.77,0,-4.026,0,0.0712,0.275,0,0.126,0.363,135.994,4
spotify:track:13Rf6RaZT13TW4xLQR3MQr,"Poesia Acústica #6: Era uma Vez","Poesia Acústica #6: Era uma Vez","Pineapple StormTv;MC Cabelinho;Bob do Contra;Azzy;Filipe Ret;Dudu;Xamã;Orochi;Maquiny;Salve Malak",2018-12-24,577819,3,true,8jtopaclkzi6fkcxvnzy3t27q,2021-07-03T06:07:51Z,"hip hop brasileiro,trap brasileiro,trap funk,trap,funk consciente","Pineapple StormTV",0.518,0.575,5,-10.454,0,0.0524,0.427,0,0.153,0.577,93.885,4
spotify:track:3c7XrXvKtv9OdUwn1ueodG,"Drácula","Pecado Capital","Xamã;Bagua Records",2018-05-24,220884,38,false,8jtopaclkzi6fkcxvnzy3t27q,2021-07-03T06:10:14Z,"hip hop brasileiro,trap brasileiro,trap funk,trap,boom bap","Baguá Records",0.702,0.576,1,-7.271,0,0.17,0.0255,0.00000378,0.102,0.194,113.023,4
spotify:track:3Cr40Mm4RXPkmHxTwRU7fV,"Ira","Pecado Capital","Xamã;Bagua Records;Neo Beats",2018-05-24,274366,39,false,8jtopaclkzi6fkcxvnzy3t27q,2021-07-03T06:10:21Z,"hip hop brasileiro,trap brasileiro,trap funk,trap,boom bap","Baguá Records",0.678,0.675,1,-8.275,0,0.406,0.312,0.0000035,0.134,0.708,104.994,4
spotify:track:7IJca3g0LJmoFdq3sNVf5E,"Gula","Pecado Capital","Xamã;Bagua Records",2018-05-24,188268,39,false,8jtopaclkzi6fkcxvnzy3t27q,2021-07-03T06:10:35Z,"hip hop brasileiro,trap brasileiro,trap funk,trap,boom bap","Baguá Records",0.602,0.821,11,-7.861,0,0.313,0.376,0,0.334,0.362,91.88,4
spotify:track:7uDmtMSHiwHt4SXqxbYqIr,"Every Season","Every Season","Roddy Ricch",2018-10-26,214829,45,true,8jtopaclkzi6fkcxvnzy3t27q,2021-07-03T06:13:11Z,"rap melódico","Atlantic Records",0.961,0.708,5,-5.524,0,0.287,0.0672,0,0.117,0.582,130,4
spotify:track:4SWWe2OYC4mqf40Gc2RSdl,"Down Below","Feed Tha Streets II","Roddy Ricch",2018-11-02,224002,74,true,8jtopaclkzi6fkcxvnzy3t27q,2021-07-03T06:13:31Z,"rap melódico","Bird Vision Entertainment",0.926,0.454,6,-9.932,1,0.0732,0.036,0.000422,0.0896,0.34,119.969,4
spotify:track:3uIdxn5bUjOLOKN4QELnhb,"Day One (Outro)","Feed Tha Streets II","Roddy Ricch",2018-11-02,161526,46,true,8jtopaclkzi6fkcxvnzy3t27q,2021-07-03T06:13:34Z,"rap melódico","Bird Vision Entertainment",0.693,0.236,1,-10.393,1,0.337,0.192,0,0.185,0.102,143.898,4
spotify:track:0nbXyq5TXYPCO7pr3N8S4I,"The Box","Please Excuse Me for Being Antisocial","Roddy Ricch",2019-12-06,196652,85,true,8jtopaclkzi6fkcxvnzy3t27q,2021-07-03T06:13:45Z,"rap melódico","Atlantic Records",0.896,0.586,10,-6.687,0,0.0559,0.104,0,0.79,0.642,116.971,4
spotify:track:7A20WnLkjtZU2d7hIB6Ziu,"Start Wit Me (feat. Gunna)","Please Excuse Me for Being Antisocial","Roddy Ricch;Gunna",2019-12-06,158691,62,true,8jtopaclkzi6fkcxvnzy3t27q,2021-07-03T06:13:49Z,"rap melódico","Atlantic Records",0.886,0.479,4,-8.054,0,0.334,0.077,0,0.135,0.408,130.029,4
spotify:track:4bl1HBZliBuYpFZjWgefE4,"Peta (feat. Meek Mill)","Please Excuse Me for Being Antisocial","Roddy Ricch;Meek Mill",2019-12-06,198848,54,true,8jtopaclkzi6fkcxvnzy3t27q,2021-07-03T06:13:54Z,"rap melódico,rap","Atlantic Records",0.778,0.573,10,-7.339,0,0.251,0.015,0,0.464,0.269,140.114,4
spotify:track:3aBL75wBGHJnskegE9jyhb,"Boom Boom Room","Please Excuse Me for Being Antisocial","Roddy Ricch",2019-12-06,167557,57,true,8jtopaclkzi6fkcxvnzy3t27q,2021-07-03T06:13:58Z,"rap melódico","Atlantic Records",0.828,0.543,2,-7.678,0,0.0865,0.452,0,0.15,0.231,125.989,4
spotify:track:07KXEDMj78x68D884wgVEm,"High Fashion (feat. Mustard)","Please Excuse Me for Being Antisocial","Roddy Ricch;Mustard",2019-12-06,220486,74,true,8jtopaclkzi6fkcxvnzy3t27q,2021-07-03T06:14:04Z,"rap melódico","Atlantic Records",0.831,0.499,11,-8.442,0,0.114,0.269,0,0.3,0.511,97.956,4
spotify:track:2WVhK2P0nqOIs9eERV7j80,"Novo Drip","Novo Drip","Recayd Mob;Derek;Jé;Dfideliz;MC Igu;N.A.N.A.;BONE;The Boy",2019-07-19,294245,0,true,8jtopaclkzi6fkcxvnzy3t27q,2021-07-03T06:15:14Z,"trap brasileiro,trap,hip hop brasileiro,trap funk","Recayd Mob",0.945,0.252,8,-11.641,1,0.258,0.0036,0,0.101,0.0791,130.031,4
spotify:track:5jOaVgNbg3gC4hRldYS40i,"Natural","Astronauta: Mixtape","Aka Rasta;MC Igu",2016-09-01,301425,7,true,8jtopaclkzi6fkcxvnzy3t27q,2021-07-03T06:15:25Z,"trap brasileiro,trap,hip hop brasileiro","Aka Rasta",0.783,0.573,9,-10.398,0,0.0897,0.62,0,0.117,0.245,128.025,4
spotify:track:2cWCwWJTozhsGxmvrJJaXn,"Mlks de Sp","Mlks de Sp","Recayd Mob;Dfideliz;MC Igu;Jé;Derek",2020-06-05,195795,0,true,8jtopaclkzi6fkcxvnzy3t27q,2021-07-03T06:15:38Z,"trap brasileiro,trap,hip hop brasileiro,trap funk","Recayd Mob",0.901,0.516,1,-7.948,1,0.0726,0.0817,0,0.0922,0.18,118.957,4
spotify:track:1iiNWLN6aS8tvCYcxQKCf2,"Plaqtudum 2","Plaqtudum 2","MC Igu;The Boy;Klyn",2018-09-26,262974,28,true,8jtopaclkzi6fkcxvnzy3t27q,2021-07-03T06:16:06Z,"trap brasileiro,trap,hip hop brasileiro","Mc Igu",0.672,0.574,10,-6.144,1,0.0802,0.695,0.0000344,0.0843,0.29,131.762,4
spotify:track:1n1qcZLkN7GjXNkrgVTgYe,"Japão","Japão","MC Igu",2019-02-22,172764,43,true,8jtopaclkzi6fkcxvnzy3t27q,2021-07-03T06:16:13Z,"trap brasileiro,trap,hip hop brasileiro","Mc Igu",0.9,0.31,8,-14.456,0,0.106,0.253,0,0.108,0.444,129.935,4
spotify:track:3iH7cbeDjFBBvQpKejFlJz,"Ak do Japão","Ak do Japão","MC Igu;Borges",2020-03-13,160063,38,true,8jtopaclkzi6fkcxvnzy3t27q,2021-07-03T06:16:18Z,"trap brasileiro,trap,hip hop brasileiro,trap funk","Mc Igu",0.879,0.546,2,-9.169,1,0.459,0.304,0,0.224,0.162,119.898,4
spotify:track:7lqDAPrCq9udHqWEFEwEae,"Vlone","Hora do Rush, Vol. 1","Jé;MC Igu",2020-06-19,200881,17,true,8jtopaclkzi6fkcxvnzy3t27q,2021-07-03T06:16:51Z,"trap brasileiro,trap,hip hop brasileiro","Artefato, Recayd Mob",0.783,0.649,9,-7.015,1,0.116,0.246,0.0000349,0.309,0.534,134.983,4
spotify:track:4eBpzkiYaWiBTVAK9LUutI,"Honda","Hora do Rush, Vol. 1","Jé;MC Igu",2020-06-19,218198,24,true,8jtopaclkzi6fkcxvnzy3t27q,2021-07-03T06:16:57Z,"trap brasileiro,trap,hip hop brasileiro","Artefato, Recayd Mob",0.828,0.484,6,-6.33,0,0.308,0.255,0.0000331,0.107,0.204,150.006,4
spotify:track:6dqslWzZpn5FlVgmTxBNFV,"Biskat (Culpa do Nagalli)","Hora do Rush, Vol. 2","Jé;MC Igu",2020-07-03,153840,24,true,8jtopaclkzi6fkcxvnzy3t27q,2021-07-03T06:17:09Z,"trap brasileiro,trap,hip hop brasileiro","Artefato, Recayd Mob",0.744,0.591,5,-10.399,0,0.192,0.351,0.0000952,0.116,0.654,169.375,3
spotify:track:2dkea0PAubHwmNndWMdaT3,"Balenciaga","Hora do Rush, Vol. 2","Jé;MC Igu",2020-07-03,172245,21,true,8jtopaclkzi6fkcxvnzy3t27q,2021-07-03T06:17:13Z,"trap brasileiro,trap,hip hop brasileiro","Artefato, Recayd Mob",0.834,0.62,7,-7.703,0,0.0747,0.0734,0,0.137,0.305,111.968,4
spotify:track:1sr8lVCfINiX5TeuJzdqYQ,"Rush","Hora do Rush, Vol. 3","Jé;MC Igu",2020-07-31,108966,15,true,8jtopaclkzi6fkcxvnzy3t27q,2021-07-03T06:17:22Z,"trap brasileiro,trap,hip hop brasileiro","Artefato, Recayd Mob",0.637,0.622,4,-7.231,0,0.265,0.337,0.000118,0.149,0.694,180.094,3
spotify:track:3zG9VSsDKoMDyOsrfrLdXW,"Lv","Hora do Rush, Vol. 3","Jé;MC Igu",2020-07-31,190570,16,true,8jtopaclkzi6fkcxvnzy3t27q,2021-07-03T06:17:26Z,"trap brasileiro,trap,hip hop brasileiro","Artefato, Recayd Mob",0.895,0.385,8,-10.401,0,0.123,0.359,0.000131,0.111,0.404,121.056,4
spotify:track:4rl9Dwm4tHcHpGdJoqHh8W,"Snakes","Hora do Rush, Vol. 3","Jé;MC Igu",2020-07-31,184860,28,true,8jtopaclkzi6fkcxvnzy3t27q,2021-07-03T06:17:30Z,"trap brasileiro,trap,hip hop brasileiro","Artefato, Recayd Mob",0.743,0.576,10,-8.654,0,0.0836,0.0842,0,0.0788,0.333,119.936,4
spotify:track:3kzn7CAkZFXitb1dCA9NaO,"Flow Corey Taylor","Flow Deus","MC Igu",2017-09-14,192992,0,true,8jtopaclkzi6fkcxvnzy3t27q,2021-07-03T06:18:12Z,"trap brasileiro,trap,hip hop brasileiro","Mc Igu",0.798,0.211,9,-17.026,0,0.236,0.605,0,0.269,0.652,95.878,4
spotify:track:5MEUlmD0aDyMuHHmeqRuTD,"Buenos Aires","Subliminar","MC Igu",2018-02-09,184764,38,true,8jtopaclkzi6fkcxvnzy3t27q,2021-07-03T06:18:21Z,"trap brasileiro,trap,hip hop brasileiro","Igu",0.844,0.537,1,-8.44,1,0.137,0.228,0,0.117,0.493,130.027,4
spotify:track:1HPEgz3LoecrLSQWYBQcya,"John Lennon","Aff","MC Igu;The Boy",2018-04-17,228754,22,true,8jtopaclkzi6fkcxvnzy3t27q,2021-07-03T06:18:36Z,"trap brasileiro,trap,hip hop brasileiro","Mc Igu",0.906,0.539,0,-8.301,1,0.0713,0.0735,0.00000994,0.106,0.209,126.047,4
spotify:track:3FIPUfowHbBfYfkjuNwo1j,"Subaru","Aurélio³","MC Igu;Jé",2020-01-10,192914,23,true,8jtopaclkzi6fkcxvnzy3t27q,2021-07-03T06:18:52Z,"trap brasileiro,trap,hip hop brasileiro","Mc Igu",0.866,0.358,2,-13.711,0,0.553,0.542,0,0.102,0.476,121.944,4
spotify:track:4fOuiKWDxG6dWReSZ0w6D6,"Mystery Lady","Studying Abroad","Masego;Don Toliver",2020-11-13,228453,35,false,8jtopaclkzi6fkcxvnzy3t27q,2021-07-03T06:20:22Z,"","EQT Recordings/Capitol Records",0.7,0.498,3,-7.92,0,0.202,0.383,0,0.0984,0.631,76.307,4
spotify:track:02kDW379Yfd5PzW5A6vuGt,"Lemonade","Lemonade (feat. Gunna, Don Toliver & NAV)","Internet Money;Gunna;Don Toliver;NAV",2020-08-14,195428,5,true,8jtopaclkzi6fkcxvnzy3t27q,2021-07-03T06:20:44Z,"rap melódico","Internet Money Records/ TenThousand Projects",0.799,0.66,1,-6.153,0,0.079,0.256,0,0.111,0.471,140.04,4
spotify:track:0Li1OuXXfi7950ilZUFGkF,"Cardigan","Heaven Or Hell","Don Toliver",2020-03-13,158708,77,false,8jtopaclkzi6fkcxvnzy3t27q,2021-07-03T06:21:01Z,"","We Run It Ent./Cactus Jack/Atlantic",0.747,0.497,4,-6.542,0,0.0401,0.248,0,0.138,0.0663,142.046,4
spotify:track:527k23H0A4Q0UJN3vGs0Da,"After Party","Heaven Or Hell","Don Toliver",2020-03-13,167915,77,true,8jtopaclkzi6fkcxvnzy3t27q,2021-07-03T06:21:04Z,"","We Run It Ent./Cactus Jack/Atlantic",0.629,0.692,5,-8.045,1,0.0376,0.00981,0.331,0.603,0.453,162.948,4
spotify:track:47IXLhp3c6mu7NqvpuhuLi,"Can't Feel My Legs","Heaven Or Hell","Don Toliver",2020-03-13,180674,65,true,8jtopaclkzi6fkcxvnzy3t27q,2021-07-03T06:21:09Z,"","We Run It Ent./Cactus Jack/Atlantic",0.703,0.653,11,-6.226,0,0.079,0.237,0,0.199,0.414,140.044,4
spotify:track:6SPgp2qK3fb4wPX1SldrNf,"Had Enough (feat. Quavo & Offset)","Heaven Or Hell","Don Toliver;Offset;Quavo",2020-03-13,157133,67,true,8jtopaclkzi6fkcxvnzy3t27q,2021-07-03T06:21:20Z,"","We Run It Ent./Cactus Jack/Atlantic",0.748,0.789,2,-4.579,1,0.105,0.26,0,0.13,0.67,147.957,4
spotify:track:0cbO20ZF2lFflZGnNUHhGB,"Spaceship (feat. Sheck Wes)","Heaven Or Hell","Don Toliver;Sheck Wes",2020-03-13,185142,56,true,8jtopaclkzi6fkcxvnzy3t27q,2021-07-03T06:21:25Z,"","We Run It Ent./Cactus Jack/Atlantic",0.724,0.693,7,-5.379,0,0.0798,0.445,0,0.389,0.713,139.986,4
spotify:track:38HkYfvnhHLLB5Yaj2VpZg,"No Photos","Heaven Or Hell","Don Toliver",2020-03-13,175296,68,true,8jtopaclkzi6fkcxvnzy3t27q,2021-07-03T06:21:29Z,"","We Run It Ent./Cactus Jack/Atlantic",0.752,0.729,1,-5.436,1,0.174,0.29,0.00000127,0.0783,0.366,134.038,4
spotify:track:7AzlLxHn24DxjgQX73F9fU,"No Idea","Heaven Or Hell","Don Toliver",2020-03-13,154424,84,false,8jtopaclkzi6fkcxvnzy3t27q,2021-07-03T06:21:32Z,"","We Run It Ent./Cactus Jack/Atlantic",0.652,0.631,6,-5.718,0,0.0893,0.524,0.000579,0.165,0.35,127.998,4
spotify:track:4Zq5YPxtUcKTkXzVsSmAjl,"Nav","Nav","Jovem Dex;Robert Beats",2018-10-29,162010,46,false,8jtopaclkzi6fkcxvnzy3t27q,2021-07-03T06:22:31Z,"trap brasileiro,trap,hip hop brasileiro,trap funk","NINE FOUR MUSIC",0.725,0.68,4,-6.421,0,0.0911,0.437,0,0.291,0.297,119.956,4
spotify:track:3RXRE7jAEySxuffZs5Icr4,"Al Capone","Al Capone","Jovem Dex;Portugal No Beat",2018-11-21,173552,35,true,8jtopaclkzi6fkcxvnzy3t27q,2021-07-03T06:22:46Z,"trap brasileiro,trap,hip hop brasileiro,trap funk","NINE FOUR MUSIC",0.756,0.624,9,-6.805,1,0.0713,0.0747,0.0000029,0.258,0.34,129.986,4
spotify:track:1PuQBTDZ6WntifoXDrUXRg,"Money","Money","Jovem Dex;Portugal No Beat",2019-02-20,139050,41,false,8jtopaclkzi6fkcxvnzy3t27q,2021-07-03T06:22:53Z,"trap brasileiro,trap,hip hop brasileiro,trap funk","NINE FOUR MUSIC",0.798,0.805,7,-6.28,0,0.0329,0.0233,0.00000179,0.0787,0.528,103.997,4
spotify:track:2pkiYFWrja3oTlTwDaTypd,"Rockstar","Rockstar","Jovem Dex;Neves",2019-05-24,254481,36,false,8jtopaclkzi6fkcxvnzy3t27q,2021-07-03T06:22:58Z,"trap brasileiro,trap,hip hop brasileiro,trap funk","NINE FOUR MUSIC",0.687,0.644,4,-7.927,0,0.075,0.0276,0,0.0875,0.199,141.018,4
spotify:track:2jSusUF3coQykgybOU7sqy,"Tango","Tango","Jovem Dex;Predella",2019-08-17,244739,43,true,8jtopaclkzi6fkcxvnzy3t27q,2021-07-03T06:23:01Z,"trap brasileiro,trap,hip hop brasileiro,trap funk","NINE FOUR MUSIC",0.72,0.685,4,-5.708,0,0.137,0.0487,0,0.148,0.25,127.122,4
spotify:track:0uv71i1waQbyRjZT86Fctu,"Tipo uma Glock","Tipo uma Glock","Jovem Dex;Hash Produções",2019-09-10,125156,0,true,8jtopaclkzi6fkcxvnzy3t27q,2021-07-03T06:23:06Z,"trap brasileiro,trap,hip hop brasileiro,trap funk","Hash Produções",0.875,0.559,1,-8.9,0,0.281,0.00592,0,0.161,0.456,140.02,4
spotify:track:7fO8Ok3rByqDqGc0MmBsj9,"Porsche","Porsche","Jovem Dex",2019-10-31,159359,39,false,8jtopaclkzi6fkcxvnzy3t27q,2021-07-03T06:23:11Z,"trap brasileiro,trap,hip hop brasileiro,trap funk","NINE FOUR MUSIC",0.843,0.437,10,-9.864,0,0.0681,0.0514,0,0.0837,0.565,123.959,4
spotify:track:7EXTQ2gqX19CmMY0CBDeOH,"Ímã de Dinheiro","Ímã de Dinheiro","Jovem Dex",2020-02-07,137155,36,true,8jtopaclkzi6fkcxvnzy3t27q,2021-07-03T06:23:16Z,"trap brasileiro,trap,hip hop brasileiro,trap funk","NINE FOUR MUSIC",0.781,0.716,2,-10.007,1,0.061,0.0335,0,0.134,0.427,98.024,4
spotify:track:25AJGUhaTSaWntIZgbQgxL,"Mamacita","Mamacita","Jovem Dex",2020-05-01,146951,32,false,8jtopaclkzi6fkcxvnzy3t27q,2021-07-03T06:23:20Z,"trap brasileiro,trap,hip hop brasileiro,trap funk","NINE FOUR MUSIC",0.863,0.648,11,-6.667,0,0.204,0.00361,0,0.114,0.449,146.975,4
spotify:track:3IlV0oQTh8DrBp38CVJ91p,"Tapa","ÉTPM?!","Jovem Dex;Pedro Lotto;Paiva Prod",2021-05-13,159010,46,false,8jtopaclkzi6fkcxvnzy3t27q,2021-07-03T06:23:37Z,"trap brasileiro,trap,hip hop brasileiro,trap funk","Sony Music Entertainment",0.807,0.557,10,-7.215,0,0.0696,0.0225,0,0.0862,0.341,79.977,4
spotify:track:2AWbTCosNPu9OI0t3LjOdI,"Obama","ÉTPM?!","Jovem Dex;Brandão85",2021-05-13,186677,45,false,8jtopaclkzi6fkcxvnzy3t27q,2021-07-03T06:23:42Z,"trap brasileiro,trap,hip hop brasileiro,trap funk","Sony Music Entertainment",0.806,0.628,6,-7.407,0,0.291,0.00894,0,0.322,0.798,125.933,4
spotify:track:35x9qUGtAja78x1LGrO0o6,"Rambo","ÉTPM?!","Jovem Dex",2021-05-13,139014,41,false,8jtopaclkzi6fkcxvnzy3t27q,2021-07-03T06:23:48Z,"trap brasileiro,trap,hip hop brasileiro,trap funk","Sony Music Entertainment",0.788,0.767,9,-5.416,0,0.0864,0.0527,0,0.186,0.349,119.954,4
spotify:track:43xN94U5MAyfDOFdqwGxWw,"Money Rain","ÉTPM?!","Jovem Dex",2021-05-13,208031,52,false,8jtopaclkzi6fkcxvnzy3t27q,2021-07-03T06:23:51Z,"trap brasileiro,trap,hip hop brasileiro,trap funk","Sony Music Entertainment",0.833,0.619,1,-8.814,1,0.0759,0.0357,0,0.114,0.598,119.94,4
spotify:track:2yNFSf5RNtJwbXhXfMVNCm,"ÉTPM","ÉTPM?!","Jovem Dex;MC Igu;Yunk Vino",2021-05-13,180937,50,false,8jtopaclkzi6fkcxvnzy3t27q,2021-07-03T06:23:56Z,"trap brasileiro,trap,hip hop brasileiro,trap funk","Sony Music Entertainment",0.821,0.599,5,-7.083,0,0.0532,0.0274,0,0.124,0.773,129.984,4
spotify:track:78VcPIRKT2KfjUYYClUSM5,"Flow L.G.","ÉTPM?!","Jovem Dex;Brandão85;Leviano",2021-05-13,186788,41,false,8jtopaclkzi6fkcxvnzy3t27q,2021-07-03T06:24:03Z,"trap brasileiro,trap,hip hop brasileiro,trap funk","Sony Music Entertainment",0.926,0.751,3,-6.269,0,0.0905,0.00514,0,0.0545,0.831,124.064,4
spotify:track:0COdap7lWmcab47ftniiIG,"Yakuza","ÉTPM?!","Jovem Dex",2021-05-13,140581,45,false,8jtopaclkzi6fkcxvnzy3t27q,2021-07-03T06:24:07Z,"trap brasileiro,trap,hip hop brasileiro,trap funk","Sony Music Entertainment",0.882,0.707,6,-6.399,1,0.136,0.00397,0,0.183,0.882,140.13,4
spotify:track:5DI9jxTHrEiFAhStG7VA8E,"Started From the Bottom","Nothing Was The Same","Drake",2013-01-01,174133,61,true,8jtopaclkzi6fkcxvnzy3t27q,2021-07-03T06:32:03Z,"rap","Cash Money Records/Young Money Ent./Universal Rec.",0.793,0.524,8,-7.827,1,0.156,0.0319,0,0.156,0.579,86.325,4
spotify:track:0wwPcA6wtMf6HUMpIRdeP7,"Hotline Bling","Views","Drake",2016-05-06,267066,86,false,8jtopaclkzi6fkcxvnzy3t27q,2021-07-03T06:32:35Z,"rap","Cash Money Records/Young Money Ent./Universal Rec.",0.891,0.628,2,-7.863,1,0.0551,0.00258,0.00019,0.0504,0.552,134.966,4
spotify:track:0TlLq3lA83rQOYtrqBqSct,"Nonstop","Scorpion","Drake",2018-06-29,238614,80,true,8jtopaclkzi6fkcxvnzy3t27q,2021-07-03T06:33:01Z,"rap","Cash Money/Drake LP6",0.912,0.412,7,-8.074,1,0.123,0.0165,0.0126,0.104,0.423,154.983,4
spotify:track:3szf2z1Cy1QMrtHrbn8rz9,"Elevate","Scorpion","Drake",2018-06-29,184960,63,true,8jtopaclkzi6fkcxvnzy3t27q,2021-07-03T06:33:06Z,"rap","Cash Money/Drake LP6",0.758,0.474,1,-8.72,1,0.147,0.0152,0,0.116,0.0542,76.061,4
spotify:track:6DCZcSspjsKoFjzjrWoCdn,"God's Plan","Scorpion","Drake",2018-06-29,198973,87,true,8jtopaclkzi6fkcxvnzy3t27q,2021-07-03T06:33:11Z,"rap","Cash Money/Drake LP6",0.754,0.449,7,-9.211,1,0.109,0.0332,0.0000829,0.552,0.357,77.169,4
spotify:track:7rC5Pl8rQSX4myONQHYPBK,"Mob Ties","Scorpion","Drake",2018-06-29,205146,69,true,8jtopaclkzi6fkcxvnzy3t27q,2021-07-03T06:33:16Z,"rap","Cash Money/Drake LP6",0.754,0.575,4,-8.393,0,0.0682,0.045,0.00131,0.276,0.491,86.009,4
spotify:track:2G7V7zsVDxg1yRsu7Ew9RJ,"In My Feelings","Scorpion","Drake",2018-06-29,217925,77,true,8jtopaclkzi6fkcxvnzy3t27q,2021-07-03T06:33:24Z,"rap","Cash Money/Drake LP6",0.835,0.626,1,-5.833,1,0.125,0.0589,0.00006,0.396,0.35,91.03,4
spotify:track:466cKvZn1j45IpxDdYZqdA,"Toosie Slide","Dark Lane Demo Tapes","Drake",2020-05-01,247058,73,true,8jtopaclkzi6fkcxvnzy3t27q,2021-07-03T06:33:56Z,"rap","OVO",0.83,0.49,1,-8.82,0,0.209,0.289,0.00000304,0.113,0.845,81.604,4
spotify:track:2SAqBLGA283SUiwJ3xOUVI,"Laugh Now Cry Later (feat. Lil Durk)","Laugh Now Cry Later (feat. Lil Durk)","Drake;Lil Durk",2020-08-14,261492,80,true,8jtopaclkzi6fkcxvnzy3t27q,2021-07-03T06:34:22Z,"rap,drill de chicago,drill","OVO",0.761,0.518,0,-8.871,1,0.134,0.244,0.0000347,0.107,0.522,133.976,4
spotify:track:65OVbaJR5O1RmwOQx0875b,"Wants and Needs (feat. Lil Baby)","Scary Hours 2","Drake;Lil Baby",2021-03-05,192956,80,true,8jtopaclkzi6fkcxvnzy3t27q,2021-07-03T06:34:29Z,"rap","OVO",0.578,0.449,1,-6.349,1,0.286,0.0618,0.00000217,0.119,0.1,136.006,4
spotify:track:0P4wSqJunF9XUuYkuQGzk4,"Maybach","Músicas para Tocar no Carro, Vol. 1","Dalua;WillsBife",2019-12-20,139092,3,false,8jtopaclkzi6fkcxvnzy3t27q,2021-07-03T15:48:57Z,"trap brasileiro,hip hop brasileiro,trap","TATU FILM & MEDIA ARTS LTDA",0.765,0.391,1,-11.557,1,0.337,0.0303,0,0.103,0.308,82.027,4
spotify:track:4QlV0Rp9L2OXOxCocKTS7A,"Flex Season","Músicas para Tocar no Carro, Vol. 1","Dalua;GuiBeatz",2019-12-20,220171,16,true,8jtopaclkzi6fkcxvnzy3t27q,2021-07-03T15:49:19Z,"trap brasileiro,hip hop brasileiro,trap","TATU FILM & MEDIA ARTS LTDA",0.804,0.33,1,-13.298,1,0.247,0.0915,0,0.0934,0.446,131.34,4
spotify:track:3meWgFie8sH7m1qKtevZnX,"Dripping","Músicas para Tocar no Carro, Vol. 1","Dalua;Fahel;Trxntin",2019-12-20,197693,7,true,8jtopaclkzi6fkcxvnzy3t27q,2021-07-03T15:49:24Z,"trap brasileiro,hip hop brasileiro,trap","TATU FILM & MEDIA ARTS LTDA",0.639,0.384,10,-14.283,0,0.234,0.359,0,0.126,0.755,135.903,4
spotify:track:1rmfRWWye8g3K2ThS2TOkF,"After 2","Músicas para Tocar no Carro, Vol. 1","Dalua;ONNiKA;Fahel;Trxntin",2019-12-20,175200,4,true,8jtopaclkzi6fkcxvnzy3t27q,2021-07-03T15:49:33Z,"trap brasileiro,hip hop brasileiro,trap","TATU FILM & MEDIA ARTS LTDA",0.875,0.428,5,-11.926,0,0.226,0.0128,0,0.115,0.579,99.992,4
spotify:track:5CXWoWAoGmhNGJpyuVIZpo,"Flash","Músicas para Tocar no Carro, Vol. 1","Dalua;Jé;808 Luke",2019-12-20,170149,5,true,8jtopaclkzi6fkcxvnzy3t27q,2021-07-03T15:49:38Z,"trap brasileiro,hip hop brasileiro,trap","TATU FILM & MEDIA ARTS LTDA",0.851,0.365,6,-13.533,1,0.0608,0.249,0.000136,0.111,0.694,134.014,4
spotify:track:5oJRs0cHlcE9efeXbyKnHX,"Escravos","Escravos","Young Mascka;Yunk Vino;Dalua",2021-03-05,234146,16,true,8jtopaclkzi6fkcxvnzy3t27q,2021-07-03T15:50:13Z,"trap brasileiro,hip hop brasileiro,trap,trap funk","Young Mascka",0.855,0.616,11,-5.618,0,0.0544,0.22,0,0.337,0.448,123.098,4
spotify:track:7m9OqQk4RVRkw9JJdeAw96,"Jocelyn Flores","17","XXXTENTACION",2017-08-25,119133,79,true,8jtopaclkzi6fkcxvnzy3t27q,2021-07-03T15:51:26Z,"rap emo","Bad Vibes Forever / EMPIRE",0.872,0.391,0,-9.144,0,0.242,0.469,0.00000413,0.297,0.437,134.021,4
spotify:track:3GVkPk8mqxz0itaAriG1L7,"Everybody Dies In Their Nightmares","17","XXXTENTACION",2017-08-25,95466,79,true,8jtopaclkzi6fkcxvnzy3t27q,2021-07-03T15:51:35Z,"rap emo","Bad Vibes Forever / EMPIRE",0.734,0.57,7,-7.066,0,0.133,0.847,0.0000214,0.112,0.689,129.953,4
spotify:track:7AQim7LbvFVZJE3O8TYgf2,"Fuck Love","17","XXXTENTACION;Trippie Redd",2017-08-25,146520,83,true,8jtopaclkzi6fkcxvnzy3t27q,2021-07-03T15:51:42Z,"rap emo,rap melódico","Bad Vibes Forever / EMPIRE",0.797,0.533,0,-9.74,0,0.0412,0.0172,0.000152,0.103,0.329,131.036,4
spotify:track:22An65gG31JLf9n18qjdhZ,"BAD!","SKINS","XXXTENTACION",2018-12-07,94245,73,false,8jtopaclkzi6fkcxvnzy3t27q,2021-07-03T15:51:56Z,"rap emo","Bad Vibes Forever / EMPIRE",0.78,0.492,5,-3.4,0,0.0671,0.0643,0.0313,0.174,0.374,143.983,4
spotify:track:0JP9xo3adEtGSdUEISiszL,"Moonlight","?","XXXTENTACION",2018-03-16,135090,87,true,8jtopaclkzi6fkcxvnzy3t27q,2021-07-03T15:52:19Z,"rap emo","Bad Vibes Forever, LLC",0.921,0.537,9,-5.723,0,0.0804,0.556,0.00404,0.102,0.711,128.009,4
spotify:track:3ee8Jmje8o58CHK66QrVC2,"SAD!","?","XXXTENTACION",2018-03-16,166605,82,true,8jtopaclkzi6fkcxvnzy3t27q,2021-07-03T15:52:23Z,"rap emo","Bad Vibes Forever, LLC",0.74,0.613,8,-4.88,1,0.145,0.258,0.00372,0.123,0.473,75.023,4
spotify:track:7AFASza1mXqntmGtbxXprO,"changes","?","XXXTENTACION",2018-03-16,121886,75,false,8jtopaclkzi6fkcxvnzy3t27q,2021-07-03T15:52:30Z,"rap emo","Bad Vibes Forever, LLC",0.669,0.308,11,-10.068,1,0.029,0.883,0,0.0984,0.52,64.934,4
spotify:track:5r4h4jk3aQ0do1zhQ9UAdX,"Privacy","The Magic Show: Snippet","Nagalli;DomLaike;LUKA;MD Chefe",2019-11-01,182400,13,true,8jtopaclkzi6fkcxvnzy3t27q,2021-07-03T15:53:58Z,"trap brasileiro,trap,trap funk,hip hop brasileiro","Nagalli",0.693,0.467,6,-9.56,1,0.207,0.186,0.00465,0.102,0.514,149.941,4
spotify:track:51T9lTWC8bVExAUe9DMQfL,"Pandora (2Plan)","The Magic Show: Snippet","Nagalli;Jé;Yunk Vino;Veigh",2019-11-01,225610,44,true,8jtopaclkzi6fkcxvnzy3t27q,2021-07-03T15:54:02Z,"trap brasileiro,trap,trap funk,hip hop brasileiro","Nagalli",0.838,0.455,1,-7.974,0,0.0813,0.346,0,0.126,0.307,128.029,4
spotify:track:3QcrRvZLLSlkQNmg46ciB2,"The Box Medley 2","The Box Medley 2","THE BOX;Kyan;Yunk Vino;Ojizzy;Aka Rasta;Abbot",2021-06-01,237000,0,true,8jtopaclkzi6fkcxvnzy3t27q,2021-07-03T15:54:26Z,"trap brasileiro,trap funk,funk,funk consciente,trap,hip hop brasileiro","The Box",0.811,0.539,0,-6.941,0,0.0355,0.278,0,0.164,0.537,115.019,4
spotify:track:7fndddONQsAhY6lKfwir0i,"Espelho","Off","Yunk Vino;MATHINVOKER",2019-06-09,162580,41,true,8jtopaclkzi6fkcxvnzy3t27q,2021-07-03T15:54:46Z,"trap brasileiro,trap,trap funk,hip hop brasileiro","MOSA GANG MILLIONAIRES",0.825,0.414,1,-8.901,1,0.0498,0.566,0.00444,0.105,0.355,123.91,4
spotify:track:0GsQzTpegvifzQZ4wXsCZ2,"Leans, Pt. 2","237","Yunk Vino;Volp",2020-02-14,172003,54,true,8jtopaclkzi6fkcxvnzy3t27q,2021-07-03T15:55:01Z,"trap brasileiro,trap,trap funk,hip hop brasileiro","Labbel Records",0.366,0.244,11,-13.966,0,0.0417,0.662,0,0.082,0.389,59.238,4
spotify:track:70D4ZYmLC8Kxxw4rGthU0Q,"Só Quando Ela Me Quer","237","Yunk Vino;Jaya;Duzz;Rubro",2020-02-14,228012,47,false,8jtopaclkzi6fkcxvnzy3t27q,2021-07-03T15:55:07Z,"trap brasileiro,trap,trap funk,hip hop brasileiro","Labbel Records",0.769,0.627,2,-9.12,0,0.0962,0.155,0.00000969,0.249,0.549,100.064,4
spotify:track:1CPiJC98I7vL8LTPtRwPcN,"Bad Shawty","237 Deluxe","Yunk Vino;MATHINVOKER",2020-06-26,130680,37,true,8jtopaclkzi6fkcxvnzy3t27q,2021-07-03T15:55:22Z,"trap brasileiro,trap,trap funk,hip hop brasileiro","Labbel Records",0.68,0.612,1,-9.146,0,0.0618,0.302,0,0.117,0.513,90.033,4
spotify:track:5iyWRI5iowiN1oZOthOw3n,"D.D","MIDNIGHT CALLS","Yunk Vino;Kayuá;Caio Passos",2020-12-11,172014,46,false,8jtopaclkzi6fkcxvnzy3t27q,2021-07-03T15:55:31Z,"trap brasileiro,trap,trap funk,hip hop brasileiro,funk,funk consciente","Boogie Naipe",0.774,0.444,4,-11.576,0,0.133,0.0654,0,0.0987,0.536,119.981,3
spotify:track:5YYjsDIxJKpVgNLkPpBmRA,"Up","Up","Desiigner",2017-04-04,235677,46,true,8jtopaclkzi6fkcxvnzy3t27q,2021-07-03T15:56:52Z,"","Getting Out Our Dreams Inc. (G.O.O.D.) Music / IDJ",0.911,0.632,8,-7.567,1,0.427,0.0222,0.00000467,0.254,0.382,144.018,4
spotify:track:6F5l8YIPrsmFlYFiWGyvn9,"Holy Ghost","Holy Ghost","Desiigner",2017-04-03,233253,35,true,8jtopaclkzi6fkcxvnzy3t27q,2021-07-03T15:57:02Z,"","Getting Out Our Dreams Inc. (G.O.O.D.) Music / IDJ",0.585,0.445,1,-6.637,1,0.304,0.0621,0,0.121,0.273,99.491,3
spotify:track:5YEOzOojehCqxGQCcQiyR4,"Panda","New English","Desiigner",2016-06-26,246761,72,true,8jtopaclkzi6fkcxvnzy3t27q,2021-07-03T15:57:20Z,"","Getting Out Our Dreams Inc. (G.O.O.D.) Music / IDJ",0.576,0.766,10,-4.943,0,0.449,0.0278,0.00000171,0.366,0.236,144.836,4
spotify:track:6E39QsoWB7JjphPF9xCQSN,"Outlet","Outlet","Desiigner",2017-02-09,268813,50,true,8jtopaclkzi6fkcxvnzy3t27q,2021-07-03T15:57:41Z,"","Getting Out Our Dreams Inc. (G.O.O.D.) Music / IDJ",0.65,0.801,8,-2.178,1,0.0694,0.117,0.000231,0.347,0.356,124.123,4
spotify:track:3NJG6vMH1ZsectZkocMEm0,"Tiimmy Turner","Tiimmy Turner","Desiigner",2016-07-22,239853,67,true,8jtopaclkzi6fkcxvnzy3t27q,2021-07-03T15:57:49Z,"","Getting Out Our Dreams Inc. (G.O.O.D.) Music / IDJ",0.602,0.725,6,-3.054,1,0.0393,0.174,0,0.0786,0.304,122.803,4
spotify:track:6uMalNVOlQqX67ZN48B25a,"Welcome 2 Rio","Welcome 2 Rio","Thoney;Flacko;BlakkClout",2020-04-27,137259,12,true,8jtopaclkzi6fkcxvnzy3t27q,2021-07-03T15:58:48Z,"trap brasileiro,trap,hip hop brasileiro","BlakkClout",0.765,0.554,2,-8.275,1,0.0959,0.179,0,0.253,0.0957,140.055,4
spotify:track:0LZkDuucd7c8eAaj9S4RJR,"Ak do Flamengo","Ak do Flamengo","Borges;Flacko;BlakkClout",2019-12-09,141764,54,true,8jtopaclkzi6fkcxvnzy3t27q,2021-07-03T15:58:53Z,"trap brasileiro,trap,trap funk,hip hop brasileiro","BlakkClout",0.895,0.392,11,-13.201,1,0.43,0.553,0,0.121,0.683,123.942,4
spotify:track:4xmcMRm2sampDUwlxxz3Vw,"Cartier","Cartier","BlakkClout;Flacko;BigJow",2019-11-27,140903,27,true,8jtopaclkzi6fkcxvnzy3t27q,2021-07-03T15:58:56Z,"trap brasileiro,trap,hip hop brasileiro","BlakkClout",0.916,0.481,1,-12.113,1,0.0461,0.33,0.00000677,0.1,0.49,124.047,4
spotify:track:71Dd0Xj33SthLJGkDzOQlo,"Ai Calica","Filho Pródigo","Flacko;CHF",2020-12-18,134150,14,false,8jtopaclkzi6fkcxvnzy3t27q,2021-07-03T15:59:08Z,"trap brasileiro,trap,hip hop brasileiro,boom bap","Flacko",0.787,0.775,3,-9.501,0,0.097,0.391,0.00142,0.181,0.76,145.045,4
spotify:track:0REtR0FDwjEWhGJaNJdafS,"Gold","Filho Pródigo","Flacko;Thoney;Neo Beats",2020-12-18,141250,18,false,8jtopaclkzi6fkcxvnzy3t27q,2021-07-03T15:59:14Z,"trap brasileiro,trap,hip hop brasileiro,trap funk","Flacko",0.86,0.33,9,-15.848,1,0.438,0.0916,0,0.104,0.748,129.961,4
spotify:track:1H0mIiggdvW134PxgDO00o,"Cafetão","Filho Pródigo","Flacko;MC Igu;CHF",2020-12-18,188600,12,true,8jtopaclkzi6fkcxvnzy3t27q,2021-07-03T15:59:18Z,"trap brasileiro,trap,hip hop brasileiro,boom bap","Flacko",0.845,0.56,6,-9.422,1,0.319,0.133,0.00000253,0.139,0.547,144.066,4
spotify:track:1qFHPxfirH1eLHWQpa2rh9,"Eu Eo Md","Filho Pródigo","Flacko;MD Chefe;Neo Beats",2020-12-18,156900,29,false,8jtopaclkzi6fkcxvnzy3t27q,2021-07-03T15:59:25Z,"trap brasileiro,trap,hip hop brasileiro,trap funk","Flacko",0.943,0.413,1,-12.755,1,0.483,0.0242,0,0.199,0.537,130.12,4
spotify:track:4AzXCZjqmPBQQKq7Ng5jAS,"Filho Pródigo","Filho Pródigo","Flacko;Borges;CHF",2020-12-18,186400,23,false,8jtopaclkzi6fkcxvnzy3t27q,2021-07-03T15:59:30Z,"trap brasileiro,trap,hip hop brasileiro,trap funk,boom bap","Flacko",0.835,0.704,0,-9.279,0,0.232,0.132,0,0.226,0.687,146.004,4
spotify:track:7mpoOB5YMpPnbllsALgSfr,"Flexin'","Flexin'","Pop Smoke",2019-06-28,158693,27,true,8jtopaclkzi6fkcxvnzy3t27q,2021-07-03T16:00:50Z,"drill do brooklyn,drill de nova iorque,drill","Victor Victor Worldwide",0.605,0.868,7,-5.802,1,0.317,0.113,0.0000379,0.305,0.517,147.937,4
spotify:track:17vGPZ5EsdvtgAOCD4FLWI,"AP - Music from the film Boogie","AP (Music from the film Boogie)","Pop Smoke",2021-02-26,171891,24,true,8jtopaclkzi6fkcxvnzy3t27q,2021-07-03T16:00:59Z,"drill do brooklyn,drill de nova iorque,drill","Victor Victor Worldwide / Republic Records",0.751,0.744,1,-6.859,1,0.177,0.152,0.000568,0.252,0.634,148.014,4
spotify:track:0fIffclhgJC5h8AdMMVvkp,"Welcome To The Party","Meet The Woo","Pop Smoke",2019-07-26,214960,33,true,8jtopaclkzi6fkcxvnzy3t27q,2021-07-03T16:01:14Z,"drill do brooklyn,drill de nova iorque,drill","Victor Victor Worldwide/Republic Records",0.63,0.724,2,-5.543,1,0.105,0.0138,0.0000692,0.196,0.237,143.024,4
spotify:track:79s5XnCN4TJKTVMSmOx8Ep,"Dior","Meet The Woo","Pop Smoke",2019-07-26,216386,44,true,8jtopaclkzi6fkcxvnzy3t27q,2021-07-03T16:01:20Z,"drill do brooklyn,drill de nova iorque,drill","Victor Victor Worldwide/Republic Records",0.548,0.805,7,-5.732,1,0.351,0.212,0.000405,0.408,0.649,142.096,4
spotify:track:792HwhrdO3ErRKL5yRe4Ge,"Invincible","Meet The Woo 2","Pop Smoke",2020-02-07,127546,40,true,8jtopaclkzi6fkcxvnzy3t27q,2021-07-03T16:01:28Z,"drill do brooklyn,drill de nova iorque,drill","Victor Victor Worldwide",0.548,0.732,11,-5.652,0,0.336,0.125,0,0.269,0.612,142.791,4
spotify:track:7rSnKi58HPIVC0FVyh04Q1,"Shake The Room (feat. Quavo)","Meet The Woo 2","Pop Smoke;Quavo",2020-02-07,165640,29,true,8jtopaclkzi6fkcxvnzy3t27q,2021-07-03T16:01:31Z,"drill do brooklyn,drill de nova iorque,drill","Victor Victor Worldwide",0.733,0.684,2,-4.748,1,0.177,0.142,0,0.178,0.437,142.038,4
spotify:track:3DWjFSDEQ9IWz1mj449fB7,"Get Back","Meet The Woo 2","Pop Smoke",2020-02-07,108160,33,true,8jtopaclkzi6fkcxvnzy3t27q,2021-07-03T16:01:36Z,"drill do brooklyn,drill de nova iorque,drill","Victor Victor Worldwide",0.799,0.649,9,-6.546,1,0.306,0.0746,0.0000133,0.517,0.566,142.004,4
spotify:track:0PvFJmanyNQMseIFrU708S,"For The Night (feat. Lil Baby & DaBaby)","Shoot For The Stars Aim For The Moon","Pop Smoke;Lil Baby;DaBaby",2020-07-03,190476,43,true,8jtopaclkzi6fkcxvnzy3t27q,2021-07-03T16:01:56Z,"drill do brooklyn,drill de nova iorque,drill","Victor Victor Worldwide",0.823,0.586,6,-6.606,0,0.2,0.114,0,0.193,0.347,125.971,4
spotify:track:1yGJUwPOptMclOwV2kvAxH,"Criminal Influencer","Criminal Influencer","LEALL;Tarcis",2019-05-07,116571,50,true,8jtopaclkzi6fkcxvnzy3t27q,2021-07-03T16:02:53Z,"boom bap,hip hop brasileiro,trap brasileiro,grime","LEALL / S",0.782,0.505,4,-8.125,0,0.384,0.574,0,0.0957,0.275,140.018,4
spotify:track:489WqSvCOYoNvXdAzVzB8h,"Moda Síria Anti-Adidas","Moda Síria Anti-Adidas","LEALL",2019-09-24,208695,41,true,8jtopaclkzi6fkcxvnzy3t27q,2021-07-03T16:03:01Z,"boom bap,hip hop brasileiro,trap brasileiro,grime","LEALL",0.79,0.712,0,-6.047,0,0.306,0.289,0,0.119,0.746,139.974,4
spotify:track:6g6fjgEC4dXkX01oJoeyCT,"Demonike","Demonike","LEALL;Luna",2021-06-18,175774,40,true,8jtopaclkzi6fkcxvnzy3t27q,2021-07-03T16:03:08Z,"boom bap,hip hop brasileiro,trap brasileiro,grime,drill","KOPO",0.69,0.572,7,-6.43,0,0.242,0.675,0,0.118,0.696,118.608,1
spotify:track:2AcXPYmNCL0928ISaAqhLw,"Encomenda","Esculpido a Machado","LEALL;Luna",2021-03-02,157241,39,true,8jtopaclkzi6fkcxvnzy3t27q,2021-07-03T16:03:18Z,"boom bap,hip hop brasileiro,trap brasileiro,grime,drill","LEALL",0.7,0.678,2,-3.381,1,0.371,0.245,0,0.196,0.529,63.219,3
spotify:track:4S8d14HvHb70ImctNgVzQQ,"I Love It (& Lil Pump)","I Love It","Kanye West;Lil Pump",2018-09-07,127946,70,true,8jtopaclkzi6fkcxvnzy3t27q,2021-07-03T16:04:37Z,"rap","Getting Out Our Dreams, Inc./Def Jam Recordings",0.901,0.522,2,-8.304,1,0.33,0.0114,0,0.259,0.329,104.053,4
spotify:track:4fzsfWzRhPawzqhX8Qt9F3,"Stronger","Graduation","Kanye West",2007-09-11,311866,13,true,8jtopaclkzi6fkcxvnzy3t27q,2021-07-03T16:04:55Z,"rap","Roc-A-Fella",0.617,0.717,10,-7.858,0,0.153,0.00564,0,0.408,0.49,103.992,4
spotify:track:0m3Ze0cy8qBHSsV2exAfCw,"Amazing","808s & Heartbreak","Kanye West;Jeezy",2008-11-24,238333,67,false,8jtopaclkzi6fkcxvnzy3t27q,2021-07-03T16:05:10Z,"rap,southern hip hop,crunk,gangster rap","Roc-A-Fella",0.588,0.554,8,-8.406,1,0.0545,0.216,0.118,0.0619,0.496,146.133,4
spotify:track:2gZUPNdnz5Y45eiGxpHGSc,"POWER","My Beautiful Dark Twisted Fantasy","Kanye West",2010-11-22,292093,83,true,8jtopaclkzi6fkcxvnzy3t27q,2021-07-03T16:05:22Z,"rap","Roc-A-Fella",0.542,0.914,0,-4.747,0,0.113,0.0161,0,0.744,0.576,153.993,4
spotify:track:1IIoQ4SDLTA1I0KU5mHlgl,"POC POC","POC POC","Recayd Mob;Dfideliz;Derek;Jé;MC Igu;N.A.N.A.;BONE;The Boy",2020-07-10,223732,0,true,8jtopaclkzi6fkcxvnzy3t27q,2021-07-03T16:06:29Z,"trap brasileiro,trap,hip hop brasileiro,trap funk","Recayd Mob",0.926,0.615,8,-6.183,1,0.0674,0.02,0,0.669,0.658,132.013,4
spotify:track:5ttl4eMRPuixvadA3JRNHD,"Preto Rico","Preto Rico","Dfideliz;Kiaz",2018-10-05,147692,42,true,8jtopaclkzi6fkcxvnzy3t27q,2021-07-03T16:07:07Z,"trap brasileiro,hip hop brasileiro,trap,trap funk","Dfideliz",0.905,0.387,0,-14.539,1,0.0938,0.414,0.00522,0.115,0.212,116.988,4
spotify:track:6skR4ZtK9TWsLpbxTbectM,"Obrigado, Mãe.","Obrigado, Mãe.","Dfideliz",2019-02-15,157090,42,true,8jtopaclkzi6fkcxvnzy3t27q,2021-07-03T16:07:13Z,"trap brasileiro,hip hop brasileiro,trap,trap funk","Dfideliz",0.772,0.554,1,-12.911,1,0.0332,0.168,0.0557,0.146,0.546,109.982,4
spotify:track:1Ksl4bgEUkZfP0UIws9UKa,"O Plano","O Plano","BlakkStar;Tblack;Dfideliz",2019-04-04,178253,14,false,8jtopaclkzi6fkcxvnzy3t27q,2021-07-03T16:07:17Z,"trap brasileiro,hip hop brasileiro,trap,trap funk","Blakkstar",0.885,0.497,11,-12.014,0,0.424,0.256,0.000281,0.0843,0.344,110.027,4
spotify:track:6eK68flOp1XqQtbWohsdNE,"Sessão do Descarrego","Sessão do Descarrego","Filipe Ret;Dfideliz",2019-06-12,235306,46,true,8jtopaclkzi6fkcxvnzy3t27q,2021-07-03T16:07:23Z,"hip hop brasileiro,trap brasileiro,trap funk,trap","Som Livre",0.778,0.681,0,-7.148,0,0.245,0.247,0,0.111,0.142,121.047,4
spotify:track:02PfxLNAiAoWOLMR49wAk8,"Bloco de 100","Bloco de 100","Dfideliz;MC Hariel",2020-04-24,225334,29,true,8jtopaclkzi6fkcxvnzy3t27q,2021-07-03T16:07:30Z,"trap brasileiro,hip hop brasileiro,trap,trap funk,funk,funk consciente","Dfideliz",0.756,0.666,5,-5.363,0,0.353,0.483,0,0.0959,0.701,86.104,4
spotify:track:2oh7FAxXsH6v3mPqoimTUQ,"Drip de Negão","Drip de Negão","Young Mascka;Jé;Dfideliz",2021-02-12,197217,34,true,8jtopaclkzi6fkcxvnzy3t27q,2021-07-03T16:07:46Z,"trap brasileiro,hip hop brasileiro,trap,trap funk","Young Mascka",0.926,0.672,8,-7.294,0,0.171,0.352,0,0.141,0.43,115.018,4
spotify:track:2VjDnHAOeGIkDDOLXOvMrc,"Tropa do Corinthians","Tropa do Corinthians","Tropa do Corinthians;Dfideliz;Jé;Kuririn;ONNiKA;Fleezus;BONE;Veigh",2021-03-12,229574,21,false,8jtopaclkzi6fkcxvnzy3t27q,2021-07-03T16:07:51Z,"trap brasileiro,hip hop brasileiro,trap,trap funk,grime","Sport Club Corinthians Paulista",0.472,0.757,6,-6.845,0,0.338,0.238,0,0.376,0.42,144.081,4
spotify:track:26zjGmHA57lN9ef4bmG8ep,"Transei Com a Morte","Sou Rock N' Roll","Dfideliz;Paiva Prod",2019-12-06,130730,54,true,8jtopaclkzi6fkcxvnzy3t27q,2021-07-03T16:08:08Z,"trap brasileiro,hip hop brasileiro,trap,trap funk","White Monkey Recordings",0.461,0.744,9,-8.325,0,0.291,0.129,0,0.128,0.206,103.761,4
spotify:track:58rSkwn0cgv9r9K7HII9u0,"Sou Rock N' Roll","Sou Rock N' Roll","Dfideliz;Paiva Prod;DJ Murillo",2019-12-06,115214,32,true,8jtopaclkzi6fkcxvnzy3t27q,2021-07-03T16:08:13Z,"trap brasileiro,hip hop brasileiro,trap,trap funk","White Monkey Recordings",0.841,0.696,9,-3.748,1,0.207,0.179,0,0.101,0.609,140.064,4
spotify:track:74yLWFGThLAPXyFdJGsAxF,"Axé","Sou Rock N' Roll","Dfideliz;BK;Djonga",2019-12-06,217573,42,true,8jtopaclkzi6fkcxvnzy3t27q,2021-07-03T16:08:17Z,"trap brasileiro,hip hop brasileiro,trap,trap funk,boom bap","White Monkey Recordings",0.727,0.734,7,-4.536,1,0.373,0.0858,0,0.38,0.886,85.527,4
spotify:track:4NNHnTsCv4aivtWGz0ng0x,"Essa Noite Eu Bebi Amor","Sou Rock N' Roll","Dfideliz;Dagrace;Nagalli",2019-12-06,135278,58,true,8jtopaclkzi6fkcxvnzy3t27q,2021-07-03T16:08:32Z,"trap brasileiro,hip hop brasileiro,trap,trap funk","White Monkey Recordings",0.755,0.608,6,-7.577,1,0.0906,0.387,0.0000117,0.0869,0.792,80.052,4
spotify:track:0f4Y5tlsYlYm1bvkqhP4OO,"Fideliz Cê é Preto Carai","Sou Rock N' Roll","Dfideliz;WEY;Dj Felipe Rosa",2019-12-06,147484,37,true,8jtopaclkzi6fkcxvnzy3t27q,2021-07-03T16:08:37Z,"trap brasileiro,hip hop brasileiro,trap,trap funk","White Monkey Recordings",0.82,0.802,10,-6.103,1,0.242,0.336,0,0.127,0.372,131.988,4
spotify:track:0ecBpKN02kcskxhv9zU36y,"Heatin Up (feat. Gunna)","My Turn (Deluxe)","Lil Baby;Gunna",2020-10-01,177314,47,true,8jtopaclkzi6fkcxvnzy3t27q,2021-07-03T16:09:45Z,"rap melódico","Quality Control/Motown Records",0.788,0.436,1,-9.435,1,0.364,0.0612,0,0.0979,0.341,129.848,4
spotify:track:0ky8syPEVEfD7qCxMTW49X,"Slatty (feat. Yak Gotti & Lil Duke)","Slime Language 2","Young Stoner Life;Young Thug;Gunna;Lil Duke;Yak Gotti",2021-04-16,290280,54,true,8jtopaclkzi6fkcxvnzy3t27q,2021-07-03T16:10:39Z,"rap,rap melódico,trap","300 Entertainment",0.814,0.531,1,-7.56,1,0.0884,0.000544,0.00000726,0.103,0.18,130.02,4
spotify:track:6755DFiZ7CWe2WMdTGW5C1,"Ski","Slime Language 2","Young Stoner Life;Young Thug;Gunna",2021-04-16,152333,68,true,8jtopaclkzi6fkcxvnzy3t27q,2021-07-03T16:10:44Z,"rap,rap melódico,trap","300 Entertainment",0.953,0.621,8,-7.638,0,0.221,0.017,0,0.0398,0.883,123.016,4
spotify:track:7uZqvqXzzYMKrexKxdcGmd,"Diamonds Dancing (feat. Travis Scott)","Slime Language 2","Young Stoner Life;Young Thug;Gunna;Travis Scott",2021-04-16,242600,63,true,8jtopaclkzi6fkcxvnzy3t27q,2021-07-03T16:10:48Z,"rap,rap melódico,trap","300 Entertainment",0.851,0.703,4,-7.351,0,0.303,0.00949,0.0000257,0.0895,0.596,74.017,4
spotify:track:6rTInqW3YECMkQsBEHw4sd,"Solid (feat. Drake)","Slime Language 2","Young Stoner Life;Young Thug;Gunna;Drake",2021-04-16,215693,74,true,8jtopaclkzi6fkcxvnzy3t27q,2021-07-03T16:10:52Z,"rap,rap melódico,trap","300 Entertainment",0.887,0.485,11,-9.358,0,0.2,0.0392,0,0.141,0.328,125.987,4
spotify:track:3GkEnNf2RWmdwkA2FfjQ3g,"Came and Saw (feat. Rowdy Rebel)","Slime Language 2","Young Stoner Life;Young Thug;Rowdy Rebel",2021-04-16,174413,64,true,8jtopaclkzi6fkcxvnzy3t27q,2021-07-03T16:11:00Z,"rap,rap melódico,trap,drill do brooklyn,drill de nova iorque","300 Entertainment",0.771,0.817,2,-6.791,1,0.214,0.306,0,0.155,0.554,123.952,4
spotify:track:3kv3JzZg7Jq7vHmnMSYQ0r,"Real (feat. Unfoonk)","Slime Language 2","Young Stoner Life;Young Thug;Unfoonk",2021-04-16,193360,48,true,8jtopaclkzi6fkcxvnzy3t27q,2021-07-03T16:11:35Z,"rap,rap melódico,trap","300 Entertainment",0.613,0.64,10,-7.346,1,0.177,0.00906,0,0.11,0.496,160.105,4
spotify:track:1OuwfVcdn99T9SPBHaVTNn,"I Like (feat. Karlae & Coi Leray)","Slime Language 2","Young Stoner Life;Karlae;Coi Leray",2021-04-16,189813,38,true,8jtopaclkzi6fkcxvnzy3t27q,2021-07-03T16:11:51Z,"","300 Entertainment",0.709,0.496,5,-9.231,0,0.101,0.0656,0,0.245,0.347,134.177,4
spotify:track:3qszL96xkQJVNyHb7px8li,"WokStar (feat. Strick & Skepta)","Slime Language 2","Young Stoner Life;Strick;Skepta",2021-04-16,181506,45,true,8jtopaclkzi6fkcxvnzy3t27q,2021-07-03T16:12:05Z,"grime,grime reino unido","300 Entertainment",0.853,0.625,8,-6.744,1,0.322,0.12,0,0.11,0.439,148.036,4
spotify:track:2RnpmGmVsvCBCb0d74O2N6,"Superstar (feat. Future)","Slime Language 2","Young Stoner Life;Young Thug;Future",2021-04-16,149133,42,true,8jtopaclkzi6fkcxvnzy3t27q,2021-07-03T16:12:10Z,"rap,rap melódico,trap","300 Entertainment",0.726,0.567,10,-8.813,0,0.193,0.0189,0.0000264,0.0836,0.423,171.127,4
spotify:track:0DVIjaENXsZIVNVJGbUIGt,"Came Out (feat. Lil Keed)","Slime Language 2","Young Stoner Life;Gunna;Lil Keed",2021-04-16,191893,47,true,8jtopaclkzi6fkcxvnzy3t27q,2021-07-03T16:12:17Z,"rap melódico","300 Entertainment",0.901,0.596,8,-6.063,1,0.0511,0.0256,0,0.107,0.356,119.907,4
spotify:track:7BjDcHQ6aKuVDjfiNFzk3I,"Really Be Slime (feat. YNW Melly, Bslime & FN DaDealer)","Slime Language 2","Young Stoner Life;FN DaDealer;Bslime;YNW Melly",2021-04-16,183160,38,true,8jtopaclkzi6fkcxvnzy3t27q,2021-07-03T16:12:21Z,"rap melódico","300 Entertainment",0.755,0.487,7,-9.148,0,0.299,0.0715,0,0.0984,0.339,151.063,4
spotify:track:1DL8sQcR4hUsaSisoFnQkR,"Trance (feat. Karlae & Yung Bleu)","Slime Language 2","Young Stoner Life;Karlae;Yung Bleu",2021-04-16,196693,41,true,8jtopaclkzi6fkcxvnzy3t27q,2021-07-03T16:12:27Z,"","300 Entertainment",0.833,0.556,8,-9.68,0,0.183,0.0189,0.00074,0.361,0.485,122.092,4
spotify:track:76LmOHe1Fbd9m9wAWt2Dbs,"Como Te Llama (feat. HiDoraah)","Slime Language 2","Young Stoner Life;HiDoraah",2021-04-16,241226,30,true,8jtopaclkzi6fkcxvnzy3t27q,2021-07-03T16:12:53Z,"","300 Entertainment",0.625,0.488,7,-7.156,0,0.0675,0.128,0.00000576,0.12,0.162,160.022,4
spotify:track:2a5yh680ceSNKwqC1pnr5s,"Reckless (feat. Dolly White)","Slime Language 2","Young Stoner Life;Dolly White",2021-04-16,92706,29,true,8jtopaclkzi6fkcxvnzy3t27q,2021-07-03T16:12:56Z,"","300 Entertainment",0.808,0.502,1,-12.201,1,0.324,0.0149,0,0.0661,0.401,105.046,3
spotify:track:6rUmUJ2drFemHTH73bFAKQ,"That Go! (feat. T-Shyne)","Slime Language 2","Young Stoner Life;Young Thug;Meek Mill;T-Shyne",2021-04-16,226000,70,true,8jtopaclkzi6fkcxvnzy3t27q,2021-07-03T16:13:03Z,"rap,rap melódico,trap","300 Entertainment",0.713,0.575,1,-6.706,1,0.0501,0.00669,0,0.169,0.189,145.95,4
spotify:track:7cUUMazsBo0UWky3LdUXZI,"My City Remix (feat. YTB Trench)","Slime Language 2","Young Stoner Life;Young Thug;YTB Trench",2021-04-16,231600,41,true,8jtopaclkzi6fkcxvnzy3t27q,2021-07-03T16:13:13Z,"rap,rap melódico,trap","300 Entertainment",0.619,0.638,9,-9.021,1,0.418,0.131,0,0.106,0.451,173.822,4
spotify:track:6EHSC5FGDVtL3LPcHkZQCi,"Ok Baby","Ok Baby","Japa",2020-03-27,164210,45,true,8jtopaclkzi6fkcxvnzy3t27q,2021-07-03T16:13:46Z,"trap brasileiro,trap,hip hop brasileiro","JAPA OFICIAL",0.794,0.509,4,-6.208,0,0.0787,0.322,0.0000499,0.462,0.588,113.999,4
spotify:track:4WnUiUZyqIF7vP6S4wriKG,"Dejavu","Dejavu","Japa",2020-07-24,146165,43,true,8jtopaclkzi6fkcxvnzy3t27q,2021-07-03T16:13:49Z,"trap brasileiro,trap,hip hop brasileiro","JAPA OFICIAL",0.623,0.648,1,-4.573,0,0.178,0.637,0.00201,0.405,0.558,132.922,4
spotify:track:6r8RhDYwQGUHQzLM7FwFzF,"AMG","AMG","Japa",2019-08-02,129994,32,true,8jtopaclkzi6fkcxvnzy3t27q,2021-07-03T16:13:54Z,"trap brasileiro,trap,hip hop brasileiro","JAPA",0.751,0.661,1,-5.841,1,0.195,0.0635,0.000121,0.442,0.488,149.984,4
spotify:track:0VgkVdmE4gld66l8iyGjgx,"Mask Off","FUTURE","Future",2017-06-30,204600,83,true,8jtopaclkzi6fkcxvnzy3t27q,2021-07-03T16:15:09Z,"rap","Epic/Freebandz/A1",0.833,0.434,2,-8.795,1,0.431,0.0102,0.0219,0.165,0.281,150.062,4
spotify:track:1K5KBOgreBi5fkEHvg5ap3,"Life Is Good (feat. Drake)","High Off Life","Future;Drake",2020-05-15,237918,79,true,8jtopaclkzi6fkcxvnzy3t27q,2021-07-03T16:15:27Z,"rap","Epic/Freebandz",0.795,0.574,2,-6.903,0,0.487,0.067,0,0.15,0.537,142.053,4
spotify:track:00j6HYx9cIzZcgwpB72buK,"Aulas e Palestras","Aulas e Palestras","Pineapple StormTv;Dk 47;Borges;Kyan;Moyz",2021-02-08,193600,0,true,8jtopaclkzi6fkcxvnzy3t27q,2021-07-03T16:16:45Z,"hip hop brasileiro,trap brasileiro,trap,trap funk","Pineapple StormTV",0.789,0.895,9,-3.461,1,0.182,0.425,0.0000179,0.199,0.705,149.923,4
spotify:track:7eL0pC73XR5EF940YEk79k,"Mandrake","Mandrake","Kyan",2019-11-06,112764,46,true,8jtopaclkzi6fkcxvnzy3t27q,2021-07-03T16:16:57Z,"trap brasileiro,trap funk,trap,hip hop brasileiro","Kyan",0.884,0.77,8,-4.504,0,0.231,0.121,0,0.107,0.747,86.729,5
spotify:track:5BP7nEs9ZwcQVF564vMTol,"Tropa da Lacoste","Tropa da Lacoste","Kyan;Mu540",2020-04-13,142392,0,true,8jtopaclkzi6fkcxvnzy3t27q,2021-07-03T16:17:01Z,"trap brasileiro,trap funk,trap,hip hop brasileiro","Ceia Ent.",0.916,0.395,6,-13.846,0,0.488,0.0963,0,0.107,0.781,134.062,4
spotify:track:30g0zKIzhdwdJBSgiBA9gg,"Chefin","Chefin","Kyan;Derek;Mu540",2020-09-30,186674,0,false,8jtopaclkzi6fkcxvnzy3t27q,2021-07-03T16:17:11Z,"trap brasileiro,trap funk,trap,hip hop brasileiro","ceia ent",0.901,0.672,7,-10.21,1,0.309,0.419,0,0.0741,0.727,140.113,4
spotify:track:3kHxuY36nCmcKJ4GddBjIe,"Preto e Dinheiro","Preto e Dinheiro","Kyan;Dfideliz;Mu540",2020-10-30,197380,1,true,8jtopaclkzi6fkcxvnzy3t27q,2021-07-03T16:17:14Z,"trap brasileiro,trap funk,trap,hip hop brasileiro","Ceia Ent",0.819,0.542,4,-10.757,0,0.364,0.436,0,0.359,0.544,120.032,4
spotify:track:543Yg40LdcfkZkoxCR0kY9,"Perfil #84 - Eu Vim de Lá","Perfil #84 - Eu Vim de Lá","Pineapple StormTv;Kyan;Dj MU540",2021-04-22,190113,0,true,8jtopaclkzi6fkcxvnzy3t27q,2021-07-03T16:17:20Z,"hip hop brasileiro,trap brasileiro,trap funk,trap","Pineapple StormTV",0.829,0.464,5,-10.997,0,0.471,0.526,0,0.0814,0.78,114.862,4
spotify:track:6BU9sXbCOgIe9WW0OOLKbm,"O Menino Que Virou Deus","O Menino Que Virou Deus","Kyan;Nagalli;Makalo",2021-06-25,138298,0,false,8jtopaclkzi6fkcxvnzy3t27q,2021-07-03T16:17:29Z,"trap brasileiro,trap funk,trap,hip hop brasileiro,funk consciente,funk","ceia ent",0.777,0.56,2,-9.056,1,0.119,0.172,0.0000268,0.157,0.0947,139.855,4
spotify:track:65ES1qwOB577ZnTkizMXJJ,"HUMBLE. - SKRILLEX REMIX","HUMBLE. (SKRILLEX REMIX)","Skrillex;Kendrick Lamar",2017-09-29,156800,68,true,8jtopaclkzi6fkcxvnzy3t27q,2021-07-03T16:18:48Z,"dubstep,edm,electro,eletronic,hip hop,west coast hip hop","Aftermath",0.901,0.934,11,-2.345,1,0.273,0.00794,0.0000768,0.194,0.868,150.037,4
spotify:track:0vjKXtFLt6Ti08Y3JCnRKB,"Backseat Freestyle","good kid, m.A.A.d city","Kendrick Lamar",2012,212653,60,true,8jtopaclkzi6fkcxvnzy3t27q,2021-07-03T16:19:13Z,"hip hop,west coast hip hop","Aftermath",0.547,0.651,1,-7.601,1,0.3,0.000739,0,0.235,0.645,77.878,4
spotify:track:74tLlkN3rgVzRqQJgPfink,"Money Trees","good kid, m.A.A.d city","Kendrick Lamar;Jay Rock",2012,386906,82,true,8jtopaclkzi6fkcxvnzy3t27q,2021-07-03T16:19:17Z,"hip hop,west coast hip hop","Aftermath",0.716,0.531,7,-7.355,1,0.157,0.0709,0,0.22,0.335,71.972,4
spotify:track:6HZILIRieu8S0iqY8kIKhj,"DNA.","DAMN.","Kendrick Lamar",2017-04-14,185946,81,true,8jtopaclkzi6fkcxvnzy3t27q,2021-07-03T16:19:43Z,"hip hop,west coast hip hop","Aftermath",0.638,0.523,1,-6.664,1,0.357,0.00454,0,0.0842,0.422,139.913,4
spotify:track:6SwRhMLwNqEi6alNPVG00n,"LOYALTY. FEAT. RIHANNA.","DAMN.","Kendrick Lamar;Rihanna",2017-04-14,227360,78,true,8jtopaclkzi6fkcxvnzy3t27q,2021-07-03T16:19:48Z,"hip hop,west coast hip hop","Aftermath",0.658,0.535,9,-8.983,0,0.0573,0.0265,0,0.2,0.419,110.684,4
spotify:track:6IZvVAP7VPPnsGX6bvgkqg,"PRIDE.","DAMN.","Kendrick Lamar",2017-04-14,275253,82,true,8jtopaclkzi6fkcxvnzy3t27q,2021-07-03T16:19:54Z,"hip hop,west coast hip hop","Aftermath",0.665,0.535,4,-7.056,0,0.0572,0.0786,0.0000168,0.154,0.37,138.842,4
spotify:track:7KXjTSCq5nL1LoYtL7XAwS,"HUMBLE.","DAMN.","Kendrick Lamar",2017-04-14,177000,85,true,8jtopaclkzi6fkcxvnzy3t27q,2021-07-03T16:19:58Z,"hip hop,west coast hip hop","Aftermath",0.908,0.621,1,-6.638,0,0.102,0.000282,0.0000539,0.0958,0.421,150.011,4
spotify:track:23luOrEVHMfoX0AhfbQuS6,"FEAR.","DAMN.","Kendrick Lamar",2017-04-14,460573,67,true,8jtopaclkzi6fkcxvnzy3t27q,2021-07-03T16:20:05Z,"hip hop,west coast hip hop","Aftermath",0.588,0.479,1,-7.039,1,0.281,0.604,0.0000072,0.527,0.434,150.414,4
spotify:track:32IGREEfY97uQ19npMKIlO,"Assault (Quarentena)","Assault (Quarentena)","Mainstreet;Azevedo;PL Quest;Orochi;Shenlong;Kizzy",2020-08-05,254608,43,true,8jtopaclkzi6fkcxvnzy3t27q,2021-07-03T16:21:08Z,"trap brasileiro,trap funk,trap,hip hop brasileiro","Mainstreet Records",0.629,0.44,7,-5.801,1,0.0624,0.00944,0,0.106,0.102,114.905,4
spotify:track:1mn5rvpJJyghyGA7XQwmJc,"XRE","XRE","Azevedo;Mainstreet;PL Quest;Feek;Beny Free;Ajaxx",2020-09-01,211525,31,true,8jtopaclkzi6fkcxvnzy3t27q,2021-07-03T16:21:18Z,"trap brasileiro,hip hop brasileiro,trap funk,trap","Mainstreet Records",0.688,0.518,1,-7.467,1,0.101,0.0781,0,0.254,0.537,117.902,3
spotify:track:3suLdq5ZeXRrhpsYIMWrAQ,"Camisa da França","Camisa da França","PL Quest;Mainstreet;Sueth",2020-10-28,136271,30,true,8jtopaclkzi6fkcxvnzy3t27q,2021-07-03T16:21:26Z,"trap brasileiro,trap funk,hip hop brasileiro,trap","Mainstreet Records",0.795,0.619,9,-5.402,1,0.132,0.00214,0,0.0621,0.309,117.773,3
spotify:track:1aYyAdWXqCraA5SV2djrNw,"Fragrância","Fragrância","MD Chefe;PL Quest;Offlei Sounds",2020-12-02,163928,0,true,8jtopaclkzi6fkcxvnzy3t27q,2021-07-03T16:21:30Z,"trap brasileiro,hip hop brasileiro,trap,trap funk","OFFLEI SOUNDS",0.829,0.43,8,-10.464,1,0.299,0.353,0.00000234,0.127,0.447,112.102,4
spotify:track:1dDh5CNFdRHvkZxxy3CHAI,"Purple Lamborghini (with Rick Ross)","Suicide Squad: The Album","Skrillex;Rick Ross",2016-08-05,215510,52,true,8jtopaclkzi6fkcxvnzy3t27q,2021-07-03T16:22:25Z,"dubstep,edm,electro,eletronic,southern hip hop","Atlantic Records",0.457,0.899,10,-2.591,0,0.132,0.0019,0,0.831,0.298,147.268,4
spotify:track:7qUJQSNX9QNf46CC6FgH66,"Sucker for Pain (with Wiz Khalifa, Imagine Dragons, Logic & Ty Dolla $ign feat. X Ambassadors)","Suicide Squad: The Album","Lil Wayne;Wiz Khalifa;Imagine Dragons;X Ambassadors;Logic;Ty Dolla $ign",2016-08-05,243490,60,true,8jtopaclkzi6fkcxvnzy3t27q,2021-07-03T16:22:28Z,"rap,hip hop,trap soul","Atlantic Records",0.502,0.786,9,-4.378,0,0.317,0.255,0,0.65,0.739,169.021,4
spotify:track:3vZM2544ETmOCCHuBPZRzm,"Heathens","Suicide Squad: The Album","Twenty One Pilots",2016-08-05,195743,61,false,8jtopaclkzi6fkcxvnzy3t27q,2021-07-03T16:22:32Z,"","Atlantic Records",0.737,0.476,4,-5.825,0,0.0262,0.0908,0.0000539,0.0968,0.555,90.028,4
spotify:track:1W7zkKgRv9mrLbfdQ8XyH3,"Gangsta","Suicide Squad: The Album","Kehlani",2016-08-05,177028,77,true,8jtopaclkzi6fkcxvnzy3t27q,2021-07-03T16:22:53Z,"","Atlantic Records",0.439,0.447,10,-8.318,0,0.0436,0.111,0,0.303,0.11,121.48,4
spotify:track:62yJjFtgkhUrXktIoSjgP2,"Radioactive","Night Visions","Imagine Dragons",2012-09-04,186813,82,false,8jtopaclkzi6fkcxvnzy3t27q,2021-07-03T16:23:42Z,"","Kid Ina Korner / Interscope",0.448,0.784,9,-3.686,1,0.0625,0.0999,0.000108,0.668,0.237,136.239,4
spotify:track:7MXlTgQeo3IVlMpLnZuhxc,"It's Time","Night Visions","Imagine Dragons",2012-09-04,240306,77,false,8jtopaclkzi6fkcxvnzy3t27q,2021-07-03T16:23:46Z,"","Kid Ina Korner / Interscope",0.656,0.884,2,-4.748,1,0.0372,0.016,0,0.144,0.858,105.009,4
spotify:track:5qaEfEh1AtSdrdrByCP7qR,"Demons","Night Visions","Imagine Dragons",2012-09-04,177506,86,false,8jtopaclkzi6fkcxvnzy3t27q,2021-07-03T16:23:50Z,"","Kid Ina Korner / Interscope",0.5,0.71,3,-3.015,1,0.0339,0.19,0.00025,0.269,0.419,89.929,4
spotify:track:213x4gsFDm04hSqIUkg88w,"On Top Of The World","Night Visions","Imagine Dragons",2012-09-04,192280,77,false,8jtopaclkzi6fkcxvnzy3t27q,2021-07-03T16:23:54Z,"","Kid Ina Korner / Interscope",0.63,0.924,0,-5.589,1,0.145,0.0841,0.00000356,0.084,0.763,100.045,4
spotify:track:4IMMdhs18OjvvhDok5mJxW,"Gold","Smoke + Mirrors (Deluxe)","Imagine Dragons",2015-10-23,216813,49,false,8jtopaclkzi6fkcxvnzy3t27q,2021-07-03T16:24:08Z,"","Kid Ina Korner / Interscope",0.243,0.459,9,-6.814,0,0.0404,0.0808,0.00631,0.0551,0.256,164.907,3
spotify:track:6Q2JimwoGgG5W9HdmH1hmq,"Warriors","Smoke + Mirrors (Deluxe)","Imagine Dragons",2015-10-23,170106,54,false,8jtopaclkzi6fkcxvnzy3t27q,2021-07-03T16:24:20Z,"","Kid Ina Korner / Interscope",0.372,0.851,4,-6.238,0,0.0661,0.0964,0.00288,0.238,0.307,78.094,4
spotify:track:6Qn5zhYkTa37e91HC1D7lb,"Whatever It Takes","Evolve","Imagine Dragons",2017-06-23,201240,84,false,8jtopaclkzi6fkcxvnzy3t27q,2021-07-03T16:24:28Z,"","Kid Ina Korner / Interscope",0.672,0.655,10,-5.021,0,0.031,0.0362,0,0.117,0.555,134.948,4
spotify:track:0pqnGHJpmpxLKifKRmU6WP,"Believer","Evolve","Imagine Dragons",2017-06-23,204346,89,false,8jtopaclkzi6fkcxvnzy3t27q,2021-07-03T16:24:32Z,"","Kid Ina Korner / Interscope",0.776,0.78,10,-4.374,0,0.128,0.0622,0,0.081,0.666,124.949,4
spotify:track:0FfX0nofboxZjP0diT1eFv,"I’ll Make It Up To You","Evolve","Imagine Dragons",2017-06-23,262600,57,false,8jtopaclkzi6fkcxvnzy3t27q,2021-07-03T16:24:41Z,"","Kid Ina Korner / Interscope",0.328,0.674,7,-7.492,1,0.105,0.00767,0.0397,0.297,0.13,176.99,3
spotify:track:1zB4vmk8tFRmM9UULNzbLB,"Thunder","Evolve","Imagine Dragons",2017-06-23,187146,87,false,8jtopaclkzi6fkcxvnzy3t27q,2021-07-03T16:24:47Z,"","Kid Ina Korner / Interscope",0.604,0.822,0,-4.833,1,0.0438,0.00672,0.134,0.147,0.288,167.997,4
spotify:track:2FY7b99s15jUprqC0M5NCT,"Natural","Origins (Deluxe)","Imagine Dragons",2018-11-09,189466,83,false,8jtopaclkzi6fkcxvnzy3t27q,2021-07-03T16:24:54Z,"","Kid Ina Korner / Interscope",0.704,0.611,2,-6.112,1,0.041,0.217,0,0.0812,0.22,99.994,4
spotify:track:2B1fuWoWaYnCXbjYp1gXg5,"Boomerang","Origins (Deluxe)","Imagine Dragons",2018-11-09,187800,58,false,8jtopaclkzi6fkcxvnzy3t27q,2021-07-03T16:25:07Z,"","Kid Ina Korner / Interscope",0.429,0.559,2,-7.492,1,0.149,0.137,0.00843,0.121,0.343,100.081,4
spotify:track:4uGY9CqDtGtaTTLg1cgsWD,"Machine","Origins (Deluxe)","Imagine Dragons",2018-11-09,181880,64,false,8jtopaclkzi6fkcxvnzy3t27q,2021-07-03T16:25:10Z,"","Kid Ina Korner / Interscope",0.638,0.677,4,-5.28,1,0.0424,0.00157,0.00683,0.121,0.585,81.045,4
spotify:track:6LXMUR2rpxFBDo6nilS3yX,"Cool Out","Origins (Deluxe)","Imagine Dragons",2018-11-09,217866,55,false,8jtopaclkzi6fkcxvnzy3t27q,2021-07-03T16:25:14Z,"","Kid Ina Korner / Interscope",0.636,0.718,1,-4.833,0,0.0313,0.00475,0.00000699,0.292,0.438,143.929,4
spotify:track:2RSHsoi04658QL5xgQVov3,"Bad Liar","Origins (Deluxe)","Imagine Dragons",2018-11-09,260773,83,false,8jtopaclkzi6fkcxvnzy3t27q,2021-07-03T16:25:17Z,"","Kid Ina Korner / Interscope",0.307,0.637,3,-6.993,1,0.0569,0.0732,0,0.368,0.0805,88.693,4
spotify:track:2nkoWsTZa8LKPNGdjI5uxj,"West Coast","Origins (Deluxe)","Imagine Dragons",2018-11-09,217173,66,false,8jtopaclkzi6fkcxvnzy3t27q,2021-07-03T16:25:35Z,"","Kid Ina Korner / Interscope",0.67,0.715,0,-6.18,1,0.0268,0.581,0.00000214,0.101,0.677,104.969,4
spotify:track:3R4Xk37WTagjzODMNEQLvs,"Bullet In A Gun","Origins (Deluxe)","Imagine Dragons",2018-11-09,204853,54,false,8jtopaclkzi6fkcxvnzy3t27q,2021-07-03T16:25:44Z,"","Kid Ina Korner / Interscope",0.816,0.736,8,-5.495,1,0.0535,0.16,0.000108,0.0665,0.476,130.028,4
spotify:track:4qhDA6s0MkD5XpDqGLHIEY,"Digital","Origins (Deluxe)","Imagine Dragons",2018-11-09,201040,52,false,8jtopaclkzi6fkcxvnzy3t27q,2021-07-03T16:26:02Z,"","Kid Ina Korner / Interscope",0.49,0.889,7,-5.179,1,0.17,0.00155,0.00000277,0.162,0.383,166.784,4
spotify:track:1uRBbjQ3uNFXCncWyNomHf,"Only","Origins (Deluxe)","Imagine Dragons",2018-11-09,180733,55,false,8jtopaclkzi6fkcxvnzy3t27q,2021-07-03T16:26:06Z,"","Kid Ina Korner / Interscope",0.691,0.804,9,-5.029,1,0.0354,0.0153,0,0.0861,0.423,104.996,4
spotify:track:5Z9SQPYU95S6M1vcbLsDt2,"Stuck","Origins (Deluxe)","Imagine Dragons",2018-11-09,190853,52,false,8jtopaclkzi6fkcxvnzy3t27q,2021-07-03T16:26:09Z,"","Kid Ina Korner / Interscope",0.621,0.478,5,-8.246,1,0.0352,0.263,0,0.257,0.248,115.036,4
spotify:track:5d41vXH0zvpwUrHrmqKqDc,"Love","Origins (Deluxe)","Imagine Dragons",2018-11-09,166360,57,false,8jtopaclkzi6fkcxvnzy3t27q,2021-07-03T16:26:15Z,"","Kid Ina Korner / Interscope",0.697,0.507,8,-6.178,1,0.04,0.0535,0.00000117,0.0469,0.382,82.483,4
spotify:track:6Tvzf3VEi16JMhAgOwdt2y,"Birds","Origins (Deluxe)","Imagine Dragons",2018-11-09,219440,75,false,8jtopaclkzi6fkcxvnzy3t27q,2021-07-03T16:26:19Z,"","Kid Ina Korner / Interscope",0.649,0.516,1,-7.428,0,0.0297,0.0146,0.00000156,0.145,0.35,119.997,4
spotify:track:5Q7zuH8VNu7aLappSusPu6,"Burn Out","Origins (Deluxe)","Imagine Dragons",2018-11-09,273880,52,false,8jtopaclkzi6fkcxvnzy3t27q,2021-07-03T16:26:27Z,"","Kid Ina Korner / Interscope",0.588,0.494,10,-8.831,0,0.0538,0.0213,0.000072,0.0966,0.291,135.015,4
spotify:track:7y6U3hyHzrI11LEEsk4gZh,"Louco Pra Voltar","Audaz","Filipe Ret;Dallass",2018-08-17,210943,1,false,8jtopaclkzi6fkcxvnzy3t27q,2021-07-03T16:27:38Z,"hip hop brasileiro,trap brasileiro,trap funk,trap","Filipe Ret",0.838,0.531,11,-7.246,0,0.0755,0.0625,0,0.142,0.3,125.99,4
spotify:track:6HaTYIUKd8SzdvGOfutBRD,"Poesia Acústica #2: Sobre Nós","Poesia Acústica #2: Sobre Nós","Delacruz;Maria;Ducon;Luiz Lins;Diomedes Chinaski;BK;Kayuá;Pineapple StormTv;Malak",2017-08-12,471767,3,false,8jtopaclkzi6fkcxvnzy3t27q,2021-07-03T16:28:22Z,"hip hop brasileiro,pop nacional,boom bap,trap brasileiro,son jarocho","PineappleStorm",0.613,0.641,8,-9.841,1,0.188,0.703,0,0.183,0.803,93.805,4
spotify:track:4GvOLMwaQBdFyK9UyJNJok,"Sonho das Esquinas","Sonho das Esquinas","BK;Filipe Ret;Portugal No Beat",2019-12-03,287400,0,false,8jtopaclkzi6fkcxvnzy3t27q,2021-07-03T16:28:34Z,"hip hop brasileiro,boom bap,trap brasileiro,trap funk,trap","Pirâmide Perdida Records",0.509,0.694,11,-8.201,1,0.514,0.123,0,0.292,0.432,100.074,5
spotify:track:6rYqKRk8gpH6zVLUVRBRaR,"O Show Nunca Acaba","O Show Nunca Acaba","BK;Nansy Silvvz",2019-08-30,232670,0,false,8jtopaclkzi6fkcxvnzy3t27q,2021-07-03T16:28:38Z,"hip hop brasileiro,boom bap,trap brasileiro","Pirâmide Perdida Records",0.809,0.706,10,-8.51,0,0.166,0.318,0,0.0959,0.367,130.018,4
spotify:track:09TlGaUz4fybrP8HqAWQHc,"Adeus","Antes dos Gigantes Chegarem, Vol. 2","BK;El Lif Beatz;Akira Presidente",2017-12-29,281322,0,true,8jtopaclkzi6fkcxvnzy3t27q,2021-07-03T16:28:49Z,"hip hop brasileiro,boom bap,trap brasileiro","Pirâmide Perdida Records",0.523,0.583,2,-5.044,1,0.258,0.283,0.000138,0.105,0.052,125.003,4
spotify:track:6ffxCvPayroRFYIZelqNMI,"Quadros","Castelos & Ruínas","BK;Luccas Carlos;JXNV$;Ashira",2016-03-21,309618,1,false,8jtopaclkzi6fkcxvnzy3t27q,2021-07-03T16:29:06Z,"hip hop brasileiro,boom bap,trap brasileiro,pop nacional","Pirâmide Perdida Records",0.595,0.566,7,-6.959,1,0.367,0.747,0.0000274,0.0887,0.411,124.093,4
spotify:track:2m1ecu2OlaHCXJQP7EJauN,"Caminhos","Castelos & Ruínas","BK;El Lif Beatz",2016-03-21,167999,2,false,8jtopaclkzi6fkcxvnzy3t27q,2021-07-03T16:29:10Z,"hip hop brasileiro,boom bap,trap brasileiro","Pirâmide Perdida Records",0.596,0.866,1,-3.904,1,0.391,0.389,0.00000747,0.376,0.633,76.931,4
spotify:track:56U1WCUL6mbxoSSYgbBame,"Castelos & Ruínas","Castelos & Ruínas","BK;Sain",2016-03-21,249490,2,false,8jtopaclkzi6fkcxvnzy3t27q,2021-07-03T16:29:14Z,"hip hop brasileiro,boom bap,trap brasileiro","Pirâmide Perdida Records",0.799,0.584,2,-8.157,1,0.118,0.103,0.00000111,0.457,0.404,117.031,4
spotify:track:7DFIPUWRKwOB8RWky8ELq8,"Amores, Vícios e Obsessões","Castelos & Ruínas","BK;JXNV$",2016-03-21,194478,3,false,8jtopaclkzi6fkcxvnzy3t27q,2021-07-03T16:29:18Z,"hip hop brasileiro,boom bap,trap brasileiro","Pirâmide Perdida Records",0.833,0.517,11,-7.502,0,0.301,0.116,0.000142,0.116,0.187,129.047,4
spotify:track:6HCOXcDsQnUjQl5FQJvMvL,"Gigantes","Gigantes","BK;JXNV$;Juyè",2018-10-13,232096,0,false,8jtopaclkzi6fkcxvnzy3t27q,2021-07-03T16:29:28Z,"hip hop brasileiro,boom bap,trap brasileiro","Pirâmide Perdida Records",0.583,0.573,0,-7.107,0,0.0698,0.209,0.000349,0.336,0.238,111.935,4
spotify:track:3yMjo7k4tTly5iyYcvQM3S,"Titãs","Gigantes","BK;El Lif Beatz",2018-10-13,294314,1,false,8jtopaclkzi6fkcxvnzy3t27q,2021-07-03T16:29:35Z,"hip hop brasileiro,boom bap,trap brasileiro","Pirâmide Perdida Records",0.498,0.492,5,-5.39,0,0.22,0.257,0.00000196,0.101,0.515,134.683,4
spotify:track:7eYEQnY6Lzh3Y8jSOt3xEF,"Planos","Gigantes","BK;Luccas Carlos;Arit",2018-10-13,219334,9,false,8jtopaclkzi6fkcxvnzy3t27q,2021-07-03T16:29:38Z,"hip hop brasileiro,boom bap,trap brasileiro,pop nacional","Pirâmide Perdida Records",0.457,0.763,5,-6.985,0,0.0832,0.116,0,0.188,0.119,90.259,4
spotify:track:5Mx306QMUuaYJaF2lQvZil,"Correria","Correria","BK;Papatinho",2018-08-02,151825,0,true,8jtopaclkzi6fkcxvnzy3t27q,2021-07-03T16:29:55Z,"hip hop brasileiro,boom bap,trap brasileiro","Pirâmide Perdida Records",0.691,0.645,2,-7.293,1,0.389,0.22,0.0000138,0.138,0.358,130.994,4
spotify:track:4jVBIpuOiMj1crqd8LoCrJ,"FRANCHISE (feat. Young Thug & M.I.A.)","FRANCHISE (feat. Young Thug & M.I.A.)","Travis Scott;Young Thug;M.I.A.",2020-09-25,202794,74,true,8jtopaclkzi6fkcxvnzy3t27q,2021-07-03T16:31:28Z,"rap,rap melódico,trap","Cactus Jack/Epic",0.835,0.699,8,-5.405,0,0.277,0.00671,0,0.195,0.547,154.981,4
spotify:track:10nTs74T7xj4f4jzihU9ug,"Gang Up (with Young Thug, 2 Chainz & Wiz Khalifa feat. PnB Rock)","Gang Up (with Young Thug, 2 Chainz, Wiz Khalifa feat. PnB Rock)","Young Thug;2 Chainz;Wiz Khalifa;PnB Rock",2017-03-24,231653,57,true,8jtopaclkzi6fkcxvnzy3t27q,2021-07-03T16:31:40Z,"rap,rap melódico,trap,southern hip hop","Artist Partner",0.631,0.732,1,-4.706,1,0.203,0.0304,0,0.261,0.549,151.779,4
spotify:track:1Ser4X0TKttOvo8bgdytTP,"Come Get Her","SremmLife","Rae Sremmurd",2015-01-06,212946,77,true,8jtopaclkzi6fkcxvnzy3t27q,2021-07-03T16:32:25Z,"","Mike WiLL Made-It",0.689,0.564,2,-6.226,1,0.14,0.19,0,0.0721,0.122,185.03,4
spotify:track:4scpF6J5uMBvoh6sFB7EL1,"No Type","SremmLife","Rae Sremmurd",2015-01-06,200080,75,true,8jtopaclkzi6fkcxvnzy3t27q,2021-07-03T16:32:32Z,"","Mike WiLL Made-It",0.888,0.486,6,-7.803,1,0.16,0.0158,0.00000411,0.0925,0.232,125.079,4
spotify:track:4SgRoETpc8GEkVgBh5OrZs,"Black Beatles","SremmLife 2","Rae Sremmurd;Gucci Mane",2016-08-12,291893,60,true,8jtopaclkzi6fkcxvnzy3t27q,2021-07-03T16:32:46Z,"southern hip hop,rap,trap","Mike WiLL Made-It",0.794,0.632,0,-6.163,1,0.0649,0.142,0,0.128,0.355,145.926,4
spotify:track:6mapJIPnQ23RTAevUoE0DL,"Swang","SremmLife 2 (Deluxe)","Rae Sremmurd",2016-08-12,208120,81,true,8jtopaclkzi6fkcxvnzy3t27q,2021-07-03T16:32:56Z,"","Mike WiLL Made-It",0.681,0.314,8,-9.319,1,0.0581,0.2,0.00000982,0.1,0.166,139.992,4
spotify:track:6RxesS98X3Mg7AUgB37uL5,"Sinfonia do Adeus","Sinfonia do Adeus","Baco Exu do Blues",2018-02-23,184000,0,false,8jtopaclkzi6fkcxvnzy3t27q,2021-07-03T16:33:55Z,"hip hop brasileiro,trap brasileiro","Baco Exu do Blues",0.447,0.785,4,-7.681,0,0.228,0.241,0.00251,0.284,0.136,89.101,4
spotify:track:4aZeAb2gXI07UC0TaKk66m,"En Tu Mira","Esú","Baco Exu do Blues",2017-09-04,162789,0,false,8jtopaclkzi6fkcxvnzy3t27q,2021-07-03T16:34:20Z,"hip hop brasileiro,trap brasileiro","Baco Exu do Blues",0.371,0.535,5,-6.45,0,0.0429,0.00136,0.000139,0.379,0.0902,144.965,4
spotify:track:3Cw3W6yyKsSv9MCUprIMBD,"Esú","Esú","Baco Exu do Blues",2017-09-04,248000,0,false,8jtopaclkzi6fkcxvnzy3t27q,2021-07-03T16:34:24Z,"hip hop brasileiro,trap brasileiro","Baco Exu do Blues",0.743,0.804,2,-7.244,1,0.0941,0.0501,0,0.186,0.348,120.006,4
spotify:track:5B4611SCn4puXahrf7rqkj,"Te Amo Disgraça","Esú","Baco Exu do Blues",2017-09-04,290400,6,true,8jtopaclkzi6fkcxvnzy3t27q,2021-07-03T16:34:29Z,"hip hop brasileiro,trap brasileiro","Baco Exu do Blues",0.774,0.234,6,-14.176,0,0.332,0.584,0,0.117,0.277,100.044,4
spotify:track:6MEDFXI3meDHGXBMVRKm3S,"Imortais e Fatais","Esú","Baco Exu do Blues",2017-09-04,275887,0,false,8jtopaclkzi6fkcxvnzy3t27q,2021-07-03T16:34:32Z,"hip hop brasileiro,trap brasileiro","Baco Exu do Blues",0.671,0.399,1,-13.548,1,0.152,0.122,0.0000368,0.137,0.152,106.886,4
spotify:track:6cySaD4BYMOFlXI3cNS1tL,"Queima Minha Pele","Bluesman","Baco Exu do Blues;Tim Bernardes",2018-11-23,227418,2,false,8jtopaclkzi6fkcxvnzy3t27q,2021-07-03T16:34:49Z,"hip hop brasileiro,trap brasileiro,mpb,nova mpb","999",0.792,0.668,2,-5.174,0,0.155,0.11,0.00000194,0.173,0.322,120.021,4
spotify:track:2BF6mQdYAkLmeRQmX7YyPy,"Me Desculpa Jay Z","Bluesman","Baco Exu do Blues;1LUM3",2018-11-23,212436,7,false,8jtopaclkzi6fkcxvnzy3t27q,2021-07-03T16:34:53Z,"hip hop brasileiro,trap brasileiro,boom bap","999",0.375,0.716,0,-7.51,1,0.685,0.0817,0,0.1,0.179,71.18,3
spotify:track:7wcDSsREsX9wn8P1iEdBgj,"Flamingos","Bluesman","Baco Exu do Blues;Tuyo",2018-11-23,237898,7,false,8jtopaclkzi6fkcxvnzy3t27q,2021-07-03T16:34:58Z,"hip hop brasileiro,trap brasileiro,nova mpb","999",0.437,0.566,4,-5.093,1,0.229,0.0557,0,0.483,0.587,80.056,5
spotify:track:3baOycIMQ6LRDU9vK5uvSH,"Girassóis de Van Gogh","Bluesman","Baco Exu do Blues",2018-11-23,183925,3,false,8jtopaclkzi6fkcxvnzy3t27q,2021-07-03T16:35:01Z,"hip hop brasileiro,trap brasileiro","999",0.686,0.618,0,-6.653,0,0.0437,0.0132,0.000013,0.0901,0.341,137.138,4
spotify:track:2V0VhqNaIDS4jS4ZRXdD2H,"Preto e Prata","Bluesman","Baco Exu do Blues",2018-11-23,136090,0,false,8jtopaclkzi6fkcxvnzy3t27q,2021-07-03T16:35:22Z,"hip hop brasileiro,trap brasileiro","999",0.907,0.873,0,-6.35,1,0.199,0.505,0.0012,0.0859,0.502,127.071,4
spotify:track:0vxcwPPfNQNnWL7gWXRHVm,"Jovem Preto Rico","Não Tem Bacanal na Quarentena","Baco Exu do Blues",2020-03-31,143111,0,false,8jtopaclkzi6fkcxvnzy3t27q,2021-07-03T16:35:55Z,"hip hop brasileiro,trap brasileiro","999",0.667,0.604,8,-9.865,1,0.18,0.597,0,0.374,0.833,135,4
spotify:track:2SkP3MIByz26LEAAQjauhl,"Ela É Gostosa Pra Caralho","Não Tem Bacanal na Quarentena","Baco Exu do Blues;Muse Maya",2020-03-31,183213,1,false,8jtopaclkzi6fkcxvnzy3t27q,2021-07-03T16:36:09Z,"hip hop brasileiro,trap brasileiro","999",0.662,0.48,10,-10.411,0,0.0474,0.168,0,0.109,0.187,114.959,4
spotify:track:3jHdKaLCkuNEkWcLVmQPCX,"BEST INTEREST","BEST INTEREST","Tyler, The Creator",2020-01-25,127921,77,true,8jtopaclkzi6fkcxvnzy3t27q,2021-07-03T16:38:18Z,"","Columbia",0.596,0.575,11,-8.325,0,0.0514,0.0861,0.000153,0.334,0.34,98.265,3
spotify:track:57lHFW5RSl888Q1UionOXq,"BLOW MY LOAD (feat. Wanya Morris, Dâm-Funk, Austin Feinstein & Sydney Bennett)","Cherry Bomb + Instrumentals","Tyler, The Creator;Wanya Morris;DāM-FunK;Austin Feinstein;Syd",2015-04-13,190284,43,true,8jtopaclkzi6fkcxvnzy3t27q,2021-07-03T16:40:21Z,"g-funk,funk americano,r&b alternativo","Odd Future",0.397,0.701,1,-7.328,1,0.0737,0.0127,0.000207,0.749,0.179,74.518,4
spotify:track:7KA4W4McWYRpgf0fWsJZWB,"See You Again (feat. Kali Uchis)","Flower Boy","Tyler, The Creator;Kali Uchis",2017-07-21,180386,91,true,8jtopaclkzi6fkcxvnzy3t27q,2021-07-03T16:40:47Z,"","Columbia",0.558,0.559,6,-9.222,1,0.0959,0.371,0.00000749,0.109,0.62,78.558,4
spotify:track:21yRtB6B8EMounImAfHRCP,"Who Dat Boy (feat. A$AP Rocky)","Flower Boy","Tyler, The Creator;A$AP Rocky",2017-07-21,205093,64,true,8jtopaclkzi6fkcxvnzy3t27q,2021-07-03T16:40:50Z,"rap","Columbia",0.706,0.485,8,-9.671,1,0.331,0.337,0,0.122,0.144,115.414,4
spotify:track:5SxlUF7J8tyFIEF22EomeP,"Pothole (feat. Jaden Smith)","Flower Boy","Tyler, The Creator;Alexander Brettin;Jaden",2017-07-21,237000,62,true,8jtopaclkzi6fkcxvnzy3t27q,2021-07-03T16:40:53Z,"","Columbia",0.543,0.572,11,-8.974,1,0.338,0.51,0.00000723,0.28,0.569,89.386,4
spotify:track:51RN0kzWd7xeR4th5HsEtW,"IGOR'S THEME","IGOR","Tyler, The Creator",2019-05-17,200684,68,false,8jtopaclkzi6fkcxvnzy3t27q,2021-07-03T16:41:45Z,"","Columbia",0.467,0.672,10,-7.371,0,0.377,0.00559,0.243,0.607,0.0648,163.1,4
spotify:track:5hVghJ4KaYES3BFUATCYn0,"EARFQUAKE","IGOR","Tyler, The Creator",2019-05-17,190072,80,true,8jtopaclkzi6fkcxvnzy3t27q,2021-07-03T16:41:49Z,"","Columbia",0.554,0.498,9,-8.866,1,0.0685,0.23,0.00000598,0.795,0.413,79.635,4
spotify:track:5QvBXUm5MglLJ3iBfTX2Wo,"RUNNING OUT OF TIME","IGOR","Tyler, The Creator",2019-05-17,177219,74,true,8jtopaclkzi6fkcxvnzy3t27q,2021-07-03T16:42:19Z,"","Columbia",0.36,0.391,6,-10.6,1,0.0528,0.296,0.000406,0.129,0.162,84.281,4
spotify:track:1nXZnTALNXiPlvXotqHm66,"A BOY IS A GUN*","IGOR","Tyler, The Creator",2019-05-17,210253,70,true,8jtopaclkzi6fkcxvnzy3t27q,2021-07-03T16:42:33Z,"","Columbia",0.417,0.689,2,-8.302,0,0.178,0.575,0,0.496,0.505,79.568,4
spotify:track:1hz7SRTGUNAtIQ46qiNv2p,"GONE, GONE / THANK YOU","IGOR","Tyler, The Creator",2019-05-17,375386,75,true,8jtopaclkzi6fkcxvnzy3t27q,2021-07-03T16:43:24Z,"","Columbia",0.518,0.492,10,-8.436,0,0.193,0.216,0.0012,0.146,0.471,78.848,4
spotify:track:5fbHRCsGpFIOLRtlhCRFDR,"LEMONHEAD (feat. 42 Dugg)","CALL ME IF YOU GET LOST","Tyler, The Creator;42 Dugg",2021-06-25,130980,60,true,8jtopaclkzi6fkcxvnzy3t27q,2021-07-03T16:44:29Z,"","Columbia",0.62,0.586,1,-6.612,1,0.212,0.155,0,0.535,0.487,137.131,4
spotify:track:5B0kgjHULYJhAQkK5XsMoC,"WUSYANAME (feat. Youngboy Never Broke Again & Ty Dolla $ign)","CALL ME IF YOU GET LOST","Tyler, The Creator;YoungBoy Never Broke Again;Ty Dolla $ign",2021-06-25,121572,71,true,8jtopaclkzi6fkcxvnzy3t27q,2021-07-03T16:44:32Z,"trap soul","Columbia",0.493,0.653,0,-5.666,0,0.0466,0.269,0,0.511,0.852,142.347,4
spotify:track:0BiK5BbYNFLb88CCOxBFJe,"LUMBERJACK","CALL ME IF YOU GET LOST","Tyler, The Creator",2021-06-25,138312,59,true,8jtopaclkzi6fkcxvnzy3t27q,2021-07-03T16:44:35Z,"","Columbia",0.386,0.762,9,-6.341,1,0.564,0.122,0,0.527,0.433,170.691,4
spotify:track:2goHCrsDJaflEwQ930ef0o,"MASSA","CALL ME IF YOU GET LOST","Tyler, The Creator",2021-06-25,223718,57,true,8jtopaclkzi6fkcxvnzy3t27q,2021-07-03T16:44:49Z,"","Columbia",0.685,0.855,1,-6.724,0,0.438,0.329,0.000089,0.301,0.46,157.181,4
spotify:track:7z4xW9WY86uH3gd1V9pfCM,"JUGGERNAUT (feat. Lil Uzi Vert & Pharrell Williams)","CALL ME IF YOU GET LOST","Tyler, The Creator;Lil Uzi Vert;Pharrell Williams",2021-06-25,146419,61,true,8jtopaclkzi6fkcxvnzy3t27q,2021-07-03T16:45:04Z,"rap melódico,rage rap","Columbia",0.827,0.571,11,-7.949,1,0.366,0.0195,0,0.166,0.62,142.034,4
spotify:track:0NjW4SKY3gbfl2orl1p8hr,"IFHY (feat. Pharrell)","Wolf","Tyler, The Creator;Pharrell Williams",2013-04-01,319279,76,true,8jtopaclkzi6fkcxvnzy3t27q,2021-07-03T16:46:22Z,"","Odd Future",0.358,0.715,7,-6.181,1,0.331,0.197,0,0.581,0.275,85.478,4
spotify:track:44YXFyOxP0VL7xIvtOcPUt,"Lazer de Chefe","Lazer de Chefe","Krawk;Thiago Kelbert;Leozin;Goude;Trunks",2018-01-12,331207,0,true,8jtopaclkzi6fkcxvnzy3t27q,2021-07-03T16:47:10Z,"trap brasileiro,hip hop brasileiro,trap","Krawk (BC / YT)",0.748,0.661,8,-5.979,1,0.146,0.522,0,0.19,0.304,125.016,4
spotify:track:18lQTKP11LEIj1fpc2ka7z,"Consequência","Consequência","Thiago Kelbert;Leozin;Dudu;Ecologyk;Noventa",2018,192479,0,false,8jtopaclkzi6fkcxvnzy3t27q,2021-07-03T16:47:15Z,"trap brasileiro,hip hop brasileiro,trap","dMusic",0.704,0.712,0,-6.994,0,0.153,0.0369,0,0.141,0.494,154.096,4
spotify:track:53ZBqjmFHD8cKibQkbZ0sf,"Patrocínio","Patrocínio","Leozin;Dudu",2018-11-05,145116,39,false,8jtopaclkzi6fkcxvnzy3t27q,2021-07-03T16:47:47Z,"trap brasileiro,trap,hip hop brasileiro","Dmusic",0.793,0.854,2,-7.195,1,0.235,0.339,0.0000129,0.0702,0.434,171.884,4
spotify:track:1ts2AFyuPzayhBHcjg1Sjn,"Itália","Itália","Leozin",2018-11-30,186935,0,true,8jtopaclkzi6fkcxvnzy3t27q,2021-07-03T16:47:52Z,"trap brasileiro,trap,hip hop brasileiro","Dmusic",0.614,0.568,6,-5.335,0,0.0309,0.0735,0,0.11,0.132,103.918,4
spotify:track:0AVA3rQnGzKOVmycywBo2R,"Chega de Falar de Ice","Chega de Falar de Ice","Leozin",2019-05-28,177245,0,false,8jtopaclkzi6fkcxvnzy3t27q,2021-07-03T16:48:17Z,"trap brasileiro,trap,hip hop brasileiro","2019 dMusic",0.612,0.464,11,-8.509,1,0.212,0.219,0,0.104,0.265,129.806,4
spotify:track:2GISgkDCaE6BjNdAbbiKQ2,"Convite","Jordan Boyz 2","Dudu;Leozin;Ecologyk",2020-04-10,186000,33,true,8jtopaclkzi6fkcxvnzy3t27q,2021-07-03T16:48:59Z,"trap brasileiro,hip hop brasileiro,trap","Som Livre",0.677,0.521,5,-8.79,0,0.0992,0.654,0,0.106,0.544,99.938,4
spotify:track:4P80Bmo9nv7hybeDnlVwn5,"Tudo de Novo","Jordan Boyz 2","Dudu;Leozin;WEY",2020-04-10,168421,32,true,8jtopaclkzi6fkcxvnzy3t27q,2021-07-03T16:49:08Z,"trap brasileiro,hip hop brasileiro,trap,trap funk","Som Livre",0.781,0.494,1,-8.258,1,0.0438,0.532,0,0.104,0.53,114.013,4
spotify:track:0TikZ59TU9yNfx7jC4msal,"Ganância","Jordan Boyz 2","Dudu;Leozin;Ecologyk",2020-04-10,164769,34,true,8jtopaclkzi6fkcxvnzy3t27q,2021-07-03T16:49:11Z,"trap brasileiro,hip hop brasileiro,trap","Som Livre",0.776,0.441,7,-8.111,0,0.0472,0.55,0.0000276,0.102,0.621,129.979,4
spotify:track:4LS0Qe7tGB5CydcUMXONUH,"Griffe Nova","Jordan Boyz 2","Dudu;Leozin;Tibery",2020-04-10,196279,34,true,8jtopaclkzi6fkcxvnzy3t27q,2021-07-03T16:49:14Z,"trap brasileiro,hip hop brasileiro,trap","Som Livre",0.732,0.416,4,-8.476,0,0.043,0.512,0,0.11,0.144,128.848,4
spotify:track:7i9763l5SSfOnqZ35VOcfy,"Heavydirtysoul","Blurryface","Twenty One Pilots",2015-05-15,234813,75,false,8jtopaclkzi6fkcxvnzy3t27q,2021-07-03T16:50:14Z,"","Fueled By Ramen",0.613,0.873,7,-6.376,0,0.0449,0.00397,0.00111,0.367,0.392,129.989,4
spotify:track:3CRDbSIZ4r5MsZ0YwxuEkn,"Stressed Out","Blurryface","Twenty One Pilots",2015-05-15,202333,89,false,8jtopaclkzi6fkcxvnzy3t27q,2021-07-03T16:50:17Z,"","Fueled By Ramen",0.734,0.637,4,-5.677,0,0.141,0.0462,0.0000229,0.0602,0.648,169.977,4
spotify:track:2Z8WuEywRWYTKe1NybPQEW,"Ride","Blurryface","Twenty One Pilots",2015-05-15,214506,87,false,8jtopaclkzi6fkcxvnzy3t27q,2021-07-03T16:50:19Z,"","Fueled By Ramen",0.645,0.713,6,-5.355,1,0.0393,0.00835,0,0.113,0.566,74.989,4
spotify:track:2GKpQ6rstJxrJTOHOTrBq8,"Olho de Tigre","Olho de Tigre","Djonga;Pineapple StormTv",2017-07-25,238080,1,true,8jtopaclkzi6fkcxvnzy3t27q,2021-07-03T16:51:56Z,"hip hop brasileiro,boom bap,trap brasileiro","Pineapple StormTV",0.78,0.721,8,-5.456,0,0.39,0.334,0,0.0459,0.493,125.003,4
spotify:track:5sUAR2SNupQglDnm0dx2dr,"Joven Santi Season","Joven Santi Season","Pineapple StormTv;Jé",2017-07-29,126316,0,true,8jtopaclkzi6fkcxvnzy3t27q,2021-07-03T16:52:28Z,"hip hop brasileiro,trap brasileiro,trap","Pineapple StormTV",0.754,0.681,1,-6.641,1,0.0773,0.455,0,0.11,0.45,109.74,4
spotify:track:3F6r2PBZJx7DRPJ5zdLeOZ,"Champions League","Champions League","Pineapple StormTv;Santzu",2017-11-15,187101,0,true,8jtopaclkzi6fkcxvnzy3t27q,2021-07-03T16:52:50Z,"hip hop brasileiro,trap brasileiro","Pineapple StormTV",0.858,0.842,2,-1.643,1,0.262,0.0376,0.000748,0.228,0.466,127.043,4
spotify:track:32UJ8MbeQVr8PvVa1HlRC4,"Minha Última Letra","Minha Última Letra","Pineapple StormTv;Cesar Mc",2018-11-12,279230,0,true,8jtopaclkzi6fkcxvnzy3t27q,2021-07-03T16:53:08Z,"hip hop brasileiro,trap brasileiro","Pineapple StormTV",0.374,0.705,1,-8.162,0,0.298,0.0317,0.0000205,0.188,0.0589,86.892,5
spotify:track:5yzYGjKIHJA4DNgDwBB8a7,"Canção Infantil","Canção Infantil","Pineapple StormTv;Cesar Mc",2019-06-28,401664,0,false,8jtopaclkzi6fkcxvnzy3t27q,2021-07-03T16:53:22Z,"hip hop brasileiro,trap brasileiro","Pineapple StormTV",0.526,0.569,4,-8.682,1,0.195,0.193,0,0.0972,0.263,96.872,4
spotify:track:3YzXvu65vkGws4Biai9JXu,"Astro Nauta","Astro Nauta","Pineapple StormTv;JayA Luuck;Jogzz",2020-04-09,185624,0,false,8jtopaclkzi6fkcxvnzy3t27q,2021-07-03T16:53:37Z,"hip hop brasileiro,trap brasileiro,trap,trap funk","Pineapple StormTV",0.837,0.702,0,-4.277,0,0.0813,0.3,0,0.101,0.677,128.028,4
spotify:track:4sUmUO08JYrCClhpdoSrFK,"Culpa do Álcool","Culpa do Álcool","BIN;Mainstreet;Pineapple StormTv;Ajaxx",2020-07-20,196000,23,false,8jtopaclkzi6fkcxvnzy3t27q,2021-07-03T16:53:55Z,"trap brasileiro,hip hop brasileiro,trap funk,trap","Mainstreet Records",0.335,0.376,4,-8.897,1,0.0397,0.782,0,0.156,0.497,72.599,3
spotify:track:51kmQyWt5Y6U17IATtdNul,"Poetas no Topo 3.3, Pt. 1","Poetas no Topo 3.3, Pt. 1","Pineapple StormTv;Kayuá;Azzy;MV Bill;Slim Beats;Tibery;Ogi;Bob do Contra;Rod 3030;Rashid;MC Cabelinho;L7NNON;Dk 47",2019-12-28,1147406,0,true,8jtopaclkzi6fkcxvnzy3t27q,2021-07-03T16:54:45Z,"hip hop brasileiro,trap brasileiro,trap funk,trap,funk consciente,funk carioca","Pineapple StormTV",0.47,0.73,8,-6.86,1,0.337,0.307,0,0.347,0.454,155.81,3
spotify:track:1dFd57j4pCNGwmhoXRqURt,"Poetas no Topo 3.3, Pt. 2","Poetas no Topo 3.3, Pt. 2","Pineapple StormTv;MV Bill;Knust;Dudu;Chris MC;Souto MC;Gali;Black;Projota;Cesar Mc;Kamau;Jogzz;Tibery",2019-12-28,1136457,0,true,8jtopaclkzi6fkcxvnzy3t27q,2021-07-03T16:54:51Z,"hip hop brasileiro,trap brasileiro,pop nacional,boom bap,trap","Pineapple StormTV",0.566,0.711,2,-7.199,1,0.408,0.31,0,0.0594,0.307,119.852,4
spotify:track:0buQLT5lhSRs7wtunIeK8v,"Poetas no Topo 1","Poetas no Topo 1","Makalister;BK;Menestrel;Djonga;Sant;JXNV$;Pineapple StormTv;Slim Beat",2016-12-20,398478,0,false,8jtopaclkzi6fkcxvnzy3t27q,2021-07-03T16:54:58Z,"hip hop brasileiro,boom bap,trap brasileiro","Pineapple StormTV",0.748,0.75,8,-9.6,1,0.273,0.353,0,0.388,0.671,91.997,4
spotify:track:3MmG2m3axMEYjs3wMNLvF6,"Poesia Acústica #1: Descompasso do Compasso","Poesia Acústica #1: Descompasso do Compasso","Pineapple StormTv;Choice;Juyè;Jean Tassy;Malak",2017-05-27,219428,1,false,8jtopaclkzi6fkcxvnzy3t27q,2021-07-03T16:55:06Z,"hip hop brasileiro,trap brasileiro,boom bap,son jarocho","Pineapple StormTV",0.752,0.434,2,-10.759,1,0.453,0.782,0,0.0586,0.945,140.06,4
spotify:track:1YUWhlQjFv7MQpcbb77zTL,"Poesia Acústica #3: Capricorniana","Poesia Acústica #3: Capricorniana","Pineapple StormTv;Sant;Tiago Mac;Lord;Maria;Choice;Malak",2017-11-04,430296,3,false,8jtopaclkzi6fkcxvnzy3t27q,2021-07-03T16:55:14Z,"hip hop brasileiro,trap brasileiro,boom bap,pop nacional,son jarocho","Pineapple StormTV",0.727,0.585,4,-10.229,0,0.176,0.172,0,0.221,0.564,151.87,4
spotify:track:7dUMnjSfsJXaSsvXICvtAU,"P.I.M.P.","P.I.M.P.","50 Cent",2003-08-12,251680,45,true,8jtopaclkzi6fkcxvnzy3t27q,2021-07-03T16:57:04Z,"hip hop old school,east coast hip hop","Aftermath/Shady",0.82,0.761,10,-3.049,0,0.322,0.0542,0.0000104,0.0441,0.878,85.215,4
spotify:track:5STdMlrBf6pqWiNE7WqxSi,"Many Men (Wish Death)","Get Rich Or Die Tryin'","50 Cent",2003-02-06,256240,81,true,8jtopaclkzi6fkcxvnzy3t27q,2021-07-03T16:57:33Z,"hip hop old school,east coast hip hop","Shady Records",0.589,0.827,11,-2.938,1,0.384,0.0143,0.00151,0.14,0.386,161.978,4
spotify:track:7iL6o9tox1zgHpKUfh9vuC,"In Da Club","Get Rich Or Die Tryin'","50 Cent",2003-02-06,193466,84,true,8jtopaclkzi6fkcxvnzy3t27q,2021-07-03T16:57:36Z,"hip hop old school,east coast hip hop","Shady Records",0.899,0.713,6,-2.752,0,0.366,0.255,0,0.0708,0.777,90.051,4
spotify:track:70FCugJxa7XW04Np6iYJdI,"21 Questions","Get Rich Or Die Tryin'","50 Cent;Nate Dogg",2003-02-06,224440,80,true,8jtopaclkzi6fkcxvnzy3t27q,2021-07-03T16:57:52Z,"hip hop old school,east coast hip hop,g-funk,west coast hip hop","Shady Records",0.646,0.813,6,-3.846,0,0.299,0.349,0.0000937,0.0427,0.895,92.729,4
spotify:track:5D2mYZuzcgjpchVY1pmTPh,"Candy Shop","The Massacre","50 Cent;Olivia",2005-03-03,209106,83,true,8jtopaclkzi6fkcxvnzy3t27q,2021-07-03T16:58:08Z,"hip hop old school,east coast hip hop","Aftermath/Shady",0.613,0.574,11,-7.961,1,0.467,0.0253,0.0000313,0.38,0.755,125.18,5
spotify:track:6TLHo63Z3wqHkW6adVeEwZ,"Plaqtudum","Plaqtudum","Recayd Mob;Derek;Jé;Dfideliz",2018-09-19,175440,0,true,8jtopaclkzi6fkcxvnzy3t27q,2021-07-03T17:00:31Z,"trap brasileiro,trap,hip hop brasileiro,trap funk","Recayd Mob",0.89,0.74,1,-6.367,1,0.0681,0.271,0.0000106,0.118,0.0683,122.023,4
spotify:track:3Jj4JtpnuhjjczbI0leu7U,"Nicole Bahls","Nicole Bahls","Recayd Mob;Derek;MC Igu;Dfideliz;Jé;N.A.N.A.;BONE;The Boy",2019-02-22,241567,0,true,8jtopaclkzi6fkcxvnzy3t27q,2021-07-03T17:00:37Z,"trap brasileiro,trap,hip hop brasileiro,trap funk","Recayd Mob",0.783,0.801,1,-5.622,1,0.266,0.148,0,0.201,0.708,130.031,4
spotify:track:7mtGQwe1XBh3A9BgVainvb,"Baby Hair","Baby Hair","Recayd Mob",2019-11-22,221501,0,true,8jtopaclkzi6fkcxvnzy3t27q,2021-07-03T17:00:43Z,"trap brasileiro,trap,hip hop brasileiro","Recayd Mob",0.824,0.846,5,-4.81,0,0.0813,0.492,0.00000839,0.128,0.752,132.948,4
spotify:track:0tWXTIonVbe1PzIOLwtaGR,"Benzzz","Benzzz","Tropkillaz;Recayd Mob",2020-01-31,206808,34,true,8jtopaclkzi6fkcxvnzy3t27q,2021-07-03T17:00:48Z,"funk,pop nacional,trap brasileiro,trap,hip hop brasileiro","Universal Music Ltda.",0.845,0.872,11,-3.723,0,0.116,0.504,0.00000671,0.0933,0.742,93.991,4
spotify:track:6EwmVaen6EGQeORzTvLMnR,"Flack Jack","Calzone Tapes, Vol. 2","Recayd Mob;Bones;Derek;Dfideliz;MC Igu;Jé",2018-01-19,241879,0,true,8jtopaclkzi6fkcxvnzy3t27q,2021-07-03T17:01:21Z,"trap brasileiro,trap,hip hop brasileiro,trap funk","Recayd Mob",0.83,0.476,0,-12.304,1,0.402,0.296,0,0.111,0.372,129.021,4
spotify:track:553q2Rc1i05qB5wZzmtHW9,"Lifestyle Fake","Calzone Tapes, Vol. 2","Recayd Mob;Jé;Derek;Dfideliz",2018-01-19,209594,0,true,8jtopaclkzi6fkcxvnzy3t27q,2021-07-03T17:01:25Z,"trap brasileiro,trap,hip hop brasileiro,trap funk","Recayd Mob",0.784,0.382,1,-12.412,1,0.0492,0.169,0,0.14,0.0899,134.025,4
spotify:track:1mXVgsBdtIVeCLJnSnmtdV,"Too Good At Goodbyes","The Thrill Of It All (Special Edition)","Sam Smith",2017-11-03,201000,83,false,8jtopaclkzi6fkcxvnzy3t27q,2021-07-03T17:03:40Z,"o lado suave do pop","PLG - Capitol",0.715,0.372,5,-8.237,1,0.0443,0.638,0,0.169,0.474,91.931,4
spotify:track:1PWnAEQcbwQwK759otUbta,"Writing's On The Wall - From ""Spectre"" Soundtrack","Writing's On The Wall","Sam Smith",2015-09-25,278987,65,false,8jtopaclkzi6fkcxvnzy3t27q,2021-07-03T17:05:00Z,"o lado suave do pop","PLG - Capitol",0.261,0.302,5,-8.19,0,0.0339,0.769,0.00000257,0.0863,0.0883,81.418,3
spotify:track:5Nm9ERjJZ5oyfXZTECKmRt,"Stay With Me","In The Lonely Hour","Sam Smith",2014-05-26,172723,83,false,8jtopaclkzi6fkcxvnzy3t27q,2021-07-03T17:05:15Z,"o lado suave do pop","PLG - Capitol",0.413,0.42,0,-6.444,1,0.0416,0.588,0.0000639,0.11,0.185,84.126,4
spotify:track:4jVaJ3HJ8PXRLo3kO2sdgA,"Lágrimas em Poças","Lágrimas em Poças","Duzz;Vk Mac",2019-06-20,205871,32,true,8jtopaclkzi6fkcxvnzy3t27q,2021-07-03T17:06:37Z,"trap brasileiro,hip hop brasileiro,trap","Duzz",0.464,0.573,2,-6.416,0,0.175,0.306,0,0.171,0.252,94.036,4
spotify:track:6pPPjzQCW3TauculUPjKDs,"Lobo-Guará","Lobo-Guará","UCLÃ;Duzz;Sobs;Sos;Vk Mac",2020-10-01,262199,40,true,8jtopaclkzi6fkcxvnzy3t27q,2021-07-03T17:06:48Z,"trap brasileiro,hip hop brasileiro,trap,trap funk","UCLÃ",0.84,0.492,7,-7.355,1,0.158,0.267,0,0.0814,0.545,119.971,4
spotify:track:4dLSsapgaUH6PLDGvqBQEQ,"Bando","Bando","Vk Mac;Dudu;Drizzy;JayA Luuck",2019-10-12,162480,26,true,8jtopaclkzi6fkcxvnzy3t27q,2021-07-03T17:06:59Z,"trap brasileiro,hip hop brasileiro,trap,boom bap,trap funk","Vk Mac",0.762,0.608,5,-10.809,0,0.0363,0.26,0.000132,0.0754,0.546,129.97,4
spotify:track:77M9y62gsJrlTlTxMUWyHi,"Praga da Vez","Praga da Vez","Vk Mac",2020-04-10,191904,34,true,8jtopaclkzi6fkcxvnzy3t27q,2021-07-03T17:07:05Z,"trap brasileiro,hip hop brasileiro,trap","Setor Proibido OFICIAL",0.779,0.416,1,-8.889,0,0.0514,0.391,0,0.0974,0.18,119.933,4
spotify:track:4QIaCsxC1LqS5UINYDZjac,"Loca","Loca","Vk Mac;Nagalli",2020-09-27,214117,13,false,8jtopaclkzi6fkcxvnzy3t27q,2021-07-03T17:07:23Z,"trap brasileiro,hip hop brasileiro,trap,trap funk","Setor Proibido OFICIAL",0.745,0.305,4,-14.533,0,0.102,0.149,0,0.367,0.243,134.484,4
spotify:track:313AdGoLlX1JI0Muw59dNc,"Reign Reign Go Away","Reign Reign Go Away","Dame D.O.L.L.A",2019-10-04,181400,21,true,8jtopaclkzi6fkcxvnzy3t27q,2021-07-03T17:08:32Z,"","Front Page Music, Inc.",0.761,0.779,1,-4.761,1,0.394,0.0722,0,0.124,0.438,147.115,4
spotify:track:0jnrJXs5DDFpSff0t9tZkF,"GOAT Spirit (feat. Raphael Saadiq)","GOAT Spirit (feat. Raphael Saadiq)","Dame D.O.L.L.A;Raphael Saadiq",2020-06-12,221666,24,true,8jtopaclkzi6fkcxvnzy3t27q,2021-07-03T17:08:40Z,"neo soul,soul,soul retrô","Front Page Music, Inc",0.557,0.773,1,-5.458,1,0.521,0.297,0,0.098,0.517,180.901,4
spotify:track:0ehXrTmjCFxes7pfJt6X8L,"Sorry","Big D.O.L.L.A.","Dame D.O.L.L.A;Lil Wayne",2019-08-09,167800,22,true,8jtopaclkzi6fkcxvnzy3t27q,2021-07-03T17:08:58Z,"rap,hip hop","Front Page Music, Inc.",0.76,0.533,5,-7.214,0,0.0685,0.14,0,0.102,0.106,145.055,4
spotify:track:3gAM10oyCxOzQ7wfGztCAD,"Check","Big D.O.L.L.A.","Dame D.O.L.L.A",2019-08-09,160026,16,true,8jtopaclkzi6fkcxvnzy3t27q,2021-07-03T17:09:00Z,"","Front Page Music, Inc.",0.772,0.73,1,-6.017,1,0.263,0.0675,0,0.26,0.293,91.564,4
spotify:track:69a3MMNcoDtV3mmMUcB7Ou,"Money Ball","Big D.O.L.L.A.","Dame D.O.L.L.A;Jeremih;Danny from Sobrante;Derrick Milano",2019-08-09,217306,34,true,8jtopaclkzi6fkcxvnzy3t27q,2021-07-03T17:09:11Z,"","Front Page Music, Inc.",0.749,0.902,6,-5.113,0,0.146,0.282,0.00126,0.112,0.508,95.029,4
spotify:track:1UjI89j54TCu52k3kqJbn2,"Sorry Mom","Sorry Mom","Duzz;Raffa Moreira",2019-04-06,151200,42,true,8jtopaclkzi6fkcxvnzy3t27q,2021-07-03T17:09:49Z,"trap brasileiro,hip hop brasileiro,trap","Duzz",0.729,0.539,5,-9.446,0,0.194,0.238,0,0.104,0.252,140.096,4
spotify:track:1juYY7lK2s2tdhgVtVEzSg,"Six Seven Bih","Six Seven Bih","Klyn;Derek;Dfideliz;Raffa Moreira",2018-11-12,217668,0,true,8jtopaclkzi6fkcxvnzy3t27q,2021-07-03T17:09:53Z,"trap brasileiro,hip hop brasileiro,trap","Klyn",0.749,0.551,2,-8.542,1,0.0813,0.0308,0,0.0979,0.158,144.843,4
spotify:track:2RVSMvsT4MVchJMhFI9qvt,"Bro","Bro","Raffa Moreira",2017-10-31,140042,36,true,8jtopaclkzi6fkcxvnzy3t27q,2021-07-03T17:10:19Z,"trap brasileiro,hip hop brasileiro,trap","Raffa Moreira",0.657,0.684,0,-6.493,1,0.153,0.0906,0,0.0395,0.514,147.951,4
spotify:track:6SbCsIA5lasOPF79y6uyN7,"NBA","NBA","Raffa Moreira",2019-01-30,136271,20,true,8jtopaclkzi6fkcxvnzy3t27q,2021-07-03T17:10:40Z,"trap brasileiro,hip hop brasileiro,trap","Raffa Moreira",0.777,0.687,6,-4.931,0,0.246,0.0914,0,0.137,0.328,148.125,4
spotify:track:49n4HYuFKxUpeW1vqD81cD,"Olho por Olho","Olho por Olho","Raffa Moreira;Aka Rasta",2019-02-20,154031,34,true,8jtopaclkzi6fkcxvnzy3t27q,2021-07-03T17:10:43Z,"trap brasileiro,hip hop brasileiro,trap","Raffa Moreira",0.797,0.641,7,-7.621,0,0.231,0.0662,0.0000013,0.098,0.417,136.923,4
spotify:track:7hxijS3tIGTew6snIX1jBv,"Fah Fah Fah Fah","Fah Fah Fah Fah","Raffa Moreira;Loc Dog",2019-09-05,136777,26,true,8jtopaclkzi6fkcxvnzy3t27q,2021-07-03T17:10:50Z,"trap brasileiro,hip hop brasileiro,trap","Raffa Moreira",0.934,0.43,8,-7.583,1,0.388,0.13,0.00000104,0.0858,0.684,132.951,4
spotify:track:6xL2mIuqZTQz3a0dfpV8PN,"Tesla","Tesla","Raffa Moreira;Jay Kay",2020-12-25,173262,21,true,8jtopaclkzi6fkcxvnzy3t27q,2021-07-03T17:11:07Z,"trap brasileiro,hip hop brasileiro,trap","Raffa Moreira",0.871,0.289,11,-17.333,0,0.177,0.084,0.000134,0.102,0.703,117.991,4
spotify:track:4igjrobof6S7GpL4KnhgK2,"Casa Bomba","Casa Bomba","Raffa Moreira",2021-04-23,147697,15,true,8jtopaclkzi6fkcxvnzy3t27q,2021-07-03T17:11:38Z,"trap brasileiro,hip hop brasileiro,trap","Raffa Moreira",0.847,0.49,11,-8.211,1,0.435,0.00879,0,0.0913,0.283,130.086,4
spotify:track:5F4XijrtqxXTcvLMu1rM1p,"Real Nigga","BC Raff Album","Raffa Moreira;Klyn",2020-04-23,142552,0,true,8jtopaclkzi6fkcxvnzy3t27q,2021-07-03T17:11:53Z,"trap brasileiro,hip hop brasileiro,trap","Raffa Moreira",0.637,0.652,8,-6.787,1,0.343,0.143,0,0.148,0.568,133.182,4
spotify:track:6lBQ0SMCrJ7zy1LSCuXqwV,"Lions in the Wild","Lions in the Wild","Martin Garrix;Third Party",2016-05-27,211889,57,false,8jtopaclkzi6fkcxvnzy3t27q,2021-07-03T17:13:22Z,"edm,house progressivo,eletrônica,big room","STMPD RCRDS",0.504,0.847,7,-6.81,0,0.0442,0.00434,0,0.816,0.28,127.854,4
spotify:track:2WW3PfGHh0aA2xCAyK6X1J,"Poison","Poison","Martin Garrix",2015-11-02,248447,51,false,8jtopaclkzi6fkcxvnzy3t27q,2021-07-03T17:13:26Z,"edm,house progressivo,eletrônica","STMPD RCRDS",0.502,0.756,7,-6.118,0,0.0363,0.00429,0.769,0.377,0.062,128.125,4
spotify:track:2CH7XXSGveJx1T59dz1Oq5,"Tremor - Sensation 2014 Anthem Radio Edit","Tremor","Dimitri Vegas & Like Mike;Martin Garrix",2014-05-12,193139,36,false,8jtopaclkzi6fkcxvnzy3t27q,2021-07-03T17:13:47Z,"big room,eletrônica,edm,house progressivo","MusicMasters Recordings",0.615,0.919,11,-4.999,1,0.0367,0.00201,0.687,0.196,0.225,127.991,4
spotify:track:2nIK2ipGE1hqqDMH7C1Xvl,"Helicopter","Helicopter","Firebeatz;Martin Garrix",2014-03-10,277500,10,false,8jtopaclkzi6fkcxvnzy3t27q,2021-07-03T17:14:18Z,"big room,eletrohouse,future house,edm,house progressivo,eletrônica","MusicMasters Recordings",0.606,0.975,7,-3.865,1,0.0393,0.00152,0.497,0.0931,0.187,128.023,4
spotify:track:6JEntXLt4z98CcDtIH9sU7,"Animals - Extended","Animals (Extended)","Martin Garrix",2013-01-01,303826,2,false,8jtopaclkzi6fkcxvnzy3t27q,2021-07-03T17:15:31Z,"edm,house progressivo,eletrônica","Silent Records/Republic Records",0.677,0.866,1,-6.403,1,0.0392,0.00165,0.662,0.412,0.0386,128.005,4
spotify:track:23L5CiUhw2jV1OIMwthR3S,"In the Name of Love","In the Name of Love","Martin Garrix;Bebe Rexha",2016-07-29,198815,83,false,8jtopaclkzi6fkcxvnzy3t27q,2021-07-03T17:15:46Z,"edm,house progressivo,eletrônica","Epic Amsterdam",0.501,0.519,4,-5.88,0,0.0409,0.109,0,0.454,0.168,133.99,4
spotify:track:22LjfafJJbajmRvtsSTGcZ,"Não É Conselho, É Visão","Não É Conselho, É Visão","KayBlack;MC Ryan SP;Nagalli;WEY",2020-11-27,224000,41,true,8jtopaclkzi6fkcxvnzy3t27q,2021-07-03T17:16:31Z,"trap brasileiro,trap funk,trap,hip hop brasileiro,funk,funk consciente","Elenko Music",0.687,0.707,5,-6.417,0,0.0865,0.0866,0,0.173,0.463,90.26,4
spotify:track:5Lpng2G5cFmswU5MCOmjA1,"Bandido Mau","Bandido Mau","KayBlack",2020-04-10,150062,34,true,8jtopaclkzi6fkcxvnzy3t27q,2021-07-03T17:16:39Z,"trap brasileiro,trap funk,trap,hip hop brasileiro","Cp9 Produtora",0.783,0.597,4,-5.85,0,0.411,0.417,0,0.0797,0.532,119.96,4
spotify:track:7jYpr1CDp4NQDo0uGekLdG,"Ak Forty Seven","Ak Forty Seven","KayBlack",2020-05-05,172973,40,false,8jtopaclkzi6fkcxvnzy3t27q,2021-07-03T17:16:42Z,"trap brasileiro,trap funk,trap,hip hop brasileiro","KayBlack",0.85,0.586,2,-6.623,0,0.0571,0.629,0,0.0623,0.395,110.956,4
spotify:track:7mut83ZWTtmBPLg6munQIm,"Jacaré Que Dorme","Jacaré Que Dorme","KayBlack;4tune",2020-07-17,155274,48,true,8jtopaclkzi6fkcxvnzy3t27q,2021-07-03T17:16:46Z,"trap brasileiro,trap funk,trap,hip hop brasileiro","Elenko Music",0.901,0.327,10,-10.255,0,0.213,0.0826,0,0.0834,0.342,110.01,4
spotify:track:1CMJ5Wd3AlCbV2ki0COI7v,"Shotgun (feat. Rochelle)","Shotgun (feat. Rochelle)","Yellow Claw;Rochelle",2013-11-15,193659,0,false,8jtopaclkzi6fkcxvnzy3t27q,2021-07-03T17:17:20Z,"edm,edm trap","Spinnin' Records",0.656,0.908,4,-3.195,0,0.0327,0.0114,0.209,0.17,0.232,144.978,4
spotify:track:0W1qOdPQCP5MCogLNm8cuo,"One More Night","Overexposed","Maroon 5",2012-01-01,219466,53,false,8jtopaclkzi6fkcxvnzy3t27q,2021-07-03T17:18:17Z,"pop","Interscope Records*",0.718,0.82,5,-3.453,0,0.0323,0.0444,0,0.0846,0.613,92.998,4
spotify:track:1ml03ZtwxEJJiEuIsjke7W,"Payphone","Overexposed","Maroon 5;Wiz Khalifa",2012-01-01,231386,56,true,8jtopaclkzi6fkcxvnzy3t27q,2021-07-03T17:18:22Z,"pop","Interscope Records*",0.739,0.756,4,-4.828,1,0.0394,0.0136,0,0.37,0.523,110.028,4
spotify:track:4gbVRS8gloEluzf0GzDOFc,"Maps","V","Maroon 5",2014-09-02,189960,87,false,8jtopaclkzi6fkcxvnzy3t27q,2021-07-03T17:18:38Z,"pop","Interscope Records*",0.742,0.713,1,-5.522,0,0.0303,0.0205,0,0.059,0.879,120.032,4
spotify:track:2bL2gyO6kBdLkNSkxXNh6x,"Animals","V","Maroon 5",2014-09-02,231013,86,false,8jtopaclkzi6fkcxvnzy3t27q,2021-07-03T17:18:40Z,"pop","Interscope Records*",0.279,0.742,4,-6.46,0,0.0898,0.000185,0,0.593,0.328,189.868,4
spotify:track:5O7F00AkeRRYhdvr9ZwzNF,"Vatomanocu","2ª Via","Um Barril de Rap;Jean Tassy",2015-12-28,246408,41,true,8jtopaclkzi6fkcxvnzy3t27q,2021-07-03T17:19:43Z,"hip hop brasileiro,boom bap","Um Barril de Rap",0.624,0.845,6,-3.236,0,0.19,0.686,0,0.204,0.819,79.986,4
spotify:track:0kMbVxfU2Wh02337pC54Ap,"Carteira de Habilitação","2ª Via","Um Barril de Rap",2015-12-28,160512,49,true,8jtopaclkzi6fkcxvnzy3t27q,2021-07-03T17:19:47Z,"hip hop brasileiro,boom bap","Um Barril de Rap",0.578,0.699,1,-9.192,0,0.36,0.4,0.00000117,0.246,0.772,119.738,4
spotify:track:4DYgMau8xWLdmniDabOcuO,"Resgate do Soldado Brownie","2ª Via","Um Barril de Rap",2015-12-28,179928,47,true,8jtopaclkzi6fkcxvnzy3t27q,2021-07-03T17:19:52Z,"hip hop brasileiro,boom bap","Um Barril de Rap",0.514,0.893,11,-5.493,0,0.456,0.687,0,0.143,0.792,79.004,3
spotify:track:07LseRQRWlhpFJZYfxD6ah,"Habeas Corpus","2ª Via","Um Barril de Rap",2015-12-28,178824,48,true,8jtopaclkzi6fkcxvnzy3t27q,2021-07-03T17:20:00Z,"hip hop brasileiro,boom bap","Um Barril de Rap",0.873,0.383,1,-11.517,0,0.428,0.565,0,0.519,0.442,119.994,4
spotify:track:22D66cCAsPoJY64UZ7TCQU,"Certidão de Óbito","2ª Via","Um Barril de Rap;Vitor Xamã",2015-12-28,280680,37,true,8jtopaclkzi6fkcxvnzy3t27q,2021-07-03T17:20:13Z,"hip hop brasileiro,boom bap","Um Barril de Rap",0.508,0.665,6,-9.526,1,0.351,0.12,0,0.154,0.797,104.622,5
spotify:track:0dRTky3VkbWLbvNMAr2bB6,"Nada Consta","2ª Via","Um Barril de Rap",2015-12-28,308640,33,true,8jtopaclkzi6fkcxvnzy3t27q,2021-07-03T17:20:17Z,"hip hop brasileiro,boom bap","Um Barril de Rap",0.692,0.5,1,-15.891,1,0.222,0.679,0.0000196,0.0948,0.795,120.057,4
spotify:track:3mQOoBONOh6vnP51eMgWnP,"Sexy Bitch (feat. Akon)","One More Love","David Guetta;Akon",2010-11-22,195853,2,true,8jtopaclkzi6fkcxvnzy3t27q,2021-07-03T17:24:18Z,"edm","Parlophone (France)",0.813,0.627,11,-5.018,0,0.0486,0.0771,0.000616,0.131,0.801,130.011,4
spotify:track:1SQGx4GPml33ywGdNDMuBg,"Gettin' Over You (feat. Fergie & LMFAO)","One More Love","David Guetta;Chris Willis;Fergie;LMFAO",2010-11-22,188000,1,false,8jtopaclkzi6fkcxvnzy3t27q,2021-07-03T17:25:01Z,"edm","Parlophone (France)",0.615,0.913,10,-5.077,0,0.0816,0.178,0,0.0773,0.45,129.944,4
spotify:track:0TDLuuLlV54CkRRUOahJb4,"Titanium (feat. Sia)","Nothing but the Beat (Ultimate Edition)","David Guetta;Sia",2012-12-07,245040,86,false,8jtopaclkzi6fkcxvnzy3t27q,2021-07-03T17:25:56Z,"edm","Parlophone (France)",0.604,0.787,0,-3.674,0,0.103,0.0679,0.15,0.127,0.301,126.062,4
spotify:track:6T27IN7Ai94BeDv6PPCmoC,"Turn Me On (feat. Nicki Minaj)","Nothing but the Beat (Ultimate Edition)","David Guetta;Nicki Minaj",2012-12-07,199680,73,false,8jtopaclkzi6fkcxvnzy3t27q,2021-07-03T17:26:04Z,"edm","Parlophone (France)",0.704,0.793,8,-2.266,1,0.0591,0.0488,0,0.575,0.412,127.96,4
spotify:track:5YPMEOJ58kfl56VHxTgwx3,"Play Hard (feat. Ne-Yo & Akon)","Nothing but the Beat (Ultimate Edition)","David Guetta;Ne-Yo;Akon",2012-12-07,201000,81,false,8jtopaclkzi6fkcxvnzy3t27q,2021-07-03T17:26:11Z,"edm","Parlophone (France)",0.691,0.921,8,-1.702,0,0.0533,0.173,0,0.331,0.8,130.072,4
spotify:track:7ks6AZmFcm3Y6PGGxGSmlB,"Where Them Girls At (feat. Nicki Minaj & Flo Rida)","Nothing but the Beat (Ultimate Edition)","David Guetta;Flo Rida;Nicki Minaj",2012-12-07,194840,81,true,8jtopaclkzi6fkcxvnzy3t27q,2021-07-03T17:26:19Z,"edm","Parlophone (France)",0.666,0.876,3,-3.078,1,0.0414,0.055,0,0.259,0.552,129.884,4
spotify:track:7pqgMEKsDMOHUdFQ7n0N9K,"Dangerous (feat. Sam Martin)","Listen","David Guetta;Sam Martin",2014-11-10,203641,73,false,8jtopaclkzi6fkcxvnzy3t27q,2021-07-03T17:26:49Z,"edm","Parlophone (France)",0.466,0.747,4,-4.838,0,0.0795,0.417,0.00000976,0.107,0.43,92.161,4
spotify:track:285HeuLxsngjFn4GGegGNm,"Hey Mama (feat. Nicki Minaj, Bebe Rexha & Afrojack)","Listen","David Guetta;AFROJACK;Bebe Rexha;Nicki Minaj",2014-11-10,192560,77,false,8jtopaclkzi6fkcxvnzy3t27q,2021-07-03T17:26:58Z,"edm,big room","Parlophone (France)",0.596,0.73,9,-4.091,1,0.151,0.24,0,0.325,0.525,85.979,4
spotify:track:6QeUvpnRXQKXLbHs3gcUjh,"Caos Interior","Caos Interior","Krawk;Leozin;Thiago Kelbert;Alves;MC Sid",2017-10-28,295681,0,true,8jtopaclkzi6fkcxvnzy3t27q,2021-07-03T17:28:36Z,"trap brasileiro,hip hop brasileiro,trap","Krawk (BC / YT)",0.833,0.745,6,-6.197,0,0.245,0.259,0,0.178,0.401,125.055,4
spotify:track:590gaVFwtXwZoxzqFulv83,"Online","Online","UCLÃ;Krawk;Duzz;Sobs;Klyn",2021-02-04,269508,30,true,8jtopaclkzi6fkcxvnzy3t27q,2021-07-03T17:28:53Z,"trap brasileiro,hip hop brasileiro,trap,trap funk","UCLÃ",0.689,0.586,11,-8.207,0,0.668,0.203,0,0.0797,0.78,121.886,4
spotify:track:6GtL5K9mRo0HOLdm6Hx5tP,"Não Era pra Ser","Debochado","Krawk",2019-08-23,196008,0,true,8jtopaclkzi6fkcxvnzy3t27q,2021-07-03T17:29:23Z,"trap brasileiro,hip hop brasileiro,trap","Krawk (BC / YT)",0.731,0.393,1,-8.747,1,0.04,0.799,0,0.105,0.484,59.984,4
spotify:track:4DCQ1cCCEtsgFv2yjjuOGW,"Tesla","Debochado$tar (International Edition)","Krawk;Blakbone;Jailhouse",2020-06-19,181396,0,true,8jtopaclkzi6fkcxvnzy3t27q,2021-07-03T17:30:20Z,"trap brasileiro,hip hop brasileiro,trap","Krawk (BC / YT)",0.8,0.469,6,-9.275,0,0.109,0.333,0,0.12,0.459,130.938,4
spotify:track:0HWYFn8L5lLLz9zKGnga5h,"Campari","237","Yunk Vino;808 Luke",2020-02-14,146112,46,true,8jtopaclkzi6fkcxvnzy3t27q,2021-07-03T17:31:51Z,"trap brasileiro,trap,trap funk,hip hop brasileiro","Labbel Records",0.728,0.283,11,-12.377,1,0.054,0.456,0,0.171,0.485,91.98,4
spotify:track:3ZCTVFBt2Brf31RLEnCkWJ,"everything i wanted","everything i wanted","Billie Eilish",2019-11-13,245425,85,false,8jtopaclkzi6fkcxvnzy3t27q,2021-07-03T17:32:11Z,"","Darkroom/Interscope Records",0.704,0.225,6,-14.454,0,0.0994,0.902,0.657,0.106,0.243,120.006,4
spotify:track:3Gkszg9qdbp3fktewKAhdl,"Fire","Fire","Konai;Ecologyk",2019-03-01,135347,33,false,8jtopaclkzi6fkcxvnzy3t27q,2021-07-03T17:33:08Z,"hip hop brasileiro,trap brasileiro,trap","Dmusic",0.549,0.54,4,-9.059,1,0.0367,0.249,0.00000182,0.169,0.147,89.889,4
spotify:track:3TkVm1xeOfmc0M7ZAkXeT7,"Chão de Vidro","Chão de Vidro","Konai;Cynthia Luz",2018-11-23,135322,29,false,8jtopaclkzi6fkcxvnzy3t27q,2021-07-03T17:33:22Z,"hip hop brasileiro","Dmusic",0.385,0.449,2,-9.577,1,0.0542,0.862,0.000155,0.158,0.151,131.973,3
spotify:track:6xrb6IucBBAYUmgDFPkLRu,"Tudo Roxo","Tudo Roxo","Konai;Chris 1Kilo",2018-01-19,151092,30,false,8jtopaclkzi6fkcxvnzy3t27q,2021-07-03T17:33:41Z,"hip hop brasileiro","Dmusic",0.62,0.223,8,-14.677,1,0.0949,0.495,0.00000155,0.16,0.181,130.102,4
spotify:track:10S1s5VChDJgF4nXMzvJN6,"És Bem Vinda","És Bem Vinda","Konai",2018-05-11,184946,32,false,8jtopaclkzi6fkcxvnzy3t27q,2021-07-03T17:34:04Z,"hip hop brasileiro","Dmusic",0.604,0.17,6,-15.403,1,0.0405,0.867,0.294,0.107,0.176,61.971,4
spotify:track:6y5fR03IqeL56tHtKiwUaO,"Cidade Lunar","Cidade Lunar","Konai;Kadu Brown",2018-07-20,169173,41,false,8jtopaclkzi6fkcxvnzy3t27q,2021-07-03T17:34:20Z,"hip hop brasileiro","Dmusic",0.364,0.25,0,-11.34,0,0.0359,0.893,0.0000249,0.103,0.322,101.789,1
spotify:track:1kR6mLMlVjFi5S7iUln9A2,"Game","Game","Sagaz;Konai;Ecologyk",2018-07-27,146412,32,true,8jtopaclkzi6fkcxvnzy3t27q,2021-07-03T17:34:30Z,"hip hop brasileiro,trap brasileiro,trap","Infame Company",0.73,0.583,5,-6.036,0,0.086,0.0105,0.0000175,0.125,0.225,100.031,4
spotify:track:2ccf1HvvHM9mFErSwBlLlu,"Netflix","Netflix","Jé",2017-04-17,134890,30,true,8jtopaclkzi6fkcxvnzy3t27q,2021-07-03T17:35:26Z,"trap brasileiro,trap,hip hop brasileiro","Artefato Produções",0.917,0.369,10,-11.631,0,0.312,0.235,0.00000437,0.0869,0.527,102.977,4
spotify:track:2gck3fTIv89bTVJvjesao9,"Jack Bauer","Jack Bauer","Jé;Celo1st",2021-02-26,164443,33,true,8jtopaclkzi6fkcxvnzy3t27q,2021-07-03T17:35:49Z,"trap brasileiro,trap,hip hop brasileiro","Jé Santiago",0.736,0.441,0,-9.337,0,0.075,0.113,0,0.1,0.513,146.002,4
spotify:track:2yESwIR0YXuAmH8vhKd0RO,"Nintendo Switch","Nintendo Switch","Jé;Celo1st",2021-03-29,259672,42,true,8jtopaclkzi6fkcxvnzy3t27q,2021-07-03T17:35:54Z,"trap brasileiro,trap,hip hop brasileiro","Jé Santiago",0.653,0.572,5,-6.792,1,0.0388,0.126,0,0.403,0.399,122,4
spotify:track:4J1MPNJtMbMpjWuDuiei9k,"Gengar","Gengar","Jé;Celo1st",2021-05-14,213333,25,true,8jtopaclkzi6fkcxvnzy3t27q,2021-07-03T17:36:10Z,"trap brasileiro,trap,hip hop brasileiro","Jé Santiago",0.75,0.581,9,-6.273,1,0.0555,0.112,0,0.255,0.309,116.983,4
spotify:track:5JbwgOUmX9GKWgk3wSrSpn,"For Real","Ícone","Derek",2020-02-13,121770,33,true,8jtopaclkzi6fkcxvnzy3t27q,2021-07-03T17:36:39Z,"trap brasileiro,trap,hip hop brasileiro,trap funk","Derek Luccas",0.894,0.588,11,-5.347,0,0.0557,0.107,0,0.124,0.274,119.98,4
spotify:track:16qYlQ6koFxYVbiJbGHblz,"G.O.M.D.","2014 Forest Hills Drive","J. Cole",2014-12-09,301133,4,true,8jtopaclkzi6fkcxvnzy3t27q,2021-07-03T20:12:16Z,"rap","Roc Nation/Columbia",0.89,0.393,4,-10.821,0,0.267,0.331,0.00000881,0.283,0.304,128.084,4
spotify:track:62vpWI1CHwFy7tMIcSStl8,"No Role Modelz","2014 Forest Hills Drive","J. Cole",2014-12-09,292986,10,true,8jtopaclkzi6fkcxvnzy3t27q,2021-07-03T20:12:20Z,"rap","Roc Nation/Columbia",0.692,0.521,10,-8.465,0,0.33,0.301,0,0.0565,0.463,100.45,4
spotify:track:7yotKA30dwTKNEGomV9ZsI,"KOD","KOD","J. Cole",2018-04-20,191436,62,true,8jtopaclkzi6fkcxvnzy3t27q,2021-07-03T20:13:22Z,"rap","J. Cole P&D",0.823,0.783,0,-6.274,1,0.154,0.21,0,0.113,0.199,141.882,4
spotify:track:6qEg81HMASX7kzJvD4i4dw,"Zzz","Zzz","BIN;Sickk;França OG;Wolly",2019-07-04,255139,21,true,8jtopaclkzi6fkcxvnzy3t27q,2021-07-03T20:14:55Z,"trap brasileiro,hip hop brasileiro,trap funk,trap","Mão De Ouro Records",0.797,0.557,3,-9.108,0,0.0932,0.00884,0,0.0895,0.652,130.095,4
spotify:track:0CeaAvEotqd1vxT25x2oQ2,"C Walk 2","C Walk 2","Borges;BIN;Big Rush;Mainstreet",2020-06-19,223200,39,true,8jtopaclkzi6fkcxvnzy3t27q,2021-07-03T20:15:09Z,"trap brasileiro,trap,trap funk,hip hop brasileiro","Mainstreet Records",0.625,0.671,1,-6.703,1,0.384,0.14,0.00000164,0.107,0.489,98.827,4
spotify:track:7p7ucw8UgzpwYnCfEhCxxn,"Mira Laser","Mira Laser","BIN;Mainstreet;Dallass",2020-09-08,161142,43,true,8jtopaclkzi6fkcxvnzy3t27q,2021-07-03T20:15:17Z,"trap brasileiro,hip hop brasileiro,trap funk,trap","Mainstreet Records",0.707,0.741,5,-5.539,1,0.112,0.0883,0,0.0941,0.763,140.036,4
spotify:track:2ZtiM7j3k5jrCXNtiwUSi4,"Proibidão 2020","Proibidão 2020","Borges;BlakkClout",2020-01-19,124182,41,true,8jtopaclkzi6fkcxvnzy3t27q,2021-07-03T20:16:00Z,"trap brasileiro,trap,trap funk,hip hop brasileiro","BlakkClout",0.811,0.644,8,-7.949,1,0.458,0.704,0.00000606,0.261,0.725,142.911,4
spotify:track:1BGHVKmt3Z2FArfkAvujcI,"Lei Áurea","Lei Áurea","Borges;Mainstreet",2020-07-29,151100,28,true,8jtopaclkzi6fkcxvnzy3t27q,2021-07-03T20:16:17Z,"trap brasileiro,trap,trap funk,hip hop brasileiro","Mainstreet Records",0.814,0.594,1,-6.34,0,0.29,0.339,0.000116,0.109,0.417,122.756,4
spotify:track:4YLcZhVcW3G0jdLO3vRCud,"Preto de Gueto","Preto de Gueto","Borges;Mainstreet",2020-11-17,155355,22,true,8jtopaclkzi6fkcxvnzy3t27q,2021-07-03T20:16:22Z,"trap brasileiro,trap,trap funk,hip hop brasileiro","Mainstreet",0.828,0.606,2,-6.823,1,0.283,0.0397,0,0.173,0.287,124.054,4
spotify:track:5ZSCMCmUNxnRTDuYZxK3ah,"Aonde Eu Sou Cria","Aonde Eu Sou Cria","Borges;NGC Daddy;Mainstreet",2021-05-05,154909,40,true,8jtopaclkzi6fkcxvnzy3t27q,2021-07-03T20:16:35Z,"trap brasileiro,trap,trap funk,hip hop brasileiro","Mainstreet Records",0.653,0.683,8,-6.674,1,0.158,0.274,0,0.199,0.377,110.68,4
spotify:track:26NEo4Ar57Ph1daWpZX4ke,"Love And Choppa","Love And Choppa","NGC Daddy",2019-08-04,140855,50,true,8jtopaclkzi6fkcxvnzy3t27q,2021-07-03T20:18:54Z,"trap brasileiro,trap,hip hop brasileiro,trap funk","Fire Gang",0.897,0.513,8,-9.653,1,0.389,0.521,0.000583,0.072,0.798,130.077,4
spotify:track:4Wkoj0duackqjo3YCHfuPL,"Ouro Branco","Ouro Branco","NGC Daddy;BlakkClout",2019-11-15,137262,37,true,8jtopaclkzi6fkcxvnzy3t27q,2021-07-03T20:19:16Z,"trap brasileiro,trap,hip hop brasileiro,trap funk","BlakkClout",0.881,0.768,2,-9.946,1,0.417,0.211,0.0000326,0.331,0.451,119.984,4
spotify:track:7dTtjqeXIGPcDeSzkTyXqY,"La Chica","La Chica","NGC Daddy",2019-12-29,159360,45,true,8jtopaclkzi6fkcxvnzy3t27q,2021-07-03T20:19:21Z,"trap brasileiro,trap,hip hop brasileiro,trap funk","NGC Records",0.922,0.513,1,-6.655,1,0.0857,0.578,0.00231,0.16,0.365,125.035,4
spotify:track:4f3e6HRUIu5Ub2mcwu8god,"Glockada","Glockada","NGC Daddy",2020-04-03,121678,54,true,8jtopaclkzi6fkcxvnzy3t27q,2021-07-03T20:19:25Z,"trap brasileiro,trap,hip hop brasileiro,trap funk","NGC Records",0.853,0.459,10,-9.73,0,0.151,0.0481,0.00531,0.0883,0.715,143.062,4
spotify:track:19iT9dvjVzJ2LHbJr2OUF2,"LaLa Gang","LaLa Gang","NGC Daddy;Filipe Ret",2020-07-03,136875,38,true,8jtopaclkzi6fkcxvnzy3t27q,2021-07-03T20:19:43Z,"trap brasileiro,trap,hip hop brasileiro,trap funk","NGC Records",0.861,0.618,10,-6.033,0,0.0638,0.0169,0.0000206,0.0739,0.822,143.944,4
spotify:track:7hmUr86smWd2FeviTU1P72,"Bendito","Bendito","NGC Daddy",2020-09-18,177869,49,true,8jtopaclkzi6fkcxvnzy3t27q,2021-07-03T20:20:08Z,"trap brasileiro,trap,hip hop brasileiro,trap funk","NGC Records",0.737,0.555,9,-8.278,1,0.168,0.197,0.0000914,0.315,0.253,97.481,4
spotify:track:0vKFbA5BrsDxfGgA8eoNbX,"Bag de Grife","Bag de Grife","NGC Daddy",2021-05-19,127384,38,true,8jtopaclkzi6fkcxvnzy3t27q,2021-07-03T20:20:19Z,"trap brasileiro,trap,hip hop brasileiro,trap funk","NGC Daddy",0.858,0.571,0,-8.316,1,0.0723,0.259,0.00101,0.081,0.701,130.017,4
spotify:track:0CqxuZTATRC23CDhEHWiDK,"The Cypher Murk!","The Cypher Murk!","Costa Gold;Chayco;Zapi;Felipe Flip;Pedro Lotto",2017-10-03,425567,34,true,8jtopaclkzi6fkcxvnzy3t27q,2021-07-03T20:24:38Z,"hip hop brasileiro,trap brasileiro,boom bap,trap funk","Murk Co",0.822,0.453,10,-11.879,0,0.357,0.324,0,0.112,0.694,96.929,4
spotify:track:6J8UJNZrIwvcpsWHvSkwXn,"Anos Luz","Anos Luz","Matuê",2017-11-28,264045,0,false,8jtopaclkzi6fkcxvnzy3t27q,2021-07-03T20:24:45Z,"trap brasileiro,trap,hip hop brasileiro,trap funk","30praum",0.628,0.398,6,-14.111,0,0.153,0.384,0,0.104,0.333,109.762,4
spotify:track:1x6Zk7hoTIlSOFNZnyxjZD,"Upper Echelon (feat. T.I. & 2 Chainz)","Upper Echelon (feat. T.I. & 2 Chainz)","Travis Scott;T.I.;2 Chainz",2013-05-21,243800,61,true,8jtopaclkzi6fkcxvnzy3t27q,2021-07-03T20:24:51Z,"rap,southern hip hop","Cactus Jack / Epic",0.788,0.617,2,-4.516,1,0.0651,0.0448,0,0.088,0.128,122.065,4
spotify:track:1hw5UuO6s1DRAJmCn4Nc1H,"Meu Mundo","18K","WC no Beat;Pk;MC Cabelinho;MC Hariel;Orochi",2018-03-09,284117,68,false,8jtopaclkzi6fkcxvnzy3t27q,2021-07-03T20:24:56Z,"hip hop brasileiro,funk,trap funk,trap brasileiro,trap,funk consciente","Wc No Beat",0.866,0.552,2,-6.478,1,0.257,0.247,0,0.135,0.499,131.049,4
spotify:track:18CO6ODntZqzMxOxigBps4,"Desculpa Doutor","Desculpa Doutor","San Joe;Freitera",2018-04-04,172973,69,true,8jtopaclkzi6fkcxvnzy3t27q,2021-07-03T20:25:11Z,"hip hop brasileiro,trap funk","Independente",0.635,0.559,4,-4.883,0,0.36,0.862,0,0.115,0.629,128.662,5
spotify:track:5D056pqqERwMx7NgIr3abO,"Só Um Esboço","Só Um Esboço","Cb13",2017-11-11,182090,0,false,8jtopaclkzi6fkcxvnzy3t27q,2021-07-03T20:25:17Z,"","CB13",0.618,0.257,1,-13.834,1,0.0495,0.651,0.0000685,0.137,0.0482,95.062,4
spotify:track:2k13PI8EkZnsPxSnZznG3M,"Omnia","Omnia","Faustino Beats",2018-04-24,148606,18,false,8jtopaclkzi6fkcxvnzy3t27q,2021-07-03T20:25:21Z,"hip hop brasileiro","Faustino Beats",0.591,0.434,9,-11.371,0,0.0384,0.665,0.148,0.125,0.137,129.944,4
spotify:track:2PgoaDn4LAk1RkZ3oLqj9j,"Seja Forte","Seja Forte","Orgânico;Lourena;Morcego;Tiago Mac;Sant;Rap Box",2018-06-01,410196,0,false,8jtopaclkzi6fkcxvnzy3t27q,2021-07-03T20:25:43Z,"hip hop brasileiro,boom bap","Rap Box / Casa1 / Elemess",0.583,0.787,3,-4.216,0,0.135,0.628,0,0.0656,0.455,73.234,4
spotify:track:7h9BkPljkGtZ7I0zD5PEcY,"Se Você Quiser","Se Você Quiser","Chris MC",2017-08-21,154070,53,true,8jtopaclkzi6fkcxvnzy3t27q,2021-07-03T20:25:47Z,"hip hop brasileiro,trap brasileiro","Agência Boombap",0.585,0.348,9,-6.426,0,0.0672,0.878,0,0.105,0.2,98.551,3
spotify:track:3m4vB0q02q4xvBenENEkLw,"No Heroes (feat. Luciana)","No Heroes (feat. Luciana)","Firebeatz;KSHMR;Luciana",2014-09-05,245002,48,false,8jtopaclkzi6fkcxvnzy3t27q,2021-07-03T20:25:52Z,"big room,eletrohouse,future house,edm,slap house,eletrônica,melbourne bounce","Spinnin' Records",0.725,0.877,11,-4.09,0,0.0451,0.00365,0.181,0.0594,0.411,127.992,4
spotify:track:5mCsq5AZjZWfB2wZHrrleX,"Get Down","Get Down","Quintino;Curbi",2018-05-28,149994,29,false,8jtopaclkzi6fkcxvnzy3t27q,2021-07-03T20:25:56Z,"big room,edm,future house,bass house","Spinnin' Records",0.628,0.924,8,-4.831,0,0.0694,0.0153,0.406,0.432,0.0368,127.915,4
spotify:track:6l3pBAUJT02f9NSvLmGU3o,"Blow","Blow","Yves V;Marc Benjamin",2017-05-15,165000,39,false,8jtopaclkzi6fkcxvnzy3t27q,2021-07-03T20:25:59Z,"slap house,big room,future house","Spinnin' Records",0.603,0.902,5,-5.979,0,0.0494,0.0186,0.683,0.105,0.135,127.972,4
spotify:track:6RHkRVLmPFjBrk8KJfbDds,"Cicatrizes","Cicatrizes","LetoDie;FILL",2017-07-28,255879,0,true,8jtopaclkzi6fkcxvnzy3t27q,2021-07-03T20:26:23Z,"hip hop brasileiro","LetoDie",0.628,0.727,9,-5.284,1,0.116,0.0265,0,0.11,0.372,148.044,4
spotify:track:3zKTKsQ8A5Rmwugts3zanZ,"MAR141","Contra Omnes","Ronin",2018,114645,0,false,8jtopaclkzi6fkcxvnzy3t27q,2023-03-29T23:24:28Z,"","RONIN",0.783,0.438,2,-11.467,0,0.0811,0.425,0.213,0.158,0.151,134.043,4
spotify:track:39Yp9wwQiSRIDOvrVg7mbk,"THE SCOTTS","THE SCOTTS","THE SCOTTS;Travis Scott;Kid Cudi",2020-04-24,165977,72,true,8jtopaclkzi6fkcxvnzy3t27q,2021-07-03T20:26:59Z,"rap","Cactus Jack / Epic",0.716,0.537,0,-7.648,0,0.0514,0.233,0,0.157,0.28,129.979,4
spotify:track:27GmP9AWRs744SzKcpJsTZ,"Jumpman","What A Time To Be Alive","Drake;Future",2015-09-20,205879,72,true,8jtopaclkzi6fkcxvnzy3t27q,2021-07-03T20:27:14Z,"rap","Cash Money Records Inc.",0.852,0.553,1,-7.286,1,0.187,0.0559,0,0.332,0.656,142.079,4
spotify:track:1XRgIKC5TPwo7nWGyKqgG0,"I Get the Bag (feat. Migos)","Mr. Davis","Gucci Mane;Migos",2017-10-13,233087,75,true,8jtopaclkzi6fkcxvnzy3t27q,2021-07-03T20:27:30Z,"southern hip hop,rap,trap","Guwop Enterprises/Atlantic",0.89,0.633,11,-5.475,1,0.168,0.0232,0.000343,0.0993,0.425,139.948,4
spotify:track:7GX5flRQZVHRAGd6B4TmDO,"XO Tour Llif3","Luv Is Rage 2","Lil Uzi Vert",2017-08-25,182706,83,true,8jtopaclkzi6fkcxvnzy3t27q,2021-07-03T20:27:50Z,"rap melódico,rage rap","Generation Now/Atlantic",0.732,0.75,11,-6.366,0,0.231,0.00264,0,0.109,0.401,155.096,4
spotify:track:2gwkD6igEhQbDQegRCcdoB,"Suge","Baby On Baby","DaBaby",2019-03-01,163320,70,true,8jtopaclkzi6fkcxvnzy3t27q,2021-07-03T20:28:45Z,"","South Coast Music Group/Interscope Records",0.876,0.662,2,-6.482,0,0.426,0.0608,0,0.127,0.844,75.445,4
spotify:track:7ytR5pFWmSjzHJIeQkgog4,"ROCKSTAR (feat. Roddy Ricch)","BLAME IT ON BABY","DaBaby;Roddy Ricch",2020-04-17,181733,77,true,8jtopaclkzi6fkcxvnzy3t27q,2021-07-03T20:29:36Z,"rap melódico","South Coast Music Group/Interscope Records",0.746,0.69,11,-7.956,1,0.164,0.247,0,0.101,0.497,89.977,4
spotify:track:1jaTQ3nqY3oAAYyCTbIvnM,"WHATS POPPIN","Sweet Action","Jack Harlow",2020-03-13,139741,75,true,8jtopaclkzi6fkcxvnzy3t27q,2021-07-03T20:30:04Z,"","Generation Now/Atlantic",0.923,0.604,11,-6.671,0,0.245,0.017,0,0.272,0.826,145.062,4
spotify:track:2toVe5hfuIi97ytDPDbQFt,"Taste (feat. Offset)","Legendary","Tyga;Offset",2019-06-07,229210,76,true,8jtopaclkzi6fkcxvnzy3t27q,2021-07-03T20:30:12Z,"","Last Kings Music / EMPIRE",0.866,0.613,0,-6.385,1,0.151,0.0293,0,0.104,0.359,98.001,4
spotify:track:5ry2OE6R2zPQFDO85XkgRb,"Money In The Grave (Drake ft. Rick Ross)","The Best In The World Pack","Drake;Rick Ross",2019-06-15,205426,78,true,8jtopaclkzi6fkcxvnzy3t27q,2021-07-03T20:30:17Z,"rap,southern hip hop","Republic Records",0.831,0.502,10,-4.045,0,0.046,0.101,0,0.122,0.101,100.541,4
spotify:track:22nyEAEM29tcBRhukR089b,"Icon","SYRE","Jaden",2017-11-17,220995,63,true,8jtopaclkzi6fkcxvnzy3t27q,2021-07-03T20:30:24Z,"","MSFTS/Roc Nation",0.786,0.82,9,-5.093,0,0.232,0.222,0,0.575,0.49,119.982,4
spotify:track:0B8QzDH7YWih85V5SEMnyJ,"Money Longer","Lil Uzi Vert vs. The World","Lil Uzi Vert",2016-05-27,198944,78,true,8jtopaclkzi6fkcxvnzy3t27q,2021-07-03T20:30:30Z,"rap melódico,rage rap","Generation Now/Atlantic",0.795,0.568,5,-7.817,0,0.142,0.0541,0,0.108,0.478,136.173,4
spotify:track:5uDASfU19gDxSjW8cnCaBp,"Chill Bill (feat. J. Davi$ & Spooks)","Chill Bill (feat. J. Davi$ & Spooks)","Rob $tone;J. Davi$;J Spooks",2016-06-17,177184,74,true,8jtopaclkzi6fkcxvnzy3t27q,2021-07-03T20:30:39Z,"","RCA Records Label",0.886,0.427,6,-10.028,1,0.145,0.0312,0.00099,0.0906,0.23,108.034,4
spotify:track:5MLreTrtwv7fGyyAy0RyeB,"See Me Fall - Y2K Remix","Momentum (Mixtape)","Ro Ransom;Y2K",2017-10-27,201508,61,true,8jtopaclkzi6fkcxvnzy3t27q,2021-07-03T20:30:46Z,"","Same Plate",0.625,0.829,8,-5.221,1,0.0976,0.301,0,0.107,0.131,109.976,4
spotify:track:2JvzF1RMd7lE3KmFlsyZD8,"MIDDLE CHILD","MIDDLE CHILD","J. Cole",2019-01-23,213593,80,true,8jtopaclkzi6fkcxvnzy3t27q,2021-07-03T20:31:01Z,"rap","Dreamville, Inc., Under exclusive license to Roc Nation Records",0.837,0.364,8,-11.713,1,0.276,0.149,0,0.271,0.463,123.984,4
spotify:track:1xzBco0xcoJEDXktl7Jxrr,"Mo Bamba","MUDBOY","Sheck Wes",2018-10-05,183906,76,true,8jtopaclkzi6fkcxvnzy3t27q,2021-07-03T20:31:05Z,"","Cactus Jack Records/ G.O.O.D. Music/ Interscope Records",0.729,0.625,4,-5.266,1,0.0315,0.194,0.00986,0.248,0.261,146.034,4
spotify:track:6mS9JgLlBCbmsMQnKrm2e3,"YKTS","YKTS","Sheck Wes",2019-10-31,194816,40,true,8jtopaclkzi6fkcxvnzy3t27q,2021-07-03T20:31:08Z,"","Cactus Jack Records/ISR PS",0.72,0.484,1,-5.021,1,0.415,0.0132,0.0299,0.113,0.166,179.957,4
spotify:track:17N5FdRwJuv3UXQ7MHnbhF,"Ballin","Uncle Drew (Original Motion Picture Soundtrack)","Logic",2018-06-15,166077,63,true,8jtopaclkzi6fkcxvnzy3t27q,2021-07-03T20:31:11Z,"","RCA Records Label",0.737,0.854,3,-6.414,0,0.221,0.0475,0,0.0905,0.65,150.621,4
spotify:track:6ZelF5APDN5r6XnFqcnvWR,"Give No Fxk","Give No Fxk","Migos;Travis Scott;Young Thug",2020-02-14,224243,50,true,8jtopaclkzi6fkcxvnzy3t27q,2021-07-03T20:31:15Z,"trap,rap,rap melódico","Quality Control Music/Motown Records",0.904,0.627,1,-5.608,1,0.222,0.0303,0.00000568,0.0923,0.236,145.976,4
spotify:track:2IRZnDFmlqMuOrYOLnZZyc,"Going Bad (feat. Drake)","Championships","Meek Mill;Drake",2018-11-30,180522,79,true,8jtopaclkzi6fkcxvnzy3t27q,2021-07-03T20:31:29Z,"rap","MMG/Atlantic",0.889,0.496,4,-6.365,0,0.0905,0.259,0,0.252,0.544,86.003,4
spotify:track:1uL78kFWxhz3umTMWJu8n5,"Sauce It Up","Luv Is Rage 2","Lil Uzi Vert",2017-08-25,207038,68,true,8jtopaclkzi6fkcxvnzy3t27q,2021-07-03T20:31:34Z,"rap melódico,rage rap","Generation Now/Atlantic",0.813,0.528,6,-6.305,0,0.313,0.0715,0,0.125,0.131,79.532,4
spotify:track:1xqRKo0SDFDO5Jy8yEVD0X,"ROLLIN N CONTROLLIN FREESTYLE","ROLLIN N CONTROLLIN FREESTYLE","DUSTY LOCANE",2020-08-07,191208,54,true,8jtopaclkzi6fkcxvnzy3t27q,2021-07-03T20:32:07Z,"drill do brooklyn,drill de nova iorque,drill,drill reino unido","95MM / EMPIRE",0.69,0.514,8,-11.81,0,0.328,0.0975,0.497,0.346,0.307,72.791,4
spotify:track:14mc78ctIxHOMYz5fWja7Q,"Rolando (Caught In The Rain)","Rolando (Caught In The Rain)","DUSTY LOCANE",2020-11-27,142315,49,true,8jtopaclkzi6fkcxvnzy3t27q,2021-07-03T20:32:19Z,"drill do brooklyn,drill de nova iorque,drill,drill reino unido","95MM / EMPIRE",0.597,0.689,5,-4.303,1,0.446,0.467,0,0.562,0.644,118.35,4
spotify:track:1Emg2PWprZxWACEgw3Rn0J,"RUMBLE","RUMBLE","DUSTY LOCANE",2021-02-05,146021,37,true,8jtopaclkzi6fkcxvnzy3t27q,2021-07-03T20:33:31Z,"drill do brooklyn,drill de nova iorque,drill,drill reino unido","95MM / EMPIRE",0.73,0.571,11,-8.243,1,0.396,0.267,0,0.266,0.691,74.096,4
spotify:track:4eKIO9VbBawOer9eLBwXom,"MOVE DOLEY","MOVE DOLEY","DUSTY LOCANE;OnPointLikeOP",2021-04-23,200078,30,true,8jtopaclkzi6fkcxvnzy3t27q,2021-07-03T20:34:08Z,"drill do brooklyn,drill de nova iorque,drill,drill reino unido","95MM / EMPIRE",0.792,0.676,2,-8.825,1,0.344,0.208,0.00000165,0.103,0.68,143.877,4
spotify:track:1x4EyMAEgpYViVuypJ9uyi,"BEST FRIEND","BEST FRIEND","DUSTY LOCANE;8ANDITT",2021-07-02,184334,25,true,8jtopaclkzi6fkcxvnzy3t27q,2021-07-03T20:35:21Z,"drill do brooklyn,drill de nova iorque,drill,drill reino unido","95MM / EMPIRE",0.796,0.623,0,-3.613,1,0.265,0.172,0,0.0892,0.507,138.075,4
spotify:track:4dAMdQ6g4kGmnc1MDHsg77,"Shotta Flow","Shotta Flow","NLE Choppa",2019-01-17,160013,1,true,8jtopaclkzi6fkcxvnzy3t27q,2021-07-03T20:35:35Z,"","No Love Entertainment",0.888,0.43,9,-6.728,1,0.588,0.0786,0.00000158,0.132,0.45,120.088,4
spotify:track:4dVpf9jZjcORqGTLUaeYj9,"Plain Jane","Still Striving","A$AP Ferg",2017-08-18,173601,71,true,8jtopaclkzi6fkcxvnzy3t27q,2021-07-03T20:35:39Z,"rap","RCA Records Label",0.797,0.844,11,-5.482,1,0.275,0.0651,0,0.087,0.52,170.142,4
spotify:track:2BITQ360Knh6qNAOqR7Dyq,"Miss The Rage (feat. Playboi Carti)","Miss The Rage (feat. Playboi Carti)","Trippie Redd;Playboi Carti",2021-05-07,236883,3,true,8jtopaclkzi6fkcxvnzy3t27q,2021-07-03T20:35:42Z,"rap melódico,rage rap","1400 Entertainment / 10K Projects",0.584,0.859,8,-5.616,1,0.121,0.0144,0,0.847,0.369,77.005,4
spotify:track:0b9FPE4hWJLlCLBLvCoasv,"Slow","Trip","Maquiny;Orochi",2018-11-01,284745,43,true,8jtopaclkzi6fkcxvnzy3t27q,2021-07-03T20:36:06Z,"hip hop brasileiro,trap brasileiro,trap funk,trap","Deckdisc",0.461,0.516,6,-8.365,0,0.0579,0.101,0,0.0839,0.15,117.982,4
spotify:track:4vSQiyuTOUHvKM043BGqa4,"Eu Tenho Drip","Eu Tenho Drip","Derek;Paiva Prod",2019-10-04,99605,35,true,8jtopaclkzi6fkcxvnzy3t27q,2021-07-03T20:38:45Z,"trap brasileiro,trap,hip hop brasileiro,trap funk","White Monkey Recordings",0.884,0.401,9,-10.136,1,0.072,0.251,0.0000143,0.497,0.479,122,4
spotify:track:54ogQbfYHleYBHKY98byI5,"Do Nada","Do Nada","Derek;WEY",2019-08-23,131666,30,false,8jtopaclkzi6fkcxvnzy3t27q,2021-07-03T20:38:49Z,"trap brasileiro,trap,hip hop brasileiro,trap funk","White Monkey Recordings",0.887,0.828,2,-6.179,1,0.114,0.533,0.113,0.153,0.524,125.998,4
spotify:track:0XcIpD9c1A4vUeIVlrn2La,"Ye","Ye","Raffa Moreira;Klyn",2019-08-02,124995,0,true,8jtopaclkzi6fkcxvnzy3t27q,2021-07-03T20:39:11Z,"trap brasileiro,hip hop brasileiro,trap","Mondé",0.804,0.46,4,-9.418,0,0.48,0.461,0,0.102,0.591,147.157,4
spotify:track:6zbgXxJo9AEqfLB6RajwGu,"Ninja","True Religion","Yung Buda",2019-12-06,131022,0,true,8jtopaclkzi6fkcxvnzy3t27q,2021-07-03T20:39:18Z,"trap brasileiro,hip hop brasileiro","Sound Food Gang",0.549,0.649,1,-7.471,1,0.0485,0.00444,0,0.082,0.0693,93.408,5
spotify:track:6LUS8wzYE1PjcxJVayELpB,"Pleasurekraft","Músicas para Drift, Vol. II","Yung Buda",2019-04-01,165173,0,true,8jtopaclkzi6fkcxvnzy3t27q,2021-07-03T20:39:28Z,"trap brasileiro,hip hop brasileiro","Sound Food Gang",0.569,0.591,2,-7.215,1,0.0789,0.0161,0.000112,0.116,0.222,140.304,4
spotify:track:6qTRrEyudq4dA6hyTW3bsu,"Suzuki Escudo (Guitarra)","Músicas para Drift, Vol. II","Yung Buda",2019-04-01,186263,0,true,8jtopaclkzi6fkcxvnzy3t27q,2021-07-03T20:39:42Z,"trap brasileiro,hip hop brasileiro","Sound Food Gang",0.762,0.618,5,-5.838,1,0.0326,0.0983,0.00000994,0.192,0.211,126.953,4
spotify:track:2BjbG541dRwGhaketIPEXI,"Autumn Ring Mini (Sozinho no Touge)","Músicas para Drift, Vol. II","Yung Buda",2019-04-01,236462,0,true,8jtopaclkzi6fkcxvnzy3t27q,2021-07-03T20:39:46Z,"trap brasileiro,hip hop brasileiro","Sound Food Gang",0.827,0.523,2,-8.121,0,0.0459,0.0751,0.00291,0.113,0.142,124.01,4
spotify:track:3RPfO0yMt84ebJLebXsxqR,"Autobahn (Tempo)","Músicas para Drift, Vol. II","Yung Buda",2019-04-01,164624,0,true,8jtopaclkzi6fkcxvnzy3t27q,2021-07-03T20:39:48Z,"trap brasileiro,hip hop brasileiro","Sound Food Gang",0.665,0.939,1,-4.851,1,0.0424,0.00607,0.00000399,0.366,0.837,139.929,4
spotify:track:4iE6MlruvpUEh2ZZhfgx9P,"Jesus Chorou Pt. II","Músicas para Drift","Yung Buda",2017-06-09,110000,0,false,8jtopaclkzi6fkcxvnzy3t27q,2021-07-03T20:40:22Z,"trap brasileiro,hip hop brasileiro","Sound Food Gang",0.857,0.657,4,-7.137,1,0.156,0.152,0,0.14,0.314,109.975,4
spotify:track:0WCSgFOgUoDQEmljue2m0D,"Cobra Coral","Cobra Coral","Victor Xamã;Yung Buda;Davzera",2020-06-18,253440,21,true,8jtopaclkzi6fkcxvnzy3t27q,2021-07-03T20:40:36Z,"boom bap,hip hop brasileiro,trap brasileiro","2088",0.771,0.364,11,-14.164,0,0.29,0.717,0.0152,0.155,0.263,125.055,4
spotify:track:0LxmE3Bnk30dfFJ7LQt30T,"Drip da Roça","Drip da Roça","Reid;Doode;Teto;Ear Kid;Stef;Fabin",2020-04-17,424000,0,true,8jtopaclkzi6fkcxvnzy3t27q,2021-07-03T20:41:02Z,"trap brasileiro,trap,trap funk,hip hop brasileiro","Reid",0.857,0.349,3,-11.247,0,0.29,0.181,0,0.115,0.518,119.962,4
spotify:track:3oBLx4z1uDYD1nXfenbLXQ,"Og","Espaço Profundo","OgMarthian",2020-09-13,136026,0,true,8jtopaclkzi6fkcxvnzy3t27q,2021-07-03T20:41:09Z,"","OgMarthian",0.843,0.486,10,-9.666,1,0.0499,0.0835,0.00000314,0.0915,0.485,120.031,4
spotify:track:0aiReKjuyu0RIRPQmjBhoi,"Gang da Medusa","Tropa","OgMarthian;OgTorres;Zanglock;Kraken Mob;Chubaci",2020-05-15,195700,0,true,8jtopaclkzi6fkcxvnzy3t27q,2021-07-03T20:41:15Z,"trap brasileiro","Kraken Mob",0.834,0.599,0,-9.18,1,0.139,0.193,0,0.129,0.276,125.022,4
spotify:track:41jVMHf7GUVXS88hknx5xp,"Friday13","Friday13","1kvoltz;Sunny!bxy;Freicx;Devilcxffeboy;Yung Duzz",2020-08-25,181110,0,true,8jtopaclkzi6fkcxvnzy3t27q,2021-07-03T20:41:21Z,"","1kvoltz",0.834,0.703,1,-8.63,1,0.336,0.0459,0,0.377,0.618,130.033,4
spotify:track:75ChZ9KWQmRY6vnegmawTM,"Bad Clout","Bad Clout","Lord Ralph Lauren;Sicko;Yung Nobre",2019-08-09,172947,26,true,8jtopaclkzi6fkcxvnzy3t27q,2021-07-03T20:41:31Z,"trap brasileiro,trap","ogtreasure",0.912,0.41,1,-9.508,1,0.396,0.0121,0,0.0998,0.324,140.017,4
spotify:track:2bk5EEG7oTNiUHkkqXeVYf,"Bandido da Luz Vermelha","Bandido da Luz Vermelha","Kant;NOG",2020-02-07,228864,40,true,8jtopaclkzi6fkcxvnzy3t27q,2021-07-03T20:41:48Z,"trap brasileiro,hip hop brasileiro,trap,trap funk,funk consciente,funk","Kant",0.825,0.671,0,-5.461,1,0.146,0.19,0,0.454,0.687,129.96,4
spotify:track:0LMO2d7QubdqrRXuQGvtfQ,"Esquimó","Heresia","Djonga;Coyote Beatz",2017-03-17,256810,0,true,8jtopaclkzi6fkcxvnzy3t27q,2021-07-03T20:42:08Z,"hip hop brasileiro,boom bap,trap brasileiro","A Quadrilha",0.737,0.493,10,-4.089,0,0.236,0.135,0,0.113,0.151,80.016,4
spotify:track:1GeOl7Am2xK7Umsixjrv9c,"Inabaláveis","Ruby King 7102","Choice;BK",2018-01-20,294870,0,true,8jtopaclkzi6fkcxvnzy3t27q,2021-07-03T20:42:36Z,"hip hop brasileiro,boom bap,trap brasileiro","Pineapple StormTV",0.606,0.463,10,-10.532,1,0.216,0.044,0.0000269,0.0554,0.125,129.932,4
spotify:track:0Zs5Yt1JC40nuByWJI7m79,"Presidentes Mortos","Ruby King 7102","Choice;Coruja",2018-01-20,227421,0,true,8jtopaclkzi6fkcxvnzy3t27q,2021-07-03T20:42:50Z,"hip hop brasileiro,boom bap","Pineapple StormTV",0.807,0.501,6,-11.976,0,0.303,0.149,0.00151,0.081,0.274,126.863,4
spotify:track:5Nnc3TYjsEprIFHZ0fu0ck,"Nicole","Ruby King 7102","Choice;Xamã",2018-01-20,358953,0,true,8jtopaclkzi6fkcxvnzy3t27q,2021-07-03T20:42:53Z,"hip hop brasileiro,trap brasileiro,trap funk,trap","Pineapple StormTV",0.476,0.487,11,-12.065,0,0.495,0.344,0,0.105,0.243,89.343,4
spotify:track:3Ul6Dq6X2tmbqecbnAwRTj,"Gta Rp","Gta Rp","Aka Rasta;BREEZE",2020-06-16,159327,17,true,8jtopaclkzi6fkcxvnzy3t27q,2021-07-03T20:43:08Z,"trap brasileiro,trap,hip hop brasileiro","BREEZE",0.626,0.408,8,-11.257,1,0.883,0.314,0,0.155,0.494,178.131,3
spotify:track:36j5Qv5r3gYNZ9cMinqhSK,"AIAI","AIAI","Aka Rasta",2021-06-23,146005,32,true,8jtopaclkzi6fkcxvnzy3t27q,2021-07-03T20:43:17Z,"trap brasileiro,trap,hip hop brasileiro","Aka Rasta",0.824,0.336,0,-11.67,0,0.276,0.564,0,0.434,0.569,119.982,4
spotify:track:03Wiqyyi9fWgMQlBm77QUE,"Cerrado","PIAUÍ","Lil Whind",2020-09-25,195387,0,true,8jtopaclkzi6fkcxvnzy3t27q,2021-07-03T20:44:37Z,"trap brasileiro,trap,hip hop brasileiro","Gufo Records",0.763,0.32,5,-10.922,0,0.0577,0.308,0,0.118,0.66,120.369,4
spotify:track:4xXs9gGGcEDUGmDnuXQXVS,"Faz a Pose","Faz a Pose","Derek",2018-10-15,126766,0,true,8jtopaclkzi6fkcxvnzy3t27q,2021-07-03T20:44:54Z,"trap brasileiro,trap,hip hop brasileiro,trap funk","Derek Luccas",0.808,0.693,2,-9.532,1,0.274,0.135,0.00186,0.659,0.603,162.088,4
spotify:track:5yPmI9c05NXqPuLXd905QQ,"Se Essa Noite Eu Morrer","Se Essa Noite Eu Morrer","Denov",2017-01-20,153991,20,true,8jtopaclkzi6fkcxvnzy3t27q,2021-07-03T20:46:09Z,"trap brasileiro,hip hop brasileiro","Denov",0.755,0.466,0,-11.619,1,0.0428,0.174,0.000589,0.0953,0.182,113.992,4
spotify:track:6DVSzsdJnck4VYnYQFS6Av,"Monza Drift","Monza Drift","Denov;Naio",2017-10-26,246496,38,false,8jtopaclkzi6fkcxvnzy3t27q,2021-07-03T20:46:24Z,"trap brasileiro,hip hop brasileiro","Denov",0.687,0.528,1,-10.349,0,0.255,0.0581,0,0.175,0.255,143.062,4
spotify:track:2LEHRbyXpDZdkrcJ0i6OYZ,"Se Essa Noite Eu Morrer, Pt. 2","Se Essa Noite Eu Morrer, Pt. 2","Denov",2017-11-14,288000,30,false,8jtopaclkzi6fkcxvnzy3t27q,2021-07-03T20:46:30Z,"trap brasileiro,hip hop brasileiro","Denov",0.724,0.657,8,-7.542,0,0.071,0.85,0.00000135,0.108,0.46,99.946,4
spotify:track:1amRrwKkPpBpi8BciWuOsQ,"Milionários","Milionários","Maquiny;Orochi",2018-10-11,291222,51,false,8jtopaclkzi6fkcxvnzy3t27q,2021-07-03T20:47:07Z,"hip hop brasileiro,trap brasileiro,trap funk,trap","Deckdisc",0.737,0.629,1,-6.855,1,0.187,0.464,0,0.083,0.471,130.115,4
spotify:track:7t1vMB31lura79BjKlpqAu,"Safadinha","Safadinha","UCLÃ;Sos;Duzz;Sobs;Sueth",2019-12-12,249344,48,true,8jtopaclkzi6fkcxvnzy3t27q,2021-07-03T20:47:26Z,"trap brasileiro,hip hop brasileiro,trap,trap funk","UCLÃ",0.924,0.688,11,-7.096,0,0.185,0.00618,0,0.0729,0.721,122.016,4
spotify:track:2rj3KtH3jJRkvPDrFYYFkc,"Henessy","Henessy","UCLÃ;Sos;Sobs;Derek;Kenai",2018-09-13,266750,11,true,8jtopaclkzi6fkcxvnzy3t27q,2021-07-03T20:47:47Z,"trap brasileiro,hip hop brasileiro,trap,trap funk,reggaeton","UCLÃ",0.747,0.476,8,-11.506,1,0.22,0.00235,0.0000578,0.0807,0.19,129.974,4
spotify:track:4R03Jhjw8Xo03HVreifTCa,"Pa Pa Pa","Pa Pa Pa","UCLÃ;Sos;Duzz;Sobs",2019-04-11,230357,42,true,8jtopaclkzi6fkcxvnzy3t27q,2021-07-03T20:47:55Z,"trap brasileiro,hip hop brasileiro,trap,trap funk","UCLÃ",0.871,0.652,4,-4.424,0,0.0671,0.122,0,0.0746,0.563,97.946,4
spotify:track:2PWx4Gwz40dLHH0J5nj0gj,"Nike Dunk","Nike Dunk","IceBoy015",2019-09-02,93760,46,true,8jtopaclkzi6fkcxvnzy3t27q,2021-07-03T20:49:01Z,"trap brasileiro,trap","IceBoy015",0.935,0.665,2,-11.378,1,0.235,0.388,0.000201,0.317,0.927,123.064,4
spotify:track:3CzWHpKwpl7YINEAcBw7o3,"Nuwoah","Nuwoah","The Boy",2019-05-29,132000,20,true,8jtopaclkzi6fkcxvnzy3t27q,2021-07-03T20:49:21Z,"trap brasileiro,trap,hip hop brasileiro","The Boy",0.949,0.26,10,-14.222,1,0.173,0.0101,0,0.107,0.0528,130.037,4
spotify:track:5i0ApQmbSlUeIRMwUlbIUl,"Licky Licky","Licky Licky","N.A.N.A.;The Boy;Dfideliz",2019-10-17,192000,23,false,8jtopaclkzi6fkcxvnzy3t27q,2021-07-03T20:50:28Z,"trap brasileiro,trap,hip hop brasileiro,trap funk","N.A.N.A.",0.655,0.459,8,-10.581,1,0.458,0.12,0,0.0978,0.502,129.911,4
spotify:track:0tiEhqmJTkgBG1RqfMATru,"Barneys Ny","Barneys Ny","The Boy",2020-03-13,144000,18,true,8jtopaclkzi6fkcxvnzy3t27q,2021-07-03T20:50:36Z,"trap brasileiro,trap,hip hop brasileiro","The Boy",0.863,0.589,1,-6.92,1,0.0974,0.051,0,0.0583,0.223,130.149,4
spotify:track:4eOg94seTlOnkNUgvw8pXv,"Slime Chef","Slime Chef","The Boy",2020-10-23,129054,27,true,8jtopaclkzi6fkcxvnzy3t27q,2021-07-03T20:50:41Z,"trap brasileiro,trap,hip hop brasileiro","The Boy",0.965,0.536,0,-9.228,0,0.235,0.0472,0,0.0716,0.814,120.073,4
spotify:track:5TfYCT5T4p71jWY8UkQlqJ,"Ysl","Ysl","The Boy;N.A.N.A.",2020-11-27,138608,16,true,8jtopaclkzi6fkcxvnzy3t27q,2021-07-03T20:50:55Z,"trap brasileiro,trap,hip hop brasileiro","The Boy",0.9,0.655,10,-6.376,0,0.0445,0.173,0.0000256,0.0756,0.526,126.034,4
spotify:track:6jmiBpc9LmOHptgt9qBSBl,"MADEMOISELLE","MADEMOISELLE","The Boy",2021-01-22,144634,16,true,8jtopaclkzi6fkcxvnzy3t27q,2021-07-03T20:51:12Z,"trap brasileiro,trap,hip hop brasileiro","The Boy",0.768,0.536,11,-8.208,0,0.0445,0.0259,0,0.15,0.249,119.97,4
spotify:track:0TGN193dpJ5dg9YOk1oCAR,"Monstro","Monstro","Dudu",2019,216000,0,false,8jtopaclkzi6fkcxvnzy3t27q,2021-07-03T20:51:36Z,"trap brasileiro,hip hop brasileiro,trap","dMusic",0.479,0.41,8,-7.666,0,0.181,0.812,0.0000915,0.118,0.389,131.481,3
spotify:track:4hVSWdyWtnowu9MWLPa0KF,"Uo*L","Uo*L","Borges;BlakkClout",2020-04-06,133668,37,true,8jtopaclkzi6fkcxvnzy3t27q,2021-07-03T20:51:42Z,"trap brasileiro,trap,trap funk,hip hop brasileiro","BlakkClout",0.941,0.379,1,-13.622,1,0.285,0.223,0.000135,0.121,0.476,124.974,4
spotify:track:12oC6VsWoVmiLuLfKmxdnG,"Uma Bala","Uma Bala","Derek;The Boy",2019-01-23,209123,31,true,8jtopaclkzi6fkcxvnzy3t27q,2021-07-03T20:51:49Z,"trap brasileiro,trap,hip hop brasileiro,trap funk","Derek",0.962,0.49,0,-11.147,1,0.684,0.161,0.000101,0.0545,0.238,132.99,4
spotify:track:3YnFxLQquy7xMMhCteizgl,"Moda","Moda","Massaru",2020-07-12,120723,41,true,8jtopaclkzi6fkcxvnzy3t27q,2021-07-03T20:52:04Z,"trap brasileiro,trap,trap funk","Suforganization",0.916,0.542,0,-7.778,1,0.38,0.0846,0,0.055,0.737,129.818,4
spotify:track:0uLpi8DchIWtDaFUmmTaBw,"Jaguar","Jaguar","Ozzy Vit;Torres;Marthian",2020-11-20,180932,0,true,8jtopaclkzi6fkcxvnzy3t27q,2021-07-03T20:52:09Z,"hip hop brasileiro","Ozzy Vit",0.772,0.652,6,-7.5,0,0.174,0.223,0,0.0805,0.573,130.059,4
spotify:track:3yyYVIXjtdPs8DxNBVbgem,"Fases","Fases","Aka Rasta;BREEZE",2019-01-11,221796,40,true,8jtopaclkzi6fkcxvnzy3t27q,2021-07-03T20:52:33Z,"trap brasileiro,trap,hip hop brasileiro","Breeze",0.828,0.446,5,-10.044,0,0.306,0.822,0.0000143,0.107,0.399,120.026,4
spotify:track:4WUbER7MQeseWc9Yor7qBt,"Hoje Tem Baile","Hoje Tem Baile","The Boy",2019-09-18,126461,29,true,8jtopaclkzi6fkcxvnzy3t27q,2021-07-03T20:52:41Z,"trap brasileiro,trap,hip hop brasileiro","The Boy",0.929,0.757,5,-6.878,0,0.234,0.0392,0,0.0492,0.55,129.967,4
spotify:track:3x5kMjAkFbjEtL1aB7LvZd,"The Box Medley","The Box Medley","THE BOX;Bruxo 021;Martelin;Yung Nobre;Tivityn",2020-12-18,199555,0,true,8jtopaclkzi6fkcxvnzy3t27q,2021-07-03T20:52:56Z,"trap brasileiro,trap funk,funk,funk consciente,trap,hip hop brasileiro","THE BOX",0.849,0.542,0,-8.434,1,0.322,0.304,0.000317,0.229,0.809,134.916,4
spotify:track:03qfT1kaiIn8l2uVPpICQB,"Aquele 1%","Ambições","NECÃO;Andrezinho bxd",2021-04-19,194272,0,true,8jtopaclkzi6fkcxvnzy3t27q,2021-07-03T20:53:02Z,"","Necão",0.514,0.642,2,-8.992,0,0.354,0.0127,0.00000978,0.181,0.449,139.403,4
spotify:track:26BFFHvyGkTgzYSw6l5VKs,"Baile de Ladrão","OUTRO ROLÊ","FBC;VHOOR;WRM",2021-02-26,159626,29,true,8jtopaclkzi6fkcxvnzy3t27q,2021-07-03T20:53:05Z,"hip hop brasileiro,miami bass,boom bap,trap brasileiro","WRM",0.729,0.613,10,-7.141,1,0.297,0.139,0,0.0632,0.562,144.921,4
spotify:track:0lK5IAKpz6seCs1r3sCcJi,"Costumávamos Conversar","Contra Omnes","Ronin",2018,301732,0,false,8jtopaclkzi6fkcxvnzy3t27q,2021-07-03T20:53:24Z,"","RONIN",0.74,0.297,1,-14.098,1,0.0386,0.331,0.000206,0.579,0.405,104.977,4
spotify:track:5bJ1DrEM4hNCafcDd1oxHx,"Self Care","Swimming","Mac Miller",2018-08-03,345133,78,true,8jtopaclkzi6fkcxvnzy3t27q,2021-07-03T20:53:29Z,"","Warner Records",0.52,0.538,1,-8.109,1,0.206,0.367,0.00187,0.119,0.177,141.894,4
spotify:track:56JYH4FcyqFubzoc3UX7jL,"Querido Diário","Querido Diário","Kawe;Original Quality;Cita",2020-03-12,177600,42,true,8jtopaclkzi6fkcxvnzy3t27q,2021-07-03T20:53:38Z,"trap brasileiro,hip hop brasileiro,trap funk,trap","OQProduções",0.822,0.496,9,-9.223,0,0.213,0.0151,0,0.0975,0.163,99.936,4
spotify:track:0YWKU3qV9A8x7dj7OKksqU,"21 Balas","21 Balas","Choice",2018-09-10,209727,28,false,8jtopaclkzi6fkcxvnzy3t27q,2021-07-03T20:54:10Z,"hip hop brasileiro","Choice",0.794,0.593,7,-7.21,1,0.0564,0.115,0,0.0506,0.251,110.031,4
spotify:track:5kqIPrATaCc2LqxVWzQGbk,"7 Years","Lukas Graham","Lukas Graham",2016-04-01,237300,86,false,8jtopaclkzi6fkcxvnzy3t27q,2021-07-03T20:54:18Z,"pop dinamarquês","Warner Records",0.765,0.473,10,-5.829,1,0.0514,0.287,0,0.391,0.34,119.992,4
spotify:track:2LZe5y7I16fCt5NPlNv99O,"999","999","Baco Exu do Blues",2016-09-27,218446,41,true,8jtopaclkzi6fkcxvnzy3t27q,2021-07-03T20:54:22Z,"hip hop brasileiro,trap brasileiro","PE SQUAD & OLDISGRAÇA",0.764,0.782,1,-8.297,0,0.241,0.0847,0.00000135,0.11,0.221,100.053,4
spotify:track:28mv40MzspRZn0PBcO2itT,"Act A Fool","2 Fast 2 Furious (Soundtrack)","Ludacris",2003-05-27,270733,65,true,8jtopaclkzi6fkcxvnzy3t27q,2021-07-03T20:54:31Z,"southern hip hop","Island Def Jam",0.573,0.906,9,-2.408,1,0.325,0.229,0,0.183,0.775,110.64,5
spotify:track:1mea3bSkSGXuIRvnydlB5b,"Viva La Vida","Viva La Vida or Death and All His Friends","Coldplay",2008-06-06,242373,88,false,8jtopaclkzi6fkcxvnzy3t27q,2021-07-03T20:55:40Z,"","Parlophone UK",0.486,0.617,5,-7.115,0,0.0287,0.0954,0.00000323,0.109,0.417,138.015,4
spotify:track:6nek1Nin9q48AVZcWs9e9D,"Paradise","Mylo Xyloto","Coldplay",2011-10-24,278719,86,false,8jtopaclkzi6fkcxvnzy3t27q,2021-07-03T20:55:54Z,"","Parlophone UK",0.449,0.585,5,-6.761,1,0.0268,0.0509,0.0000875,0.0833,0.212,139.631,4
spotify:track:23khhseCLQqVMCIT1WMAns,"Magic","Ghost Stories","Coldplay",2014-05-16,285014,74,false,8jtopaclkzi6fkcxvnzy3t27q,2021-07-03T20:56:09Z,"","Parlophone UK",0.738,0.482,6,-8.917,0,0.0402,0.0266,0.621,0.106,0.352,93.457,4
spotify:track:0FDzzruyVECATHXKHFs9eJ,"A Sky Full of Stars","Ghost Stories","Coldplay",2014-05-16,267866,87,false,8jtopaclkzi6fkcxvnzy3t27q,2021-07-03T20:56:20Z,"","Parlophone UK",0.545,0.675,6,-6.474,1,0.0279,0.00617,0.00197,0.209,0.162,124.97,4
spotify:track:3RiPr603aXAoi4GHyXx0uy,"Hymn for the Weekend","A Head Full of Dreams","Coldplay",2015-12-04,258266,85,false,8jtopaclkzi6fkcxvnzy3t27q,2021-07-03T20:56:31Z,"","Parlophone UK",0.491,0.693,0,-6.487,0,0.0377,0.211,0.00000692,0.325,0.412,90.027,4
spotify:track:69uxyAqqPIsUyTO8txoP2M,"Adventure of a Lifetime","A Head Full of Dreams","Coldplay",2015-12-04,263786,88,false,8jtopaclkzi6fkcxvnzy3t27q,2021-07-03T20:56:33Z,"","Parlophone UK",0.638,0.924,7,-3.887,1,0.036,0.00205,0.000175,0.149,0.53,111.995,4
spotify:track:42FMotNeh6BvlwhEmJVvL7,"Agora","All-Star Brasil: A Onda, Pt. 1","All Star Brasil;DjMallNoBeat;Tribo da Periferia",2018-03-02,247091,51,true,8jtopaclkzi6fkcxvnzy3t27q,2021-07-03T20:58:24Z,"hip hop brasileiro","Fábrica de Hits",0.727,0.516,11,-9.849,0,0.0753,0.23,0.0000379,0.117,0.408,137.924,4
spotify:track:3HZIZgSKsFhTsXlQWGHUMt,"After Particular","All-Star Brasil: A Onda, Pt. 1","All Star Brasil;DjMallNoBeat;Lucas Lucco;Pollo",2018-03-02,284373,30,true,8jtopaclkzi6fkcxvnzy3t27q,2021-07-03T20:58:31Z,"hip hop brasileiro,sertanejo,sertanejo universitário,arrocha","Fábrica de Hits",0.716,0.467,0,-8.419,0,0.0928,0.321,0,0.367,0.344,134.099,4
spotify:track:3bhCwFbw9nGQgW3RUHpx8A,"Lema","All-Star Brasil: A Onda, Pt. 1","All Star Brasil;DjMallNoBeat",2018-03-02,257105,34,true,8jtopaclkzi6fkcxvnzy3t27q,2021-07-03T20:58:39Z,"hip hop brasileiro","Fábrica de Hits",0.766,0.321,3,-11.696,0,0.106,0.0646,0.00000556,0.115,0.422,134.03,4
spotify:track:3mQS1DIxqc9FyAb9DLO3R1,"A Onda","All-Star Brasil: A Onda, Pt. 1","All Star Brasil;DjMallNoBeat;Pacificadores",2018-03-02,250592,29,true,8jtopaclkzi6fkcxvnzy3t27q,2021-07-03T20:58:43Z,"hip hop brasileiro","Fábrica de Hits",0.765,0.41,1,-7.303,1,0.394,0.165,0.00000594,0.174,0.172,183.972,4
spotify:track:6VYqVHfjQv3LMKNVWLVUDp,"Hoje Ninguém Vai Dormir","All-Star Brasil: A Onda, Pt. 1","All Star Brasil;DjMallNoBeat",2018-03-02,227578,16,true,8jtopaclkzi6fkcxvnzy3t27q,2021-07-03T20:58:50Z,"hip hop brasileiro","Fábrica de Hits",0.832,0.57,4,-7.274,0,0.0565,0.167,0.0014,0.11,0.291,130.053,4
spotify:track:38OvZkMQKjU9XuwTUo0Jg7,"Total Sigilo","Total Sigilo","DjMallNoBeat;Dan Lellis",2018-09-28,255000,19,false,8jtopaclkzi6fkcxvnzy3t27q,2021-07-03T20:59:46Z,"hip hop brasileiro","Fábrica de Hits",0.884,0.491,3,-8.179,0,0.217,0.167,0,0.107,0.689,115.928,4
spotify:track:5UbDqyCWuRzJAQjxvMX5n3,"Interrogações","Interrogações","DjMallNoBeat",2018-08-07,246590,30,false,8jtopaclkzi6fkcxvnzy3t27q,2021-07-03T21:00:01Z,"hip hop brasileiro","Fábrica de Hits",0.809,0.309,1,-11.688,0,0.108,0.274,0.0000421,0.268,0.259,130.032,4
spotify:track:0FOSv9ZA5pdX3kOWgErjc9,"Grave","Grave","DjMallNoBeat",2018-06-29,212687,12,false,8jtopaclkzi6fkcxvnzy3t27q,2021-07-03T21:00:09Z,"hip hop brasileiro","Fábrica de Hits",0.854,0.437,4,-8.363,0,0.0723,0.0723,0.0000287,0.251,0.214,129.928,4
spotify:track:06yCxP0rdRb9fNvbJtPlYB,"Ainda Há Tempo","Ainda Há Tempo","Criolo",2016-05-06,318360,0,false,8jtopaclkzi6fkcxvnzy3t27q,2021-07-03T21:00:29Z,"hip hop brasileiro,samba,nova mpb,mpb","Oloko Records",0.695,0.8,6,-7.527,1,0.319,0.28,0,0.0708,0.483,81.941,4
spotify:track:4MojZ4nkM5YHCNxoyx5jXo,"All In","All In","Bonde da Stronda;Marinho 2v",2019-03-10,214857,11,false,8jtopaclkzi6fkcxvnzy3t27q,2021-07-03T21:00:35Z,"hip hop brasileiro","ZeroUM Records",0.82,0.435,1,-5.674,1,0.0567,0.324,0,0.115,0.0767,104.979,4
spotify:track:3U4isOIWM3VvDubwSI3y7a,"All of Me","Love In The Future (Expanded Edition)","John Legend",2013-08-30,269556,87,false,8jtopaclkzi6fkcxvnzy3t27q,2021-07-03T21:00:39Z,"o lado suave do pop,neo soul","G.O.O.D. Music/Columbia",0.422,0.264,8,-7.064,1,0.0322,0.922,0,0.132,0.331,119.93,4
spotify:track:0JiVRyTJcJnmlwCZ854K4p,"Alone","Alone","Alan Walker",2016-12-02,161200,64,false,8jtopaclkzi6fkcxvnzy3t27q,2021-07-03T21:00:50Z,"","Kreatell Music",0.676,0.929,10,-3.194,1,0.0458,0.186,0.000405,0.121,0.157,97.019,4
spotify:track:0bMbDctzMmTyK2j74j3nF3,"Alone, Pt. II","Alone, Pt. II","Alan Walker;Ava Max",2019-12-27,179052,71,false,8jtopaclkzi6fkcxvnzy3t27q,2021-07-03T21:00:57Z,"","Kreatell Music",0.67,0.668,3,-4.306,0,0.0422,0.536,0,0.133,0.608,88.033,4
spotify:track:1u5pPfVTrUHE3Y1uYLAo4Z,"Amei","Sensações","Péricles",2012-08-20,245266,0,false,8jtopaclkzi6fkcxvnzy3t27q,2021-07-03T21:01:26Z,"pagode,samba","Inovashow",0.401,0.674,4,-4.438,1,0.0396,0.5,0,0.953,0.32,136.123,4
spotify:track:6ScJMrlpiLfZUGtWp4QIVt,"A Milli","Tha Carter III","Lil Wayne",2008-06-10,221840,72,true,8jtopaclkzi6fkcxvnzy3t27q,2021-07-03T21:01:31Z,"rap,hip hop","CM/Republic",0.674,0.695,6,-8.636,0,0.278,0.0387,0.00202,0.194,0.773,151.486,4
spotify:track:10IhhMK2kwyTHIlAZD8rMw,"A Música Mais Triste do Ano","A Música Mais Triste do Ano","Luiz Lins;Mazili;Moral",2017-06-12,175000,64,false,8jtopaclkzi6fkcxvnzy3t27q,2021-07-03T21:01:38Z,"hip hop brasileiro,rap rock","PE SQUAD",0.52,0.274,10,-17.629,1,0.0605,0.616,0.000727,0.108,0.0956,82.539,3
spotify:track:1UvWx2hgpxlF7HPbwLSmIY,"Anjos (Pra quem tem fé)","Nunca Tem Fim (Standard)","O Rappa",2013-08-15,419520,74,false,8jtopaclkzi6fkcxvnzy3t27q,2021-07-03T21:01:43Z,"rock brasileiro,mpb,pop nacional,hip hop brasileiro,reggae","WM Brazil",0.604,0.82,10,-4.927,0,0.0401,0.144,0.000133,0.109,0.427,105.019,4
spotify:track:6jlT1zT7tKV8YUqJe08rfD,"A Praga","A Praga","Haikaiss",2016-06-30,192816,53,true,8jtopaclkzi6fkcxvnzy3t27q,2021-07-03T21:01:52Z,"hip hop brasileiro","Ésseponto Records",0.682,0.922,7,-2.771,1,0.355,0.341,0,0.209,0.644,123.833,4
spotify:track:1ZlLa0iUz0dzLaQMPa2J67,"A Rua","A Rua","Pacificadores;Hungria;Neguim Pacificadores",2017-10-10,261007,0,false,8jtopaclkzi6fkcxvnzy3t27q,2021-07-03T21:01:58Z,"hip hop brasileiro","Pacificadores",0.883,0.448,9,-13.372,0,0.177,0.529,0.0000577,0.0835,0.404,119.993,4
spotify:track:2BZx6pvXQpY8pExUmdkkm1,"Lembranças","Lembranças","Hungria",2016-09-02,270597,72,true,8jtopaclkzi6fkcxvnzy3t27q,2021-07-03T21:02:32Z,"hip hop brasileiro","Hungria Hip Hop",0.917,0.318,7,-10.255,0,0.32,0.359,0,0.0874,0.679,136.047,4
spotify:track:1E2R5JS5pHLLQowZ4xjpiB,"Provavelmente","Provavelmente","Hungria",2016-10-17,245504,0,false,8jtopaclkzi6fkcxvnzy3t27q,2021-07-03T21:02:36Z,"hip hop brasileiro","Hungria Hip Hop",0.897,0.424,5,-11.086,0,0.158,0.271,0,0.166,0.433,120.048,4
spotify:track:6waLZw9qNP36DtHFPeyTz6,"Coração de Aço","Coração de Aço","Hungria",2017-07-20,244141,71,true,8jtopaclkzi6fkcxvnzy3t27q,2021-07-03T21:02:42Z,"hip hop brasileiro","Hungria Hip Hop",0.803,0.325,9,-13.116,0,0.204,0.844,0,0.571,0.282,133.952,4
spotify:track:0eDFrr2qgbIPQSU9YQeAXM,"Não Troco","Não Troco","Hungria",2017-11-23,277400,67,false,8jtopaclkzi6fkcxvnzy3t27q,2021-07-03T21:02:49Z,"hip hop brasileiro","Hungria Hip Hop",0.777,0.192,8,-17.371,1,0.318,0.638,0,0.198,0.638,75.007,4
spotify:track:37LmF3FHmdMQErxJJUQaSd,"Beijo Com Trap","Beijo Com Trap","Hungria",2018-06-21,187882,62,false,8jtopaclkzi6fkcxvnzy3t27q,2021-07-03T21:03:07Z,"hip hop brasileiro","Hungria Hip Hop",0.903,0.42,10,-10.961,0,0.055,0.437,0.0000206,0.106,0.508,119.974,4
spotify:track:3g0KPXd30xVTmZEVf9P4FX,"Chovendo Inimigo","Chovendo Inimigo","Hungria",2018-11-30,160421,63,false,8jtopaclkzi6fkcxvnzy3t27q,2021-07-03T21:03:18Z,"hip hop brasileiro","Hungria Hip Hop",0.703,0.699,7,-4.666,1,0.192,0.178,0,0.415,0.279,94.955,4
spotify:track:3CgZi8DMUftJHK6WL2gKc1,"Um Pedido","Um Pedido","Hungria",2019-06-07,211985,71,false,8jtopaclkzi6fkcxvnzy3t27q,2021-07-03T21:03:27Z,"hip hop brasileiro","Hungria Hip Hop",0.836,0.544,5,-7.329,0,0.0592,0.327,0,0.135,0.322,140.027,4
spotify:track:5jNTC0NzhSvVQxTYWOzJAM,"Astronauta","Astronauta","Kweller;Léo Rocatto",2018-06-29,185142,11,true,8jtopaclkzi6fkcxvnzy3t27q,2021-07-03T21:03:47Z,"trap brasileiro,hip hop brasileiro","Kweller",0.82,0.437,4,-13.754,0,0.147,0.218,0,0.119,0.582,139.989,4
spotify:track:0e6ePgye47L0Q9slHJ1jnf,"Audi.","Audi.","Smokepurpp",2017-05-19,160000,0,true,8jtopaclkzi6fkcxvnzy3t27q,2021-07-03T21:03:54Z,"","Universal Music Group",0.792,0.487,7,-5.99,1,0.0557,0.0181,0,0.0995,0.194,122.963,4
spotify:track:4ePKbzLwkIBslceokt2iXZ,"I Am Defiant","I Am Defiant","The Seige",2018-04-23,248880,55,true,8jtopaclkzi6fkcxvnzy3t27q,2021-07-03T21:04:16Z,"","The Seige",0.477,0.859,6,-3.649,1,0.264,0.0932,0,0.71,0.504,125.044,4
spotify:track:61lnDG9beto9wSal5zbKWl,"Back Up","Duality","The Seige",2019-01-10,233328,38,true,8jtopaclkzi6fkcxvnzy3t27q,2021-07-03T21:04:34Z,"","The Seige",0.808,0.744,11,-7.074,1,0.22,0.0418,0.00025,0.0919,0.308,139.938,4
spotify:track:2Fxmhks0bxGSBdJ92vM42m,"bad guy","WHEN WE ALL FALL ASLEEP, WHERE DO WE GO?","Billie Eilish",2019-03-29,194087,84,false,8jtopaclkzi6fkcxvnzy3t27q,2021-07-03T21:05:35Z,"","Darkroom/Interscope Records",0.701,0.425,7,-10.965,1,0.375,0.328,0.13,0.1,0.562,135.128,4
spotify:track:4BxzNZpcm1j3JczZzGNe2k,"Bandoleros","The Fast And The Furious: Tokyo Drift (Original Motion Picture Soundtrack)","Don Omar;Tego Calderón",2006-06-20,305280,73,false,8jtopaclkzi6fkcxvnzy3t27q,2021-07-03T21:05:42Z,"reggaeton,urbano latino,hip hop latino","Universal (MT)",0.662,0.896,5,-5.311,0,0.251,0.318,0,0.186,0.79,90.622,4
spotify:track:5UTeu9B1XrkPBJRvuAxLJU,"BASS BOOMIN","HighDefGang Vol.1","ZaeHD & CEO",2019-04-20,138031,16,true,8jtopaclkzi6fkcxvnzy3t27q,2021-07-03T21:05:51Z,"","HighDef Gang",0.782,0.487,5,-7.851,1,0.434,0.0473,0,0.0981,0.354,126.751,3
spotify:track:7seSDB6TiLZarbicyDIjiQ,"Batphone","Tranquility Base Hotel & Casino","Arctic Monkeys",2018-05-11,271613,0,false,8jtopaclkzi6fkcxvnzy3t27q,2021-07-03T21:05:55Z,"indie,garage rock","Domino Recording Co",0.675,0.681,5,-5.728,0,0.0356,0.312,0,0.304,0.675,106.521,4
spotify:track:5lnsCyEKWofnC00U4Ax0ti,"Bitch Better Have My Money","Bitch Better Have My Money","Rihanna",2015-03-26,219305,1,true,8jtopaclkzi6fkcxvnzy3t27q,2021-07-03T21:06:03Z,"","Universal Music Group",0.781,0.728,1,-4.981,1,0.0621,0.0509,0.00000194,0.257,0.395,102.99,4
spotify:track:5pDUMdIiW0rNLzFryqpC9j,"Diamonds","Unapologetic","Rihanna",2012-12-11,225146,60,false,8jtopaclkzi6fkcxvnzy3t27q,2021-07-03T21:06:17Z,"","Def Jam Recordings",0.562,0.709,11,-4.92,0,0.0424,0.00124,0,0.109,0.401,91.958,4
spotify:track:5A6OHHy73AR5tLxgTc98zz,"Black and Yellow","Rolling Papers","Wiz Khalifa",2011-03-29,217666,81,true,8jtopaclkzi6fkcxvnzy3t27q,2021-07-03T21:06:26Z,"","Rostrum/Atlantic",0.684,0.834,2,-4.524,0,0.0675,0.0646,0,0.271,0.538,164.02,4
spotify:track:42KxOIhF6TIiQWb7hbA8I8,"Body Talk (Mamooth)","Body Talk (Mammoth)","MOGUAI;Dimitri Vegas & Like Mike;Like Mike;Julian Perretta",2014-07-17,207103,27,false,8jtopaclkzi6fkcxvnzy3t27q,2021-07-03T21:06:54Z,"big room,eletrônica,edm","MusicMasters Recordings",0.561,0.922,7,-4.748,1,0.295,0.00263,0.0000187,0.506,0.634,127.999,4
spotify:track:48PbzKIYWvutVC0PJdAWYf,"Burning","The Sound","Aero Chord;Bianca",2019-09-12,257142,20,false,8jtopaclkzi6fkcxvnzy3t27q,2021-07-03T21:07:07Z,"edm trap,dubstep","Monstercat",0.413,0.883,8,-4.134,1,0.077,0.0152,0.033,0.243,0.302,140.089,4
spotify:track:2XdblGYWcBnelh5Xq6yK3j,"Canão Foi Tão Bom","Sabotage","Sabotage;DBS Gordão Chefe;Negra Li;Lakers;Instituto;Ganjaman",2016-10-17,330799,0,true,8jtopaclkzi6fkcxvnzy3t27q,2021-07-03T21:07:15Z,"hip hop brasileiro,boom bap,pop nacional","Sabotage",0.664,0.679,11,-5.262,1,0.283,0.437,0,0.144,0.803,172.015,4
spotify:track:04aAxqtGp5pv12UXAg4pkq,"Centuries","American Beauty/American Psycho","Fall Out Boy",2015-01-16,228360,84,false,8jtopaclkzi6fkcxvnzy3t27q,2021-07-03T21:07:30Z,"emo,pop punk","Island Records",0.393,0.858,4,-2.868,0,0.0729,0.00359,0,0.102,0.56,176.042,4
spotify:track:4NGikVnR4wpcB79gZE7tgg,"Champagne Showers","Sorry For Party Rocking","LMFAO;Natalia Kills",2011-01-01,264093,57,false,8jtopaclkzi6fkcxvnzy3t27q,2021-07-03T21:07:35Z,"","Will I Am / A&M",0.597,0.839,7,-3.946,0,0.389,0.00105,0.00000115,0.617,0.412,129.942,4
spotify:track:1N8xmBWy10c2w1U8ZgPxtG,"Chapel","Chapel","Felmax",2016-11-17,201562,0,false,8jtopaclkzi6fkcxvnzy3t27q,2021-07-03T21:07:41Z,"riddim,dubstep,deathstep","Lowly Palace",0.601,0.956,2,-3.759,1,0.0349,0.000386,0.88,0.242,0.0389,127.994,4
spotify:track:1jk9c0gZI0wbn5GvAj7PBV,"Check","Barter 6","Young Thug",2015-04-16,230693,69,true,8jtopaclkzi6fkcxvnzy3t27q,2021-07-03T21:07:46Z,"rap,rap melódico,trap","300 Entertainment/Atl",0.667,0.581,0,-5.164,0,0.323,0.0428,0,0.183,0.368,110.953,4
spotify:track:7BKLCZ1jbUBVqRi2FVlTVw,"Closer","Closer","The Chainsmokers;Halsey",2016-07-29,244960,90,false,8jtopaclkzi6fkcxvnzy3t27q,2021-07-03T21:08:16Z,"","Disruptor Records/Columbia",0.748,0.524,8,-5.599,1,0.0338,0.414,0,0.111,0.661,95.01,4
spotify:track:5FYRDy9dLVi2uTa8httrVk,"Comeback Kid","For Crying Out Loud (Deluxe)","Kasabian",2017-05-05,260255,52,true,8jtopaclkzi6fkcxvnzy3t27q,2021-07-03T21:08:21Z,"britpop,indie,indie rock","Columbia",0.486,0.926,9,-3.864,0,0.0932,0.00301,0,0.0473,0.551,139.985,4
spotify:track:17arbOEI0m070vJ9ILOmAR,"Como ela vem (feat. Luccas Carlos, Xamã, PK e Orochi)","Como ela vem (feat. Luccas Carlos, Xamã, PK e Orochi)","Papatinho;Luccas Carlos;Orochi;Pk;Xamã",2019-01-31,223384,51,false,8jtopaclkzi6fkcxvnzy3t27q,2021-07-03T21:08:29Z,"hip hop brasileiro,trap brasileiro,pop nacional,trap funk,trap,funk","WM Brazil",0.809,0.51,10,-8.064,1,0.0779,0.692,0.00000153,0.133,0.645,129.958,4
spotify:track:4TbwJDJvt8HZtFXS4MFYl8,"Convoque Seu Buda","Convoque Seu Buda","Criolo",2014,231183,0,false,8jtopaclkzi6fkcxvnzy3t27q,2021-07-03T21:08:39Z,"hip hop brasileiro,samba,nova mpb,mpb","Oloko Records",0.563,0.661,11,-8.152,0,0.347,0.0411,0,0.395,0.71,81.258,4
spotify:track:0lMMvEVXz5DsegUjTJeecl,"Corre","Prin$","Chris MC;Pan Mikelan;FBC",2019-01-13,248135,0,false,8jtopaclkzi6fkcxvnzy3t27q,2021-07-03T21:08:47Z,"hip hop brasileiro,trap brasileiro,miami bass,boom bap","Pineapple StormTV",0.582,0.663,8,-7.036,0,0.55,0.531,0,0.13,0.361,87.932,3
spotify:track:5edBgVtRD0fvWk140Sl21T,"Counting Stars","Native","OneRepublic",2013-01-01,257266,2,false,8jtopaclkzi6fkcxvnzy3t27q,2021-07-03T21:08:51Z,"o lado suave do pop","Universal Music Group",0.662,0.71,1,-4.945,0,0.0364,0.0603,0,0.119,0.465,121.979,4
spotify:track:66TRwr5uJwPt15mfFkzhbi,"Crank That (Soulja Boy)","souljaboytellem.com","Soulja Boy",2007-01-01,221933,79,false,8jtopaclkzi6fkcxvnzy3t27q,2021-07-03T21:08:54Z,"","Collipark / Interscope",0.733,0.74,0,-2.18,1,0.0905,0.513,0,0.0468,0.799,140.2,4
spotify:track:3xgjZRsYdasNdaIalwXC1b,"Cristal","Muitas Vezes Mais... Vol. 1: Relicário","Família Madá",2017-04-07,165354,45,false,8jtopaclkzi6fkcxvnzy3t27q,2021-07-03T21:08:59Z,"hip hop brasileiro","Família Madá",0.702,0.676,10,-4.284,0,0.277,0.149,0,0.0949,0.428,74.981,4
spotify:track:5lJH3o6AFW9Aig1CdRdAF1,"Crossfire","Sincerely","Stephen",2016-05-10,270510,58,false,8jtopaclkzi6fkcxvnzy3t27q,2021-07-03T21:09:03Z,"","Halfway House",0.323,0.558,5,-5.292,0,0.337,0.459,0.00000281,0.676,0.199,73.552,4
spotify:track:2HpCtKUi83vSfCMdyOvjlp,"Curto Circuito","Dom De Sonhar","Mumuzinho",2012-01-01,194106,52,false,8jtopaclkzi6fkcxvnzy3t27q,2021-07-03T21:09:08Z,"pagode,samba","Universal Music Ltda.",0.713,0.651,7,-7.973,1,0.0603,0.722,0,0.0775,0.75,145.056,4
spotify:track:2srL4DYBekshpbprS6H0mO,"Deixe Me Ir - Acústico","Deixe Me Ir (Acústico)","1Kilo;Knust;Baviera",2017-03-17,213191,3,false,8jtopaclkzi6fkcxvnzy3t27q,2021-07-03T21:09:17Z,"hip hop brasileiro","1Kilo Rec",0.555,0.439,7,-11.026,1,0.222,0.841,0,0.106,0.705,186.581,4
spotify:track:5gInTGvfEUi29l5mqLgd1m,"DEUS E O DIABO NA TERRA DO SOL","Ladrão","Djonga;Filipe Ret",2019-03-13,387370,0,true,8jtopaclkzi6fkcxvnzy3t27q,2021-07-03T21:09:23Z,"hip hop brasileiro,boom bap,trap brasileiro,trap funk,trap","Ceia",0.718,0.542,0,-6.872,1,0.361,0.0247,0,0.173,0.415,153.982,4
spotify:track:2xcKtPdXaboMG4hUqKxZdu,"Dia de Caça","Dia de Caça","1Kilo;Pablo Martins;Buddy;Xamã;DoisP;Gabriel Sten;Chris MC;Knust",2017-04-09,317473,0,true,8jtopaclkzi6fkcxvnzy3t27q,2021-07-03T21:09:29Z,"hip hop brasileiro,trap brasileiro,trap funk,trap","1Kilo",0.668,0.623,7,-8.259,1,0.216,0.417,0,0.181,0.404,94.947,3
spotify:track:5FVd6KXrgO9B3JPmC8OPst,"Do I Wanna Know?","AM","Arctic Monkeys",2013-09-09,272394,89,false,8jtopaclkzi6fkcxvnzy3t27q,2021-07-03T21:09:41Z,"indie,garage rock","Domino Recording Co",0.548,0.532,5,-7.596,1,0.0323,0.186,0.000263,0.217,0.405,85.03,4
spotify:track:2V65y3PX4DkRhy1djlxd9p,"Don't You Worry Child - Radio Edit","Don't You Worry Child","Swedish House Mafia;John Martin",2012-09-14,212862,85,false,8jtopaclkzi6fkcxvnzy3t27q,2021-07-03T21:09:48Z,"edm","Pophouse Entertainment Group",0.612,0.84,11,-3.145,0,0.0509,0.112,0,0.116,0.438,129.042,4
spotify:track:2K87XMYnUMqLcX3zvtAF4G,"Drag Me Down","Made In The A.M. (Deluxe Edition)","One Direction",2015-11-13,192112,81,false,8jtopaclkzi6fkcxvnzy3t27q,2021-07-03T21:09:54Z,"","Syco Music",0.731,0.703,0,-5.672,0,0.0368,0.111,0,0.0657,0.595,138.111,4
spotify:track:1BuSbqff6EcL8gkdkjaB63,"Duro Igual Concreto","Duro Igual Concreto","1Kilo",2017-07-24,305844,56,false,8jtopaclkzi6fkcxvnzy3t27q,2021-07-03T21:09:58Z,"hip hop brasileiro","1Kilo",0.506,0.872,7,-6.827,0,0.3,0.229,0,0.183,0.597,114.982,4
spotify:track:1j4kHkkpqZRBwE0A4CN4Yv,"Dusk Till Dawn (feat. Sia) - Radio Edit","Dusk Till Dawn (feat. Sia) [Radio Edit]","ZAYN;Sia",2017-09-07,239000,73,false,8jtopaclkzi6fkcxvnzy3t27q,2021-07-03T21:10:02Z,"","RCA Records Label",0.259,0.437,11,-6.589,0,0.0386,0.102,0.00000132,0.106,0.0951,180.042,4
spotify:track:2P5Hd3ghYMY5PT9yR73gR3,"Energia Surreal - Ao Vivo","Só Vem! (ao Vivo) - Deluxe","Thiaguinho",2017-08-04,215129,51,false,8jtopaclkzi6fkcxvnzy3t27q,2021-07-03T21:10:11Z,"pagode,samba","Som Livre",0.512,0.871,2,-5.689,1,0.07,0.326,0,0.827,0.804,79.965,4
spotify:track:51ps6uorlcN8Q7jVJqIkuB,"Envolvidão","Diversoficando","Rael",2014-11-15,205720,4,false,8jtopaclkzi6fkcxvnzy3t27q,2021-07-03T21:10:16Z,"hip hop brasileiro,nova mpb","Laboratório Fantasma",0.693,0.773,8,-4.193,1,0.0985,0.7,0,0.0827,0.937,87.067,4
spotify:track:0W6Ni24D7QFnYEq17sG9uR,"Essa É pra Lembrar da Morena","Essa É pra Lembrar da Morena","Sadstation;Gustavo GN",2018-11-02,172872,23,false,8jtopaclkzi6fkcxvnzy3t27q,2021-07-03T21:10:21Z,"","Sadstation",0.66,0.536,8,-12.264,0,0.267,0.798,0,0.122,0.462,150.237,3
spotify:track:3hn7hzXAbrOjUXN8XNwy5M,"Estilo Vagabundo","Falcão - O Bagulho É Doido","MV Bill;Kmila",2006-01-01,300200,0,false,8jtopaclkzi6fkcxvnzy3t27q,2021-07-03T21:10:27Z,"hip hop brasileiro","Universal Music Ltda.",0.788,0.698,0,-3.949,1,0.408,0.278,0,0.73,0.662,89.982,4
spotify:track:7gHs73wELdeycvS48JfIos,"Faded","Faded","Alan Walker",2015-12-04,212626,75,false,8jtopaclkzi6fkcxvnzy3t27q,2021-07-03T21:10:34Z,"","Kreatell Music",0.589,0.651,6,-5.097,1,0.0306,0.0291,0.0000032,0.111,0.166,90.011,4
spotify:track:58QhkbaAkLFnn7JwAnAato,"Fall","Kamikaze","Eminem",2018-08-31,262493,64,true,8jtopaclkzi6fkcxvnzy3t27q,2021-07-03T21:10:42Z,"rap,hip hop","Eminem Catalog PS",0.83,0.546,1,-5.716,1,0.295,0.227,0,0.112,0.535,182.973,4
spotify:track:4TnjEaWOeW0eKTKIEvJyCa,"Falling","Falling","Trevor Daniel",2018-10-05,159381,3,false,8jtopaclkzi6fkcxvnzy3t27q,2021-07-03T21:10:46Z,"","Alamo Records",0.785,0.431,10,-8.756,0,0.0364,0.123,0,0.0887,0.236,127.085,4
spotify:track:3cvKOM4MNrGaXmeTw3XdNN,"Favela Vive 3","Favela Vive 3","ADL;Choice;Negra Li;Djonga;Menor do Chapa",2018-08-10,499570,0,true,8jtopaclkzi6fkcxvnzy3t27q,2021-07-03T21:11:17Z,"hip hop brasileiro,boom bap,pop nacional,trap brasileiro,funk consciente,funk,funk carioca,funk melody","ADL",0.704,0.567,11,-9.012,0,0.433,0.341,0,0.11,0.598,82.69,4
spotify:track:0oXfmsgksiR6LKvsBwI4oY,"Fever","Fever","Yves V;Skytech;Fafaq",2016-03-25,165000,21,false,8jtopaclkzi6fkcxvnzy3t27q,2021-07-03T21:11:29Z,"slap house,big room,edm","Doorn Records",0.589,0.957,5,-3.299,0,0.0376,0.0085,0.0626,0.169,0.151,127.964,4
spotify:track:4LNreuDvq2pP6vpt9doPuY,"Filho do Fim do Mundo","Filho do Fim do Mundo","BK;El Lif Beatz",2016-12-29,191836,0,true,8jtopaclkzi6fkcxvnzy3t27q,2021-07-03T21:11:34Z,"hip hop brasileiro,boom bap,trap brasileiro","Pirâmide Perdida Records",0.538,0.448,10,-8.142,0,0.347,0.116,0.0163,0.117,0.271,171.803,3
spotify:track:0kbGh7DRY6rf4xRZI0IYie,"Fim (Lado A)","O Inferno do Cachorro Magro","Cachorro Magro",2015-03-13,276880,0,false,8jtopaclkzi6fkcxvnzy3t27q,2021-07-03T21:11:38Z,"hip hop brasileiro","Buuum Powered By Skol Music",0.472,0.656,9,-5.483,0,0.153,0.261,0,0.625,0.413,120.187,4
spotify:track:61owCysJTu0HlCDFSASYJw,"Final De Tarde","Nos Arcos da Lapa","Péricles",2013-11-18,237440,64,false,8jtopaclkzi6fkcxvnzy3t27q,2021-07-03T21:11:42Z,"pagode,samba","Inovashow",0.586,0.554,0,-6.907,1,0.0332,0.597,0,0.695,0.731,155.945,4
spotify:track:2hJWZvTw4QVBwC14ZNs1Ib,"Flex Like Ouu","Lil Pump","Lil Pump",2017-10-06,108213,46,true,8jtopaclkzi6fkcxvnzy3t27q,2021-07-03T21:11:51Z,"","Warner Records",0.858,0.435,6,-11.286,1,0.0661,0.189,0,0.0925,0.704,141.993,4
spotify:track:1bJCIzuFCb8jPqmaCEQaHM,"Fulminante","Fala Meu Nome Aí","Mumuzinho",2015-03-06,203906,66,false,8jtopaclkzi6fkcxvnzy3t27q,2021-07-03T21:11:58Z,"pagode,samba","Universal Music Ltda.",0.654,0.711,1,-7.554,0,0.043,0.41,0,0.289,0.712,152.056,4
spotify:track:7lQWRAjyhTpCWFC0jmclT4,"Gangsta's Paradise","Gangsta's Paradise","Coolio;L.V.",1995-11-07,240693,9,false,8jtopaclkzi6fkcxvnzy3t27q,2021-07-03T21:12:04Z,"west coast hip hop,g-funk","Tommy Boy Music, LLC",0.647,0.514,8,-10.05,1,0.0593,0.0655,0,0.398,0.387,79.974,4
spotify:track:53ETzLQQKFCzykRbqWb1ph,"Gimme That","Chris Brown (Expanded Edition)","Chris Brown",2005,186826,72,false,8jtopaclkzi6fkcxvnzy3t27q,2021-07-03T21:12:19Z,"r&b","Jive",0.678,0.572,11,-7.033,0,0.0466,0.00374,0.0000659,0.118,0.444,87.165,4
spotify:track:5yDL13y5giogKs2fSNf7sj,"Glad You Came","Battleground (Deluxe Edition)","The Wanted",2011-01-01,197935,80,false,8jtopaclkzi6fkcxvnzy3t27q,2021-07-03T21:12:27Z,"","Universal-Island Records Ltd.",0.722,0.851,7,-3.873,0,0.0639,0.0319,0,0.108,0.452,126.885,4
spotify:track:7FIWs0pqAYbP91WWM0vlTQ,"Godzilla (feat. Juice WRLD)","Music To Be Murdered By","Eminem;Juice WRLD",2020-01-17,210800,83,true,8jtopaclkzi6fkcxvnzy3t27q,2021-07-03T21:12:42Z,"rap,hip hop,rap melódico,rap emo","Shady/Aftermath/Interscope Records",0.808,0.745,10,-5.26,0,0.342,0.145,0,0.292,0.829,165.995,4
spotify:track:43ZyHQITOjhciSUUNPVRHc,"Gucci Gang","Lil Pump","Lil Pump",2017-10-06,124055,61,true,8jtopaclkzi6fkcxvnzy3t27q,2021-07-03T21:12:55Z,"","Warner Records",0.936,0.523,5,-6.71,1,0.0597,0.239,0,0.117,0.699,119.889,4
spotify:track:4RXpgGM7A4Hg7cFBoH5KyF,"Hey Brother","True","Avicii",2013-09-13,255093,6,false,8jtopaclkzi6fkcxvnzy3t27q,2021-07-03T21:13:23Z,"edm","Universal Music AB",0.545,0.78,7,-4.867,0,0.0436,0.0309,0.0000464,0.0828,0.458,125.014,4
spotify:track:2C9LPYpH9YUgROQDHfRXrU,"Hoje Cedo","O Glorioso Retorno de Quem Nunca Esteve Aqui","Emicida;Pitty",2013,194194,58,false,8jtopaclkzi6fkcxvnzy3t27q,2021-07-03T21:13:28Z,"hip hop brasileiro,nova mpb,rock brasileiro,mpb,pop nacional","Laboratório Fantasma",0.726,0.822,8,-5.08,1,0.319,0.0369,0,0.169,0.537,80.918,4
spotify:track:65wLNgku2IZUjKjc2MNGjX,"Hola","Climaxxx","Dalex",2019-05-10,225000,56,false,8jtopaclkzi6fkcxvnzy3t27q,2021-07-03T21:13:34Z,"reggaeton","Rich Music/Ingrooves Records",0.566,0.539,0,-7.798,0,0.311,0.605,0.0000101,0.112,0.461,91.021,4
spotify:track:19gEmPjfqSZT0ulDRfjl0m,"Hot N*gga","Hot N*gga","Bobby Shmurda",2014-07-25,194561,73,true,8jtopaclkzi6fkcxvnzy3t27q,2021-07-03T21:13:39Z,"","Epic/GS9",0.794,0.51,9,-7.314,1,0.42,0.0505,0.00000181,0.0562,0.18,167.879,4
spotify:track:3erAiWBiKsbVG39cqCrsI0,"Human","Human","Rag'n'Bone Man",2016-07-21,199413,1,false,8jtopaclkzi6fkcxvnzy3t27q,2021-07-03T21:13:44Z,"","Best Laid Plans/Columbia",0.643,0.698,11,-4.094,1,0.276,0.414,0,0.169,0.556,75.073,4
spotify:track:6Tsu3OsuMz4KEGKbOYd6A0,"Hypnotize - 2007 Remaster","Greatest Hits","The Notorious B.I.G.",2007-03-02,230000,73,true,8jtopaclkzi6fkcxvnzy3t27q,2021-07-03T21:13:53Z,"hip hop old school,gangster rap,east coast hip hop,hip hop","Bad Boy Records",0.895,0.694,9,-4.384,1,0.275,0.176,0,0.292,0.632,93.944,4
spotify:track:41oWiFvBdeS6srKVl20hmt,"I'd Love To Change The World - Matstubs Remix","I'd Love To Change The World (Matstubs Remix)","Jetta;Matstubs",2015-12-18,189973,1,false,8jtopaclkzi6fkcxvnzy3t27q,2021-07-03T21:14:00Z,"","Universal Music Group",0.422,0.81,4,-5.154,0,0.144,0.0809,0.00775,0.0648,0.192,139.986,4
spotify:track:3NdDpSvN911VPGivFlV5d0,"I Don’t Wanna Live Forever (Fifty Shades Darker)","I Don’t Wanna Live Forever (Fifty Shades Darker)","ZAYN;Taylor Swift",2016-12-09,245200,1,false,8jtopaclkzi6fkcxvnzy3t27q,2021-07-03T21:14:06Z,"","Universal Music Group",0.735,0.451,0,-8.374,1,0.0585,0.0631,0.000013,0.325,0.0862,117.973,4
spotify:track:4jIiJlkuGVtf71eT7nnPZ9,"Imprevisível","Imprevisível","Tribo da Periferia",2018-04-06,241343,1,true,8jtopaclkzi6fkcxvnzy3t27q,2021-07-03T21:14:11Z,"hip hop brasileiro","5º Último",0.692,0.408,7,-8.02,0,0.0693,0.559,0,0.11,0.329,144.005,4
spotify:track:0E9ZjEAyAwOXZ7wJC0PD33,"In My Mind","In My Mind","Dynoro;Gigi D'Agostino",2018-06-08,184560,80,false,8jtopaclkzi6fkcxvnzy3t27q,2021-07-03T21:14:20Z,"italo dance,eurodance","Columbia/B1 Recordings",0.694,0.77,6,-5.335,1,0.149,0.176,0.000011,0.118,0.163,125.905,4
spotify:track:6LQQGxRzNLsWQtwgLe5fAm,"Insegurança - Ao Vivo","15 Anos (Ao Vivo)","Pixote",2007-10-01,180853,73,false,8jtopaclkzi6fkcxvnzy3t27q,2021-07-03T21:14:26Z,"pagode,samba","Atração",0.442,0.806,10,-5.79,1,0.125,0.58,0,0.78,0.591,149.427,4
spotify:track:5tXCATISUjfPeRCopXuzU1,"Insônia","3º Ultimo","Tribo da Periferia",2014-07-07,288209,0,false,8jtopaclkzi6fkcxvnzy3t27q,2021-07-03T21:14:31Z,"hip hop brasileiro","INDUSTRIA KAMIKA-Z",0.823,0.313,2,-11.598,0,0.154,0.359,0,0.0639,0.457,143.979,4
spotify:track:60a0Rd6pjrkxjPbaKzXjfq,"In the End","Hybrid Theory (Bonus Edition)","Linkin Park",2000-10-24,216880,91,false,8jtopaclkzi6fkcxvnzy3t27q,2021-07-03T21:14:40Z,"nu metal,rap metal,rock,metal alternativo","Warner Records",0.556,0.864,3,-5.87,0,0.0584,0.00958,0,0.209,0.4,105.143,4
spotify:track:0Vc3nfRMdvY5iX6AHVWSMN,"It's All on U (T-Mass & LZRD Remix)","Ashes (Remixes)","ILLENIUM;Liam O'Donnell;T-Mass;LZRD",2016-12-16,204778,0,false,8jtopaclkzi6fkcxvnzy3t27q,2021-07-03T21:14:52Z,"melodic bass,future bass,edm,edm trap,chillstep","Seeking Blue",0.536,0.784,7,-4.139,0,0.0485,0.039,0.0000389,0.0691,0.41,154.924,4
spotify:track:0fXTcou0FQxSGksz3phLfT,"It's Strange (feat. K.Flay)","It's Strange (feat. K.Flay)","Louis The Child;K.Flay",2015-09-09,245581,0,false,8jtopaclkzi6fkcxvnzy3t27q,2021-07-03T21:14:56Z,"","Next Wave Records",0.837,0.492,0,-7.792,1,0.354,0.371,0.0401,0.102,0.417,85.951,4
spotify:track:1RbmQY9DbIy0RqWFs04FOX,"I Will Return","Furious 7: Original Motion Picture Soundtrack","Skylar Grey",2015-03-17,236440,45,false,8jtopaclkzi6fkcxvnzy3t27q,2021-07-03T21:14:59Z,"","Atlantic Records",0.542,0.646,0,-7.533,1,0.0343,0.17,0.00000476,0.151,0.0549,124.928,4
spotify:track:0YMFDuHjR0r2qvhXygLBPZ,"Johnnie Walker","Trip","Maquiny;Orochi",2018-11-01,249940,40,true,8jtopaclkzi6fkcxvnzy3t27q,2021-07-03T21:15:08Z,"hip hop brasileiro,trap brasileiro,trap funk,trap","Deckdisc",0.72,0.68,1,-7.031,1,0.138,0.599,0,0.106,0.356,122.952,4
spotify:track:61DpiQz5Jli2KNwJZn6s4r,"Jordan","Jordan","Kawe;JayA Luuck;Original Quality",2019-12-13,190153,44,false,8jtopaclkzi6fkcxvnzy3t27q,2021-07-03T21:15:18Z,"trap brasileiro,hip hop brasileiro,trap funk,trap","OQProduções",0.749,0.632,2,-6.665,1,0.212,0.305,0,0.196,0.278,129.94,4
spotify:track:0kTzuVnjYBag7rcK3s8tEm,"JUNHO DE 94","O MENINO QUE QUERIA SER DEUS","Djonga",2018-03-16,329008,0,true,8jtopaclkzi6fkcxvnzy3t27q,2021-07-03T21:15:23Z,"hip hop brasileiro,boom bap,trap brasileiro","Ceia Ent.",0.557,0.736,8,-4.057,1,0.43,0.254,0,0.616,0.349,81.911,4
spotify:track:0JSux25Te5HYMSr2D64d02,"Levanta e Anda","O Glorioso Retorno de Quem Nunca Esteve Aqui","Emicida;Rael",2013,150439,58,false,8jtopaclkzi6fkcxvnzy3t27q,2021-07-03T21:15:40Z,"hip hop brasileiro,nova mpb","Laboratório Fantasma",0.488,0.931,9,-4.185,1,0.327,0.0907,0,0.446,0.823,87.33,4
spotify:track:5Z01UMMf7V1o0MzF86s6WJ,"Lose Yourself","Curtain Call: The Hits (Deluxe Edition)","Eminem",2005-12-06,326466,81,true,8jtopaclkzi6fkcxvnzy3t27q,2021-07-03T21:15:59Z,"rap,hip hop","Eminem Catalog PS",0.692,0.744,2,-4.565,1,0.257,0.00868,0.000423,0.359,0.0612,171.374,4
spotify:track:3CvRHWTTER3tsaLPAL2Yxv,"Love Me Again","Tribute (Deluxe)","John Newman",2014-01-01,239894,0,false,8jtopaclkzi6fkcxvnzy3t27q,2021-07-03T21:16:04Z,"","Universal Music Group",0.5,0.891,2,-4.703,0,0.0433,0.00485,0.000204,0.0969,0.227,126.024,4
spotify:track:4XWqtUGPkxV5Dqy2X1tpkH,"Love on Fire","Love on Fire","Zombic",2020-02-04,165512,6,false,8jtopaclkzi6fkcxvnzy3t27q,2021-07-03T21:16:09Z,"hyper techno","FHC Group by Future House Cloud",0.692,0.821,0,-7.12,1,0.0741,0.0101,0.0151,0.816,0.107,127.94,4
spotify:track:4rHZZAmHpZrA3iH5zx8frV,"Mirrors","The 20/20 Experience (Deluxe Version)","Justin Timberlake",2013-03-15,485598,87,false,8jtopaclkzi6fkcxvnzy3t27q,2021-07-03T21:16:42Z,"","RCA Records Label",0.574,0.512,5,-6.664,0,0.0503,0.234,0,0.0946,0.512,76.899,4
spotify:track:7HiSWKjfOopdWeiFrZTCMQ,"Monstros","Monstros","LetoDie",2017-09-26,237238,0,true,8jtopaclkzi6fkcxvnzy3t27q,2021-07-03T21:16:54Z,"hip hop brasileiro","LetoDie",0.588,0.282,4,-17.047,0,0.0905,0.531,0,0.0597,0.0929,82.263,4
spotify:track:2E43WFS4rRc09za2r2GmZl,"My Songs Know What You Did In The Dark (Light Em Up)","Save Rock And Roll","Fall Out Boy",2013-04-12,186826,79,false,8jtopaclkzi6fkcxvnzy3t27q,2021-07-03T21:17:07Z,"emo,pop punk","Island Records",0.557,0.924,9,-4.341,0,0.064,0.0271,0.00000332,0.537,0.566,151.988,4
spotify:track:7DOh0tBGnyMt6C5OO7o8Yq,"Nada","Error 93","Cazzu;Lyanno;Rauw Alejandro;Dalex",2019-06-03,305113,73,true,8jtopaclkzi6fkcxvnzy3t27q,2021-07-03T21:17:13Z,"trap argentino,trap latino,turreo,reggaeton,urbano latino,latino","Rimas Entertainment LLC",0.898,0.543,6,-8.317,0,0.121,0.343,0.000623,0.338,0.359,98.992,4
spotify:track:5LIleJbUUgtvYnBW9wfY1W,"Na Na","Trigga Reloaded","Trey Songz",2015-06-23,231906,66,false,8jtopaclkzi6fkcxvnzy3t27q,2021-07-03T21:17:18Z,"r&b","Songbook/Atlantic",0.67,0.476,9,-6.253,0,0.0406,0.328,0,0.104,0.235,96.975,4
spotify:track:11Y1IGMIThaxu4ijcXRNYs,"Nem de Graça","Nem de Graça","Pixote",2018-06-12,172202,64,false,8jtopaclkzi6fkcxvnzy3t27q,2021-07-03T21:17:36Z,"pagode,samba","GR Shows",0.706,0.811,7,-5.26,0,0.049,0.336,0,0.241,0.928,163.943,4
spotify:track:34oWbFBfGEElvgO0a5c9V4,"No Flockin'","No Flockin'","Kodak Black",2015-11-13,165290,80,true,8jtopaclkzi6fkcxvnzy3t27q,2021-07-03T21:17:51Z,"","P2015",0.943,0.595,5,-8.372,0,0.191,0.0673,0,0.0839,0.815,117.532,4
spotify:track:0v9Wz8o0BT8DU38R4ddjeH,"No Problem (feat. Lil Wayne & 2 Chainz)","Coloring Book","Chance the Rapper;Lil Wayne;2 Chainz",2016-05-27,304606,67,true,8jtopaclkzi6fkcxvnzy3t27q,2021-07-03T21:18:01Z,"rap,hip hop,southern hip hop","Chance the Rapper",0.652,0.795,11,-5.192,0,0.174,0.156,0,0.123,0.788,135.018,4
spotify:track:4hEl2wrneFEJbJ6SDYWd2f,"Not Afraid","Recovery","Eminem",2010-06-18,248133,9,true,8jtopaclkzi6fkcxvnzy3t27q,2021-07-03T21:18:07Z,"rap,hip hop","Universal Music Group",0.854,0.954,0,-1.185,0,0.246,0.543,0,0.201,0.67,114.609,5
spotify:track:1fw2Vhs8D8sOYAswEEMi9N,"Nothing To Lose (feat. Terrence Howard & Jussie Smollett)","Empire: The Complete Season 1","Empire Cast;Terrence Howard;Jussie Smollett",2015-09-11,180746,38,false,8jtopaclkzi6fkcxvnzy3t27q,2021-07-03T21:18:14Z,"","Columbia",0.523,0.437,0,-6.849,0,0.079,0.781,0,0.294,0.555,112.536,4
spotify:track:2nLtzopw4rPReszdYBJU6h,"Numb","Meteora","Linkin Park",2003-03-25,187520,90,false,8jtopaclkzi6fkcxvnzy3t27q,2021-07-03T21:18:26Z,"nu metal,rap metal,rock,metal alternativo","Warner Records",0.488,0.87,6,-4.185,0,0.0421,0.00353,0,0.484,0.211,110.072,4
spotify:track:3jEPu6FD1icy9cLllhB2XK,"Omen - Radio Edit","Omen (Radio Edit)","Disclosure;Sam Smith",2015-07-27,196817,4,false,8jtopaclkzi6fkcxvnzy3t27q,2021-07-03T21:18:41Z,"house,o lado suave do pop","Universal Music Group",0.646,0.787,5,-4.817,0,0.174,0.103,0,0.373,0.675,106.071,4
spotify:track:4nz8f1Mm874xwNCYJp8myJ,"On Point","On Point","KSI",2018-08-17,250434,0,true,8jtopaclkzi6fkcxvnzy3t27q,2021-07-03T21:19:16Z,"","KSIOlajidebt LTD",0.763,0.708,11,-7.253,1,0.26,0.472,0,0.114,0.308,138,4
spotify:track:6jXYvpTessgV9SaesRRDj8,"O Que Que Tem?","O Que Que Tem?","Maquiny;Azevedo;Orochi",2017-07-29,258000,42,true,8jtopaclkzi6fkcxvnzy3t27q,2021-07-03T21:19:26Z,"hip hop brasileiro,trap brasileiro,trap funk,trap","ModestiaParte",0.501,0.688,6,-4.71,0,0.165,0.00347,0,0.112,0.338,119.863,4
spotify:track:7MmG8p0F9N3C4AXdK6o6Eb,"Outside (feat. Ellie Goulding)","Motion","Calvin Harris;Ellie Goulding",2014-10-31,227266,89,false,8jtopaclkzi6fkcxvnzy3t27q,2021-07-03T21:19:33Z,"edm","Columbia",0.646,0.823,2,-4.123,0,0.0394,0.213,0,0.322,0.418,128.035,4
spotify:track:6YUTL4dYpB9xZO5qExPf05,"Summer","Motion","Calvin Harris",2014-10-31,222533,88,false,8jtopaclkzi6fkcxvnzy3t27q,2021-07-03T21:19:53Z,"edm","Columbia",0.596,0.856,4,-3.556,0,0.0346,0.0211,0.0178,0.141,0.743,127.949,4
spotify:track:1gihuPhrLraKYrJMAEONyc,"Feel So Close - Radio Edit","18 Months","Calvin Harris",2012-10-29,206413,88,false,8jtopaclkzi6fkcxvnzy3t27q,2021-07-03T21:20:44Z,"edm","Columbia",0.707,0.924,7,-2.842,1,0.031,0.000972,0.00703,0.204,0.919,127.937,4
spotify:track:0IKK48xF4eEdfofyaeKWWO,"PILLOWTALK","PILLOWTALK","ZAYN",2016-01-29,203686,65,true,8jtopaclkzi6fkcxvnzy3t27q,2021-07-03T21:21:36Z,"","RCA Records Label",0.588,0.702,11,-4.271,1,0.0496,0.104,0,0.089,0.429,124.909,4
spotify:track:6eR4fxIDF9G5Kj0zyQia7U,"Polaroids and Dirty Dances","Polaroids and Dirty Dances","Juicy M;HIDDN;KEPLER",2017-12-01,171124,0,false,8jtopaclkzi6fkcxvnzy3t27q,2021-07-03T21:21:58Z,"","Trap City",0.577,0.892,5,-4.737,1,0.0493,0.0833,0,0.438,0.354,139.933,4
spotify:track:3gbBpTdY8lnQwqxNCcf795,"Pompeii","Bad Blood","Bastille",2013-01-01,214147,75,false,8jtopaclkzi6fkcxvnzy3t27q,2021-07-03T21:22:02Z,"","EMI (Virgin)",0.679,0.715,9,-6.383,1,0.0407,0.0755,0,0.271,0.571,127.435,4
spotify:track:7CBXOtoApJdYHBQo1tkXYy,"PQTNV","PQTNV","Konai;Kweller",2018-01-19,169900,36,false,8jtopaclkzi6fkcxvnzy3t27q,2021-07-03T21:22:12Z,"hip hop brasileiro,trap brasileiro","Dmusic",0.699,0.306,5,-13.506,0,0.0355,0.401,0.0931,0.143,0.191,105.098,4
spotify:track:2ciZnhgYv1RlR4PlV4ZOa1,"Qq6q","Qq6q","Kweller",2018-04-01,126249,12,true,8jtopaclkzi6fkcxvnzy3t27q,2021-07-03T21:22:22Z,"trap brasileiro,hip hop brasileiro","Kweller",0.836,0.455,9,-15.429,0,0.0761,0.141,0.000313,0.0998,0.518,137.038,4
spotify:track:21nFIDqoD1L7ELsprVSzOR,"Rack City","Careless World: Rise Of The Last King","Tyga",2012-01-01,203200,1,true,8jtopaclkzi6fkcxvnzy3t27q,2021-07-03T21:22:29Z,"","Cash Money Records/Motown Records",0.929,0.339,1,-10.881,1,0.371,0.0373,0.0000196,0.187,0.273,98.986,4
spotify:track:3zWt9okKsOFDjMl8tku0cA,"Rap É Compromisso","Rap É Compromisso (Edição Comemorativa)","Sabotage;Negra Li",2014-11-20,263986,0,false,8jtopaclkzi6fkcxvnzy3t27q,2021-07-03T21:22:34Z,"hip hop brasileiro,boom bap,pop nacional","Sabotage",0.869,0.712,2,-8.383,1,0.365,0.204,0,0.291,0.817,87.216,4
spotify:track:0pn8eHCvZsBAF9Y9wfv4rt,"Really Got It","Never How You Plan","JERREAU",2016-04-08,187601,49,true,8jtopaclkzi6fkcxvnzy3t27q,2021-07-03T21:22:46Z,"","The Greater Than Club",0.714,0.967,11,-4.757,0,0.442,0.294,0,0.744,0.7,148.527,4
spotify:track:10I3CmmwT0BkOVhduDy53o,"Really Really","Islah (Deluxe)","Kevin Gates",2016-01-29,232093,74,true,8jtopaclkzi6fkcxvnzy3t27q,2021-07-03T21:22:50Z,"","Bread Winners' Association/Atlantic",0.762,0.666,0,-6.055,1,0.0916,0.00427,0,0.127,0.278,118.97,4
spotify:track:6mNMp0g3zkg1K7uBpn07zl,"Red Lips (feat. Sam Bruno) - Skrillex Remix","Red Lips (feat. Sam Bruno) [Skrillex Remix]","Good Times Ahead;Sam Bruno;Skrillex",2015-11-30,223448,56,false,8jtopaclkzi6fkcxvnzy3t27q,2021-07-03T21:23:00Z,"dubstep,edm,electro,eletronic","OWSLA/Atlantic",0.528,0.983,8,-3.133,1,0.146,0.000518,0.000324,0.18,0.141,144.981,4
spotify:track:5AsB27TnORzXZHAmeolmzk,"Relicário","Relicário","Menestrel",2017-05-15,191933,0,true,8jtopaclkzi6fkcxvnzy3t27q,2021-07-03T21:23:04Z,"hip hop brasileiro,trap brasileiro,boom bap","Menestrel",0.77,0.677,7,-7.275,1,0.11,0.597,0.000174,0.328,0.503,85.99,4
spotify:track:5yVK0yIimJJDiFkFSTgQSd,"Respeito É pra Quem Tem","Rap É Compromisso (Edição Comemorativa)","Sabotage;DBS Gordão Chefe;RZO",2014-11-20,329920,0,false,8jtopaclkzi6fkcxvnzy3t27q,2021-07-03T21:23:12Z,"hip hop brasileiro,boom bap","Sabotage",0.898,0.551,9,-7.482,0,0.359,0.044,0,0.206,0.716,84.603,4
spotify:track:4rIcm4w3ZfRCcSPUJI1yR4,"Rest in Love","Rest in Love","Nous Nizzy",2019-04-05,196689,0,false,8jtopaclkzi6fkcxvnzy3t27q,2021-07-03T21:23:15Z,"","Diskover Co.",0.726,0.478,4,-5.7,1,0.052,0.577,0,0.0849,0.405,126.827,4
spotify:track:1tiC8QJASx6lGHBMEpFawS,"Right Now","Right Now","Fabian Mazur;Luude",2016-07-18,180428,0,false,8jtopaclkzi6fkcxvnzy3t27q,2021-07-03T21:23:28Z,"edm trap,future bass,drum and bass","Trap Nation",0.608,0.758,8,-6.202,0,0.0552,0.144,0,0.328,0.383,140.031,4
spotify:track:1dYw8HTRJnFpeEeMtXj99a,"ROADS UNTRAVELED","LIVING THINGS","Linkin Park",2012-06-19,229933,70,false,8jtopaclkzi6fkcxvnzy3t27q,2021-07-03T21:23:55Z,"nu metal,rap metal,rock,metal alternativo","Warner Records",0.599,0.788,8,-6.25,0,0.0294,0.263,0.00525,0.155,0.581,100.001,3
spotify:track:0pSBuHjILhNEo55xK1zrRt,"Rolex","Rolex","Ayo & Teo",2017-03-15,238586,71,false,8jtopaclkzi6fkcxvnzy3t27q,2021-07-03T21:24:07Z,"","Columbia",0.804,0.886,1,-2.512,1,0.04,0.0837,0,0.266,0.789,144.946,4
spotify:track:3yvZ1VUso9Xi7EvIyLaj4o,"Royals","Pure Heroine","Lorde",2013-01-01,190185,2,false,8jtopaclkzi6fkcxvnzy3t27q,2021-07-03T21:24:24Z,"","Universal Music Group",0.636,0.436,7,-9.524,1,0.139,0.112,0,0.135,0.331,84.804,4
spotify:track:4ESPuOrSsRcBISzcMlzmY5,"Sad (feat. Afrojack)","Sad (feat. Afrojack)","Chico Rose;AFROJACK",2019-08-30,161280,58,false,8jtopaclkzi6fkcxvnzy3t27q,2021-07-03T21:24:31Z,"slap house,edm,big room","Spinnin' Records",0.717,0.716,3,-5.485,0,0.0432,0.0421,0.000467,0.0699,0.206,125.064,4
spotify:track:5xhQChGGhKLWqBqX4XhtYE,"Sail","Megalithic Symphony Deluxe","AWOLNATION",2011,259102,6,false,8jtopaclkzi6fkcxvnzy3t27q,2021-07-03T21:24:35Z,"","Red Bull Records",0.825,0.435,1,-9.582,1,0.0568,0.452,0.609,0.0953,0.243,119.038,4
spotify:track:3upTRzMBp7rRw7Paxq2G9W,"Sensual Girl","Sensual Girl","Mc Davi;Costa Gold",2017-04-29,223738,0,false,8jtopaclkzi6fkcxvnzy3t27q,2021-07-03T21:24:45Z,"funk,funk consciente,trap funk,hip hop brasileiro,trap brasileiro,boom bap","GR6 MUSIC",0.809,0.399,1,-10.484,1,0.247,0.247,0,0.12,0.383,122.9,4
spotify:track:3ctoHckjyd13eBi2IDw2Ip,"Seven Nation Army","Elephant","The White Stripes",2003-04-01,231800,4,false,8jtopaclkzi6fkcxvnzy3t27q,2021-07-03T21:24:50Z,"garage rock,blues rock,rock,rock alternativo","",0.75,0.462,0,-7.664,1,0.0779,0.00576,0.545,0.307,0.309,123.865,4
spotify:track:1jKv2VBMGnhPDsnZQoaq1j,"Sexta-Feira","Sexta-Feira","Dan Lellis;Pacificadores",2016-12-01,188853,0,false,8jtopaclkzi6fkcxvnzy3t27q,2021-07-03T21:24:55Z,"hip hop brasileiro","Dan Lellis Feat Pacificadores",0.797,0.295,1,-13.334,0,0.0588,0.371,0.000227,0.0942,0.403,138,4
spotify:track:70Vdd1gx5tn84jkAU31ASv,"Sexy And I Know It","Sorry For Party Rocking","LMFAO",2011-01-01,199480,74,false,8jtopaclkzi6fkcxvnzy3t27q,2021-07-03T21:25:00Z,"","Will I Am / A&M",0.708,0.861,7,-4.225,1,0.316,0.1,0,0.191,0.795,130.043,4
spotify:track:1f3yAtsJtY87CTmM8RLnxf,"Smells Like Teen Spirit","Nevermind (Deluxe Edition)","Nirvana",1991-09-26,301920,13,false,8jtopaclkzi6fkcxvnzy3t27q,2021-07-03T21:25:07Z,"grunge,rock","Geffen",0.502,0.912,1,-4.556,1,0.0564,0.0000255,0.000173,0.106,0.72,116.761,4
spotify:track:76iGl4eTKT08bjC3NGF9I0,"Somewhere to Run - Lost Kings Nu Disco Remix","Somewhere to Run - Lost Kings (Remixes)","Krewella;Lost Kings",2015-07-22,216346,22,false,8jtopaclkzi6fkcxvnzy3t27q,2021-07-03T21:25:17Z,"edm,dubstep","Columbia",0.636,0.882,5,-1.784,0,0.0516,0.0411,0.000722,0.315,0.671,124.994,4
spotify:track:3JiyUyibMs31de0hmoeSK9,"Speakerbox (feat. Ohana Bam & Lafa Taylor) - F8 Remix","Fast & Furious 8: The Album","Bassnectar;Ohana Bam;Lafa Taylor",2017-04-14,188906,50,false,8jtopaclkzi6fkcxvnzy3t27q,2021-07-03T21:25:31Z,"dubstep,bass music,dub","Artist Partner",0.576,0.88,8,-2.01,0,0.126,0.0208,0.0000899,0.334,0.514,87.969,4
spotify:track:3UOuBNEin5peSRqdzvlnWM,"Still D.R.E.","2001","Dr. Dre;Snoop Dogg",1999-11-16,270666,6,true,8jtopaclkzi6fkcxvnzy3t27q,2021-07-03T21:25:43Z,"hip hop old school,g-funk,gangster rap,west coast hip hop,hip hop,rap","Aftermath",0.814,0.781,11,-3.33,1,0.233,0.17,0.000518,0.052,0.536,93.445,4
spotify:track:4fMjqKYYsvtT6Fvca8lGFl,"Sua Mãe Vai Me Amar","Sua Mãe Vai Me Amar","Turma do Pagode",2018-06-28,183758,67,false,8jtopaclkzi6fkcxvnzy3t27q,2021-07-03T21:25:48Z,"pagode,samba","Turma do Pagode Produções Artísticas ltda.",0.571,0.816,8,-6.011,0,0.0374,0.4,0,0.808,0.942,163.941,4
spotify:track:5ERWSokrBWx8sUwHV6QN93,"Surface","Surface","Aero Chord",2014-04-23,254117,0,false,8jtopaclkzi6fkcxvnzy3t27q,2021-07-03T21:25:55Z,"edm trap,dubstep","Monstercat",0.573,0.735,2,-4.132,1,0.0428,0.0445,0.865,0.187,0.246,170.007,4
spotify:track:2QjOHCTQ1Jl3zawyYOpxh6,"Sweater Weather","I Love You.","The Neighbourhood",2013-04-22,240400,94,false,8jtopaclkzi6fkcxvnzy3t27q,2021-07-03T21:26:01Z,"","Columbia",0.612,0.807,10,-2.81,1,0.0336,0.0495,0.0177,0.101,0.398,124.053,4
spotify:track:55GiOwtxNajXVbpjjIzMnD,"SWISH","SWISH","Tyga",2018-07-25,194935,60,true,8jtopaclkzi6fkcxvnzy3t27q,2021-07-03T21:26:14Z,"","Last Kings Music / EMPIRE",0.884,0.541,11,-5.608,1,0.221,0.0831,0,0.118,0.274,105.009,4
spotify:track:2eknDuc5IeulN0hnwEZsjF,"The Next Episode","2001","Dr. Dre;Snoop Dogg",1999-11-16,161506,3,true,8jtopaclkzi6fkcxvnzy3t27q,2021-07-03T21:26:43Z,"hip hop old school,g-funk,gangster rap,west coast hip hop,hip hop,rap","Aftermath",0.923,0.912,10,-2.399,0,0.266,0.0308,0,0.111,0.287,95.305,4
spotify:track:7LRMbd3LEoV5wZJvXT1Lwb,"T.N.T.","High Voltage","AC/DC",1976-05-14,215096,82,false,8jtopaclkzi6fkcxvnzy3t27q,2021-07-03T21:27:06Z,"rock,hard rock,rock clássico,rock and roll","Columbia",0.754,0.759,9,-5.218,1,0.302,0.153,0.000108,0.101,0.435,126.366,4
spotify:track:6rj7LnwiXfEpBU8LyYjr5M,"Trip","Trip","Maquiny;Orochi",2018-06-08,253514,46,true,8jtopaclkzi6fkcxvnzy3t27q,2021-07-03T21:27:15Z,"hip hop brasileiro,trap brasileiro,trap funk,trap","Deckdisc",0.714,0.592,8,-7.668,1,0.0814,0.273,0,0.116,0.521,110.026,4
spotify:track:4Q3N4Ct4zCuIHuZ65E3BD4,"Tunnel Vision","Painting Pictures","Kodak Black",2017-03-31,268186,78,true,8jtopaclkzi6fkcxvnzy3t27q,2021-07-03T21:27:21Z,"","Atlantic Records",0.497,0.489,11,-7.724,0,0.294,0.0576,0.0000991,0.122,0.231,171.853,4
spotify:track:6R0GRYk2vs2XuBVemYK5YZ,"Ultimate","Ultimate","Denzel Curry",2015-01-01,189974,63,true,8jtopaclkzi6fkcxvnzy3t27q,2021-07-03T21:27:26Z,"","Loma Vista",0.493,0.826,9,-3.106,1,0.311,0.095,0.00000342,0.252,0.75,112.865,4
spotify:track:4h4tD5u0YMrHRh47sIy1Wl,"U Mad Bro","U Mad Bro","Kevin Flum",2014,229067,36,true,8jtopaclkzi6fkcxvnzy3t27q,2021-07-03T21:27:30Z,"","SOON Music Group",0.779,0.644,9,-6.954,1,0.3,0.062,0,0.0929,0.249,118.076,3
spotify:track:4J7CKHCF3mdL4diUsmW8lq,"Under Control (feat. Hurts)","Motion","Calvin Harris;Alesso;Hurts",2014-10-31,184280,79,false,8jtopaclkzi6fkcxvnzy3t27q,2021-07-03T21:27:38Z,"edm","Columbia",0.544,0.915,8,-3.405,1,0.0841,0.129,0.000914,0.115,0.51,126.094,4
spotify:track:7xeMD2bU9QrjrPRYSvSkKn,"Vem Cá","Vem Cá","Altamira;Pelé MilFlows",2019,166661,0,false,8jtopaclkzi6fkcxvnzy3t27q,2021-07-03T21:27:47Z,"hip hop brasileiro,trap brasileiro","Independent",0.753,0.396,11,-8.19,1,0.133,0.525,0,0.182,0.724,80.951,4
spotify:track:7xbXYJ2CC2h5Uga6FnnvG0,"What The DJ Says (feat. Jussie Smollett & Yazz)","Empire: The Complete Season 1","Empire Cast;Jussie Smollett;Yazz",2015-09-11,182573,28,false,8jtopaclkzi6fkcxvnzy3t27q,2021-07-03T21:28:07Z,"","Columbia",0.671,0.786,11,-6.565,0,0.159,0.015,0,0.342,0.516,77.01,4
spotify:track:0Rdfu7NQubmGmYz90usRCU,"Yes","Party Rock","LMFAO",2009-01-01,183693,59,true,8jtopaclkzi6fkcxvnzy3t27q,2021-07-03T21:28:16Z,"","Will I Am / A&M",0.73,0.9,7,-3.339,0,0.052,0.0761,0,0.238,0.896,128.083,4
spotify:track:7vKSjbG6w7PXuhaci99wtV,"Atleta do Ano - Remix","Atleta do Ano (Remix)","MOB79;Djonga;Doncesão;BK;Febem",2017-02-09,390545,47,true,8jtopaclkzi6fkcxvnzy3t27q,2021-07-03T21:37:43Z,"hip hop brasileiro,boom bap,trap brasileiro,grime","Ceia Ent.",0.825,0.443,11,-9.42,1,0.0985,0.0851,0.000359,0.128,0.315,109.993,4
spotify:track:5YI8fcldrF0PJupnUX4YVR,"Água","Água","Japa",2020-01-24,160661,35,true,8jtopaclkzi6fkcxvnzy3t27q,2021-07-03T21:37:55Z,"trap brasileiro,trap,hip hop brasileiro","JAPA OFICIAL",0.775,0.613,3,-7.555,0,0.258,0.398,0,0.258,0.632,120.98,4
spotify:track:5vJcMOvHec5xRJrvo1MK2r,"10K","10K","Raffa Moreira",2018-07-17,143020,45,true,8jtopaclkzi6fkcxvnzy3t27q,2021-07-03T21:37:58Z,"trap brasileiro,hip hop brasileiro,trap","Raffa Moreira",0.824,0.428,9,-8.314,0,0.183,0.393,0,0.0915,0.566,148.008,4
spotify:track:40uMIn2zJLAQhNXghRjBed,"Motley Crew","Motley Crew","Post Malone",2021-07-09,184213,69,true,8jtopaclkzi6fkcxvnzy3t27q,2021-08-02T02:19:39Z,"","Republic Records",0.797,0.631,3,-3.818,0,0.0786,0.0904,0.00000371,0.0998,0.288,129.915,4
spotify:track:27NovPIUIRrOZoCHxABJwK,"INDUSTRY BABY (feat. Jack Harlow)","INDUSTRY BABY (feat. Jack Harlow)","Lil Nas X;Jack Harlow",2021-07-23,212000,76,true,8jtopaclkzi6fkcxvnzy3t27q,2021-08-02T02:20:04Z,"","Columbia",0.736,0.704,3,-7.409,0,0.0615,0.0203,0,0.0501,0.894,149.995,4
spotify:track:1AVs6uBNNs22xG0HzRzTny,"Drip de Negão 2","Drip de Negão","Young Mascka;Yunk Vino;Kyan;Dalua;Froid;Mc Livinho;Chris MC;Kayuá;Danzo;JayA Luuck",2021-08-20,395491,30,true,8jtopaclkzi6fkcxvnzy3t27q,2021-08-27T02:03:40Z,"trap brasileiro,hip hop brasileiro,trap,trap funk,boom bap,funk,funk carioca","Young Mascka",0.775,0.708,8,-5.408,0,0.255,0.145,0,0.123,0.666,115.006,4
spotify:track:5jlfP00c8T3YdRMbm04j2S,"Eu Vim de Lá","Drip de Negão","Young Mascka;Abbot;808 Luke",2021-08-20,188345,14,true,8jtopaclkzi6fkcxvnzy3t27q,2021-08-27T02:03:52Z,"trap brasileiro,hip hop brasileiro,trap,trap funk","Young Mascka",0.725,0.701,7,-6.416,0,0.0498,0.182,0,0.19,0.377,123.032,4
spotify:track:11Mnosxz1bY2513gEb4cPt,"Quem é Sabe","Drip de Negão","Young Mascka;Sabotage;808 Luke",2021-08-20,184130,31,true,8jtopaclkzi6fkcxvnzy3t27q,2021-08-27T02:04:00Z,"trap brasileiro,hip hop brasileiro,trap,boom bap","Young Mascka",0.825,0.634,6,-8.172,1,0.407,0.0665,0,0.0924,0.805,170.394,4
spotify:track:4oyCpd1QQDn3zFRsVjZ91Q,"Drip de Preto","Drip de Negão","Young Mascka;KayBlack;Kyan;Jovem Sam",2021-08-20,234039,25,true,8jtopaclkzi6fkcxvnzy3t27q,2021-08-27T02:04:27Z,"trap brasileiro,hip hop brasileiro,trap,trap funk","Young Mascka",0.832,0.628,5,-4.753,0,0.125,0.264,0,0.069,0.718,111,4
spotify:track:1vZSI5inJHdpm4OeDxZFzY,"França","Drip de Negão","Young Mascka;Yunk Vino;Froid;808 Luke",2021-08-20,228599,24,true,8jtopaclkzi6fkcxvnzy3t27q,2021-08-27T02:04:37Z,"trap brasileiro,hip hop brasileiro,trap,trap funk,boom bap","Young Mascka",0.773,0.446,10,-8.183,0,0.161,0.543,0,0.0884,0.467,105.016,4
spotify:track:0ZZWbkdJsT27UjOYvmqVu3,"Refrigerante","Drip de Negão","Young Mascka;JayA Luuck;Alladxn",2021-08-20,204500,12,true,8jtopaclkzi6fkcxvnzy3t27q,2021-08-27T02:05:24Z,"trap brasileiro,hip hop brasileiro,trap,trap funk","Young Mascka",0.841,0.544,5,-6.666,0,0.0413,0.465,0.00000553,0.11,0.419,122.014,4
spotify:track:4zoqUNd4Z4xICjX1dWjWot,"Mar de Lágrimas","Drip de Negão","Young Mascka;Jé;Uhiaa",2021-08-20,152194,6,true,8jtopaclkzi6fkcxvnzy3t27q,2021-08-27T02:06:00Z,"trap brasileiro,hip hop brasileiro,trap","Young Mascka",0.852,0.428,3,-8.728,0,0.0884,0.778,0.000317,0.218,0.315,126.024,4
spotify:track:4R1IkLgAMZJwVcEsikIdlG,"Me Entreguei","Drip de Negão","Young Mascka;Uhiaa",2021-08-20,179973,4,true,8jtopaclkzi6fkcxvnzy3t27q,2021-08-27T02:06:14Z,"trap brasileiro,hip hop brasileiro,trap","Young Mascka",0.563,0.499,10,-6.516,1,0.0467,0.727,0,0.111,0.354,114.168,4
spotify:track:5lXrWV5vQlmoMIihiVi476,"Nota Azul","Drip de Negão","Young Mascka;Aimar;Jovem Sam",2021-08-20,160776,7,true,8jtopaclkzi6fkcxvnzy3t27q,2021-08-27T02:06:47Z,"trap brasileiro,hip hop brasileiro,trap","Young Mascka",0.796,0.52,1,-6.888,0,0.103,0.197,0,0.229,0.227,109.041,4
spotify:track:2XzGtYkoe3jnUSdodCrde6,"Bye","Drip de Negão","Young Mascka;Duzz;MC Igu",2021-08-20,204600,12,true,8jtopaclkzi6fkcxvnzy3t27q,2021-08-27T02:07:13Z,"trap brasileiro,hip hop brasileiro,trap","Young Mascka",0.875,0.621,2,-7.886,1,0.0865,0.0349,0.0000243,0.0692,0.558,121.967,4
spotify:track:2kmHCJK5HzvFIl3UCg6Ltj,"Nego Eu Me Lembro","Drip de Negão","Young Mascka;Vulgo FK;Alladxn",2021-08-20,230030,7,true,8jtopaclkzi6fkcxvnzy3t27q,2021-08-27T02:07:31Z,"trap brasileiro,hip hop brasileiro,trap,trap funk,funk","Young Mascka",0.711,0.693,8,-7.968,0,0.0834,0.433,0.00000427,0.125,0.465,82.501,4
spotify:track:5E5VM04SfQS7k05BnXSMyQ,"Sem Simpatia","Drip de Negão","Young Mascka;LR Beats",2021-08-20,142030,5,true,8jtopaclkzi6fkcxvnzy3t27q,2021-08-27T02:08:24Z,"trap brasileiro,hip hop brasileiro,trap","Young Mascka",0.896,0.557,1,-6.856,1,0.175,0.211,0.000365,0.1,0.315,142.106,4
spotify:track:5RVdqxysRUBNkfrif9DvYX,"Velocidade","Velocidade","2T;L7NNON;LeodoKick;Soud",2021-08-18,224262,25,true,8jtopaclkzi6fkcxvnzy3t27q,2021-08-27T02:08:32Z,"trap brasileiro,trap funk,hip hop brasileiro,trap,funk carioca","SoudCrime",0.453,0.615,5,-7.387,0,0.123,0.59,0,0.126,0.579,89.31,3
spotify:track:01jIO8SJFnpSiNLH1JaBZ5,"You","4275 (Bonus Version)","Jacquees",2018-09-07,217386,67,true,8jtopaclkzi6fkcxvnzy3t27q,2021-08-27T02:09:05Z,"r&b,trap soul","Republic Records",0.735,0.453,8,-8.264,0,0.0601,0.415,0,0.104,0.335,115.005,4
spotify:track:6DlCCmuD04huNMef3ptkn5,"Lingerie","Lingerie","Budah;Yunk Vino;Ursão",2020-05-20,209654,0,false,8jtopaclkzi6fkcxvnzy3t27q,2021-08-27T02:10:16Z,"trap brasileiro,trap,trap funk,hip hop brasileiro","dMusic",0.687,0.352,9,-9.878,0,0.0767,0.873,0.00186,0.0976,0.419,140.094,4
spotify:track:1HfA112GUy6eVLVVaOo33Z,"Fala Baixinho","Fala Baixinho","Kiaz;Nith",2018-11-08,224864,42,true,8jtopaclkzi6fkcxvnzy3t27q,2021-08-27T02:10:30Z,"","Kiaz / Blackstar entretenimento",0.693,0.273,6,-14.34,0,0.163,0.67,0,0.1,0.4,103.986,4
spotify:track:6OpLzj6YwFgLIx5aQ1ChL2,"Alarm (Midnight Calls)","237 Deluxe","Yunk Vino;MATHINVOKER;Trxntin",2020-06-26,170097,32,true,8jtopaclkzi6fkcxvnzy3t27q,2021-08-27T02:10:46Z,"trap brasileiro,trap,trap funk,hip hop brasileiro","Labbel Records",0.723,0.443,1,-8.221,0,0.0673,0.0441,0,0.12,0.143,114.863,4
spotify:track:6VedsDqg0D4GzWT0GbaTM3,"2AM","MIDNIGHT CALLS","Yunk Vino;Pedro Lotto",2020-12-11,141634,41,false,8jtopaclkzi6fkcxvnzy3t27q,2021-08-27T02:10:54Z,"trap brasileiro,trap,trap funk,hip hop brasileiro","Boogie Naipe",0.474,0.525,0,-8.244,0,0.0789,0.11,0,0.105,0.254,110.669,4
spotify:track:4Oun2ylbjFKMPTiaSbbCih,"WAP (feat. Megan Thee Stallion)","WAP (feat. Megan Thee Stallion)","Cardi B;Megan Thee Stallion",2020-08-07,187546,77,true,8jtopaclkzi6fkcxvnzy3t27q,2021-08-27T02:11:01Z,"","Atlantic/KSR",0.935,0.454,1,-7.509,1,0.375,0.0194,0,0.0824,0.357,133.073,4
spotify:track:1JAkXiY10vwLhSbcsiimrp,"Body (Remix) [feat. Capo Plaza & Rondodasosa]","Body (Remix) [feat. Capo Plaza & Rondodasosa]","Tion Wayne;Russ Millions;Capo Plaza;Rondodasosa",2021-05-04,205106,61,true,8jtopaclkzi6fkcxvnzy3t27q,2021-08-27T02:12:37Z,"drill reino unido,drill,grime,grime reino unido,afroswing,trap italiano,trap","Atlantic Records UK",0.883,0.716,7,-8.127,1,0.414,0.435,0,0.0801,0.761,141.066,4
spotify:track:7aZusA4cWXz3Wv9e9uhavz,"Quer Voar","Quer Voar","Matuê",2021-08-11,187636,67,true,8jtopaclkzi6fkcxvnzy3t27q,2021-08-27T02:13:17Z,"trap brasileiro,trap,hip hop brasileiro,trap funk","Sony Music Entertainment",0.806,0.595,8,-6.166,0,0.246,0.138,0,0.0882,0.677,82.492,4
spotify:track:7ycWLEP1GsNjVvcjawXz3z,"Praise The Lord (Da Shine) (feat. Skepta)","TESTING","A$AP Rocky;Skepta",2018-05-25,205813,83,true,8jtopaclkzi6fkcxvnzy3t27q,2021-08-27T02:15:34Z,"rap,grime,grime reino unido","A$AP Worldwide/Polo Grounds Music/RCA Records",0.854,0.569,5,-8.151,0,0.106,0.0609,0.0816,0.1,0.294,80.015,4
spotify:track:2IT0T0EqPaUxasjl2o8J2G,"Christopher Walking","Meet The Woo 2","Pop Smoke",2020-02-07,190680,25,true,8jtopaclkzi6fkcxvnzy3t27q,2021-09-04T23:38:58Z,"drill do brooklyn,drill de nova iorque,drill","Victor Victor Worldwide",0.772,0.744,6,-5.108,0,0.244,0.0114,0,0.066,0.764,140.99,4
spotify:track:1zCB57Q2Hp5PPWLTpgW3w2,"Sweetheart (feat. Fivio Foreign)","Meet The Woo 2","Pop Smoke;Fivio Foreign",2020-02-07,156373,16,true,8jtopaclkzi6fkcxvnzy3t27q,2021-09-04T23:39:24Z,"drill do brooklyn,drill de nova iorque,drill,drill reino unido","Victor Victor Worldwide",0.74,0.764,4,-3.969,0,0.28,0.124,0,0.107,0.587,141,4
spotify:track:57BGVV6wcyhbn3hsjlqEZB,"Element","Meet The Woo 2","Pop Smoke",2020-02-07,135746,38,true,8jtopaclkzi6fkcxvnzy3t27q,2021-09-04T23:39:30Z,"drill do brooklyn,drill de nova iorque,drill","Victor Victor Worldwide",0.772,0.879,2,-4.22,1,0.323,0.0307,0.00000188,0.25,0.304,61.311,5
spotify:track:5eJpwQyirY5EEdNadHKRAM,"Mannequin (feat. Lil Tjay)","Meet The Woo 2","Pop Smoke;Lil Tjay",2020-02-07,160560,30,true,8jtopaclkzi6fkcxvnzy3t27q,2021-09-04T23:39:42Z,"drill do brooklyn,drill de nova iorque,drill,rap melódico","Victor Victor Worldwide",0.683,0.798,1,-5.923,1,0.3,0.463,0,0.264,0.751,145.124,4
spotify:track:7FWec1Je1DluKGUKZCwkq4,"Dreaming","Meet The Woo 2","Pop Smoke",2020-02-07,174546,21,true,8jtopaclkzi6fkcxvnzy3t27q,2021-09-04T23:39:56Z,"drill do brooklyn,drill de nova iorque,drill","Victor Victor Worldwide",0.687,0.689,10,-4.096,1,0.259,0.173,0.000481,0.523,0.821,71.555,4
spotify:track:42ZrMq4BKsWDrrbMnMRYaK,"Jail","Donda","Kanye West",2021-08-29,297000,2,false,8jtopaclkzi6fkcxvnzy3t27q,2021-09-04T23:40:43Z,"rap","Rock The World/IDJ/Kanye LP7",0.458,0.571,4,-6.739,1,0.0949,0.535,0.000305,0.0846,0.586,110.013,4
spotify:track:2gbMPBrBVj3CuNTLp2dHYs,"Off The Grid","Donda","Kanye West",2021-08-29,339249,2,false,8jtopaclkzi6fkcxvnzy3t27q,2021-09-04T23:40:50Z,"rap","Rock The World/IDJ/Kanye LP7",0.546,0.64,8,-5.582,1,0.37,0.0438,0,0.137,0.63,137.728,4
spotify:track:0RbW8kWozrVSIGb4V13o0o,"Hurricane","Donda","Kanye West",2021-08-29,243187,2,false,8jtopaclkzi6fkcxvnzy3t27q,2021-09-04T23:40:56Z,"rap","Rock The World/IDJ/Kanye LP7",0.587,0.561,0,-6.569,1,0.146,0.0466,0,0.109,0.351,80.009,4
spotify:track:0Zm7NKJgoKY6ZWwtoEUILK,"Praise God","Donda","Kanye West",2021-08-29,226652,2,false,8jtopaclkzi6fkcxvnzy3t27q,2021-09-04T23:41:12Z,"rap","Rock The World/IDJ/Kanye LP7",0.798,0.545,1,-6.466,1,0.168,0.00904,0.0000948,0.258,0.212,118.029,4
spotify:track:3gWzTnziivUYzqXtnvgN8q,"Jonah","Donda","Kanye West",2021-08-29,195170,0,false,8jtopaclkzi6fkcxvnzy3t27q,2021-09-04T23:42:01Z,"rap","Rock The World/IDJ/Kanye LP7",0.459,0.431,9,-8.375,0,0.256,0.795,0,0.274,0.128,177.3,4
spotify:track:4VYEnxm7lmtG5sEEbcmORB,"Ok Ok","Donda","Kanye West",2021-08-29,204629,0,false,8jtopaclkzi6fkcxvnzy3t27q,2021-09-04T23:42:10Z,"rap","Rock The World/IDJ/Kanye LP7",0.738,0.471,11,-9.208,0,0.402,0.319,0.00000128,0.13,0.283,107.98,5
spotify:track:1aF9TeHZbe6OVo9dtjPuzK,"Junya","Donda","Kanye West",2021-08-29,147668,0,false,8jtopaclkzi6fkcxvnzy3t27q,2021-09-04T23:42:29Z,"rap","Rock The World/IDJ/Kanye LP7",0.752,0.69,7,-3.948,1,0.0642,0.27,0,0.303,0.396,148.07,4
spotify:track:3SYLoL8KHxdQPYIkfwmUjN,"Remote Control","Donda","Kanye West",2021-08-29,198613,0,false,8jtopaclkzi6fkcxvnzy3t27q,2021-09-04T23:42:38Z,"rap","Rock The World/IDJ/Kanye LP7",0.792,0.548,4,-7.079,1,0.082,0.0784,0.0000726,0.167,0.197,110.105,4
spotify:track:2Rd4eJ4KwXQQn2sMSToyUM,"Moon","Donda","Kanye West",2021-08-29,156091,1,false,8jtopaclkzi6fkcxvnzy3t27q,2021-09-04T23:42:56Z,"rap","Rock The World/IDJ/Kanye LP7",0.319,0.236,5,-9.644,1,0.0318,0.898,0.0000162,0.272,0.254,162.351,4
spotify:track:3onYsG7nB3FwEVHYYWCrIM,"No Child Left Behind","Donda","Kanye West",2021-08-29,178061,0,false,8jtopaclkzi6fkcxvnzy3t27q,2021-09-04T23:44:00Z,"rap","Rock The World/IDJ/Kanye LP7",0.161,0.327,1,-8.059,0,0.0341,0.00632,0.792,0.138,0.0815,135.382,3
spotify:track:5rIjbX7rQMj8Gh9Oxd4Vrc,"Light It Up (feat. Pop Smoke)","Culture III","Migos;Pop Smoke",2021-06-11,269248,52,true,8jtopaclkzi6fkcxvnzy3t27q,2021-10-03T19:43:43Z,"trap,drill do brooklyn,drill de nova iorque,drill","Quality Control Music/Motown Records",0.793,0.639,7,-6.476,0,0.226,0.414,0,0.132,0.596,142.988,4
spotify:track:1Eu51GaXEehPMrDMh5QghA,"Tell The Vision (feat. Kanye West & Pusha T)","Faith (Deluxe)","Pop Smoke;Kanye West;Pusha T",2021-07-31,215000,10,true,8jtopaclkzi6fkcxvnzy3t27q,2021-10-04T11:30:47Z,"drill do brooklyn,drill de nova iorque,drill,rap","Victor Victor Worldwide",0.662,0.686,7,-8.302,1,0.332,0.251,0.00000559,0.349,0.678,143.971,4
spotify:track:0VJ29bT7OaRZfOEvoYc70c,"What’s Crackin (feat. Takeoff)","Faith (Deluxe)","Pop Smoke;Takeoff",2021-07-31,177777,7,true,8jtopaclkzi6fkcxvnzy3t27q,2021-10-04T11:30:58Z,"drill do brooklyn,drill de nova iorque,drill","Victor Victor Worldwide",0.812,0.617,2,-6.853,1,0.338,0.0895,0.00000329,0.144,0.619,134.771,5
spotify:track:07UJUwwyi3JLEEtbawn3CL,"Dai a Cesar o Que É de Cesar","Dai a Cesar o Que É de Cesar","Cesar Mc;Pineapple StormTv",2021-09-09,309565,0,false,8jtopaclkzi6fkcxvnzy3t27q,2021-10-04T11:31:32Z,"hip hop brasileiro,trap brasileiro","Pineapple StormTV",0.611,0.666,4,-7.017,0,0.361,0.159,0,0.185,0.162,138.089,4
spotify:track:5oI9blwsXC8AkTWw6wASY8,"Máquina do Tempo","Máquina do Tempo","Matuê",2020-09-10,230400,78,true,8jtopaclkzi6fkcxvnzy3t27q,2021-10-04T11:32:45Z,"trap brasileiro,trap,hip hop brasileiro,trap funk","Sony Music Entertainment",0.629,0.727,4,-4.387,0,0.0499,0.0647,0,0.138,0.132,149.978,4
spotify:track:3ua3rqwBNmeGeQfcKnA3bT,"Groupies","Groupies","Doode;Teto;Matuê",2021-09-28,164571,66,false,8jtopaclkzi6fkcxvnzy3t27q,2021-10-04T11:33:03Z,"trap brasileiro,trap,trap funk,hip hop brasileiro","Sony Music Entertainment",0.845,0.655,5,-5.137,0,0.0612,0.239,0,0.0974,0.516,139.955,4
spotify:track:1wjmGk216y7V2Q5NzG0TRG,"HB20","HB20","L7NNON;Papatinho",2021-09-14,172306,0,false,8jtopaclkzi6fkcxvnzy3t27q,2021-10-04T11:33:18Z,"trap brasileiro,hip hop brasileiro,trap funk,trap,funk carioca","Papatunes",0.576,0.582,0,-6.982,0,0.319,0.463,0,0.123,0.5,139.895,4
spotify:track:2ZUJsR8HEktit58X6FuPQM,"Heaven and Hell","Donda","Kanye West",2021-08-29,145301,1,false,8jtopaclkzi6fkcxvnzy3t27q,2021-10-04T11:34:11Z,"rap","Rock The World/IDJ/Kanye LP7",0.764,0.422,0,-7.265,0,0.119,0.0409,0,0.152,0.268,82.986,4
spotify:track:7qeWNGBqqagdwf4KnjRzGZ,"U Played (feat. Lil Baby)","Time Served","Moneybagg Yo;Lil Baby",2020-01-10,164753,71,true,8jtopaclkzi6fkcxvnzy3t27q,2021-10-04T12:39:57Z,"","N-Less Entertainment/Interscope Records",0.874,0.847,2,-3.574,1,0.233,0.00341,0,0.29,0.881,134.965,4
spotify:track:0AluA5RNsa4Cx6XRhf2hWZ,"10 Freaky Girls (with 21 Savage)","NOT ALL HEROES WEAR CAPES (Deluxe)","Metro Boomin;21 Savage",2018-11-06,208293,73,true,8jtopaclkzi6fkcxvnzy3t27q,2021-10-04T14:42:43Z,"","Republic Records",0.797,0.353,6,-9.931,0,0.369,0.59,0,0.102,0.0731,87.997,4
spotify:track:07I8u9BeifIfbH6Zv1YsxR,"Double It (feat. Fetty Luciano)","Faith (Deluxe)","Pop Smoke;Fetty Luciano",2021-07-31,166285,11,true,8jtopaclkzi6fkcxvnzy3t27q,2021-10-05T10:15:54Z,"drill do brooklyn,drill de nova iorque,drill","Victor Victor Worldwide",0.717,0.741,2,-8.822,1,0.326,0.235,0,0.144,0.567,139.976,4
spotify:track:6xVhqLT40s5sVhepe9Mckc,"Weather the Storm (feat. Meek Mill & Lil Baby)","Father Of Asahd","DJ Khaled;Meek Mill;Lil Baby",2019-05-17,153337,45,true,8jtopaclkzi6fkcxvnzy3t27q,2021-10-09T00:49:47Z,"rap","Epic/We The Best",0.515,0.802,2,-2.655,0,0.283,0.18,0,0.241,0.279,76.069,4
spotify:track:1cKHdTo9u0ZymJdPGSh6nq,"I Was Never There","My Dear Melancholy,","The Weeknd;Gesaffelstein",2018-03-30,241066,83,false,8jtopaclkzi6fkcxvnzy3t27q,2021-10-10T01:37:41Z,"","The Weeknd/Lyric",0.323,0.737,10,-4.008,1,0.0335,0.14,0.000162,0.163,0.156,112.923,4
spotify:track:6QdnKD1zwEgyOWtkrdzlOF,"Hurt You","My Dear Melancholy,","The Weeknd;Gesaffelstein",2018-03-30,230026,72,true,8jtopaclkzi6fkcxvnzy3t27q,2021-10-10T01:37:50Z,"","The Weeknd/Lyric",0.477,0.718,5,-7.227,0,0.15,0.259,0.00275,0.109,0.361,183.934,4
spotify:track:6G9aDedv5hYaTgNYDuduqk,"trademark usa","The Melodic Blue","Baby Keem",2021-09-22,270670,0,true,8jtopaclkzi6fkcxvnzy3t27q,2021-10-10T02:12:56Z,"","Columbia",0.613,0.6,10,-5.621,1,0.281,0.108,0.00000167,0.274,0.067,130.732,4
spotify:track:4KruBnoVyraGgPHjp8tKtB,"gorgeous","The Melodic Blue","Baby Keem",2021-09-22,140742,0,true,8jtopaclkzi6fkcxvnzy3t27q,2021-10-10T02:20:38Z,"","Columbia",0.788,0.505,7,-6.507,1,0.0476,0.0217,0,0.176,0.119,129.939,4
spotify:track:2WLjFfNF7aIdTk6SVVo6NR,"Os Pitbull do Ano, Pt. 2","Os Pitbull do Ano, Pt. 2","LEALL;Major RD;Baviera;KOPO",2021-01-15,207976,52,true,8jtopaclkzi6fkcxvnzy3t27q,2021-10-12T01:04:44Z,"boom bap,hip hop brasileiro,trap brasileiro,grime,trap,trap funk","Duetti",0.746,0.603,7,-4.029,1,0.351,0.524,0,0.0941,0.615,110.186,4
spotify:track:2IcwtqsZjS2nx0aE0GViY4,"Os Pitbull do Ano","Os Pitbull do Ano","Baviera;Major RD;LEALL",2020-04-24,178144,52,true,8jtopaclkzi6fkcxvnzy3t27q,2021-10-12T01:05:19Z,"hip hop brasileiro,trap brasileiro,trap,trap funk,boom bap,grime","Duetti",0.85,0.673,1,-3.803,1,0.346,0.601,0,0.13,0.695,96.901,4
spotify:track:1RWOKwm9BE4iiPCzGwZQuJ,"Intro / Te Levar Daqui","Nirvana II","Dalua;Trxntin",2021-08-26,240820,6,true,8jtopaclkzi6fkcxvnzy3t27q,2021-10-12T01:06:19Z,"trap brasileiro,hip hop brasileiro,trap","PROHIPHOP",0.803,0.392,1,-11.765,1,0.215,0.0485,0.00000109,0.208,0.237,127.928,4
spotify:track:02BFjnujP80SPWuaMd6k5w,"Diego","Nirvana II","Dalua;Nagalli",2021-08-26,184761,9,true,8jtopaclkzi6fkcxvnzy3t27q,2021-10-12T01:07:24Z,"trap brasileiro,hip hop brasileiro,trap,trap funk","PROHIPHOP",0.753,0.448,1,-11.816,0,0.338,0.0337,0,0.131,0.347,126.073,4
spotify:track:0UTyLmkQgPOEIz95OVAJTR,"range brothers (with Kendrick Lamar)","The Melodic Blue","Baby Keem;Kendrick Lamar",2021-09-10,316733,61,true,8jtopaclkzi6fkcxvnzy3t27q,2021-10-12T01:08:05Z,"hip hop,west coast hip hop","Columbia",0.667,0.582,11,-5.791,0,0.267,0.00466,0,0.124,0.141,121.972,4
spotify:track:3QFInJAm9eyaho5vBzxInN,"family ties (with Kendrick Lamar)","The Melodic Blue","Baby Keem;Kendrick Lamar",2021-09-10,252262,82,true,8jtopaclkzi6fkcxvnzy3t27q,2021-10-12T01:13:30Z,"hip hop,west coast hip hop","Columbia",0.711,0.611,1,-5.453,1,0.33,0.00588,0,0.23,0.144,134.093,4
spotify:track:0N3W5peJUQtI4eyR6GJT5O,"King Kunta","To Pimp A Butterfly","Kendrick Lamar",2015-03-16,234693,74,true,8jtopaclkzi6fkcxvnzy3t27q,2021-10-12T01:14:16Z,"hip hop,west coast hip hop","Aftermath",0.884,0.657,6,-4.569,0,0.0977,0.00589,0,0.154,0.489,107.059,4
spotify:track:3CPWSSuZpNlvIrQ4uFiBld,"Parabellum","Parabellum","Dalsin;Alaska;Gioprod",2021-08-27,133636,42,false,8jtopaclkzi6fkcxvnzy3t27q,2021-10-12T02:41:30Z,"hip hop brasileiro,boom bap,trap brasileiro","Alaska",0.681,0.607,11,-5.3,0,0.367,0.476,0,0.104,0.306,87.535,4
spotify:track:4JJcP0Rv9AgyPD6ZGaC8EE,"durag activity (with Travis Scott)","durag activity (with Travis Scott)","Baby Keem;Travis Scott",2021-04-30,225020,55,true,8jtopaclkzi6fkcxvnzy3t27q,2021-10-14T09:45:30Z,"rap","Columbia",0.89,0.701,0,-5.712,0,0.342,0.00306,0.00000306,0.0895,0.505,80.462,4
spotify:track:0jNFDcGAXPs5ahngmD5R6n,"XSCAPE","Life of a DON","Don Toliver",2021-10-08,156248,61,true,8jtopaclkzi6fkcxvnzy3t27q,2021-10-17T23:46:31Z,"","Cactus Jack / Atlantic",0.403,0.405,4,-7.718,0,0.0431,0.602,0,0.239,0.0524,100.626,4
spotify:track:0rKtyWc8bvkriBthvHKY8d,"SLOW DANCING IN THE DARK","BALLADS 1","Joji",2018-10-26,209273,5,true,8jtopaclkzi6fkcxvnzy3t27q,2021-10-18T13:10:38Z,"","88rising Music/Warner Records",0.515,0.479,3,-7.458,1,0.0261,0.544,0.00598,0.191,0.284,88.964,4
spotify:track:0HNKMJ2EKCaT2EqcCBj1EH,"Way Bigger","Life of a DON","Don Toliver",2021-10-08,196011,68,true,8jtopaclkzi6fkcxvnzy3t27q,2021-10-24T00:37:57Z,"","Cactus Jack / Atlantic",0.752,0.531,1,-6.236,1,0.0568,0.0534,0,0.124,0.2,131.97,4
spotify:track:25r6MZ4Gtd76l43qnZI1DG,"Flocky Flocky (feat. Travis Scott)","Life of a DON","Don Toliver;Travis Scott",2021-10-08,183513,66,true,8jtopaclkzi6fkcxvnzy3t27q,2021-10-24T00:38:13Z,"rap","Cactus Jack / Atlantic",0.8,0.541,10,-5.05,0,0.0375,0.0252,0,0.146,0.194,135.99,4
spotify:track:0IX5OFffosy8wk16m1IFCa,"Drugs N Hella Melodies (feat. Kali Uchis)","Life of a DON","Don Toliver;Kali Uchis",2021-10-08,198057,70,true,8jtopaclkzi6fkcxvnzy3t27q,2021-10-24T00:38:22Z,"","Cactus Jack / Atlantic",0.56,0.707,1,-6.863,0,0.07,0.264,0.000268,0.108,0.341,147,4
spotify:track:0E72UaOjGEOHJliDjq6Ivw,"Dennis Rodman (feat. Tyga)","Floor Seats II","A$AP Ferg;Tyga",2020-09-25,198306,0,true,8jtopaclkzi6fkcxvnzy3t27q,2021-10-24T00:38:27Z,"rap","A$AP Worldwide/Polo Grounds Music/RCA Records",0.741,0.537,1,-6.797,1,0.143,0.0358,0,0.146,0.233,80.454,4
spotify:track:3tHm0NnzLiQsaMUkJNcAij,"Hello Baby feat. Fivio Foreign","Hello Baby feat. Fivio Foreign","Young M.A;Fivio Foreign",2021-05-07,178562,38,true,8jtopaclkzi6fkcxvnzy3t27q,2021-10-24T19:16:29Z,"drill do brooklyn,drill de nova iorque,drill,drill reino unido","M.A Music / 3D",0.893,0.537,7,-6.822,0,0.364,0.211,0,0.0599,0.588,140.038,4
spotify:track:4aarlAfLKVCTxUDNgbwhjH,"Cry Baby (feat. DaBaby)","Good News","Megan Thee Stallion;DaBaby",2020-11-20,137983,70,true,8jtopaclkzi6fkcxvnzy3t27q,2021-10-24T19:16:37Z,"","300 Entertainment",0.957,0.437,11,-7.882,1,0.359,0.00402,0,0.219,0.616,130.058,4
spotify:track:6LyAwkJsHlW7RQ8S1cYAtM,"Overdue (with Travis Scott)","NOT ALL HEROES WEAR CAPES (Deluxe)","Metro Boomin;Travis Scott",2018-11-06,166093,76,true,8jtopaclkzi6fkcxvnzy3t27q,2021-10-25T14:14:47Z,"rap","Republic Records",0.634,0.401,11,-11.212,0,0.0446,0.731,0.000132,0.334,0.494,150.174,4
spotify:track:1fewSx2d5KIZ04wsooEBOz,"Space Cadet (feat. Gunna)","NOT ALL HEROES WEAR CAPES (Deluxe)","Metro Boomin;Gunna",2018-11-06,203266,78,true,8jtopaclkzi6fkcxvnzy3t27q,2021-10-25T14:23:38Z,"rap melódico","Republic Records",0.901,0.464,5,-9.789,0,0.0645,0.368,0.0000182,0.238,0.638,109.004,4
spotify:track:4RGacGFT2ztXhGgzeaYzIR,"Up To Something (feat. Travis Scott & Young Thug)","NOT ALL HEROES WEAR CAPES (Deluxe)","Metro Boomin;Travis Scott;Young Thug",2018-11-06,184360,55,true,8jtopaclkzi6fkcxvnzy3t27q,2021-10-25T14:33:39Z,"rap,rap melódico,trap","Republic Records",0.799,0.617,1,-8.809,1,0.157,0.322,0,0.134,0.667,114.014,4
spotify:track:2JHO9vMpU06IELclr2HCmN,"Midío","Troféu","Major RD;Rock Danger;KIB7",2021-09-27,163845,47,true,8jtopaclkzi6fkcxvnzy3t27q,2021-10-30T16:10:05Z,"trap brasileiro,hip hop brasileiro,trap,trap funk,boom bap","Major RD",0.707,0.811,10,-4.698,0,0.306,0.387,0.0000254,0.11,0.499,102.17,3
spotify:track:5H95n43z0KFcXGCEc0ewe1,"Pieces","Pieces","AVAION",2019-11-15,195030,63,false,8jtopaclkzi6fkcxvnzy3t27q,2021-11-04T09:46:10Z,"stutter house,deep house","Ariola/Hansa Local",0.7,0.271,4,-13.316,1,0.062,0.872,0.322,0.1,0.198,120.015,4
spotify:track:5SfpK7yor6hACw6zyXcEoZ,"Melhor Dia 6 - Destino","Melhor Dia 6 - Destino","Marcos Baroni;Jovem Dex;Yunk Vino;Matuê;The Boy;Clovis Pinho;Wall Hein",2021-10-19,318000,47,true,8jtopaclkzi6fkcxvnzy3t27q,2021-11-04T10:33:49Z,"trap brasileiro,trap funk,trap,hip hop brasileiro,hip hop cristão,funk gospel","MARCOS BARONI",0.618,0.76,1,-4.743,1,0.288,0.0478,0,0.138,0.536,153.846,4
spotify:track:6VZ4iuA1y0utK4YR9dMfhu,"CRIME","JOVEM OG","Febem;CESRV",2021-04-08,188330,32,true,8jtopaclkzi6fkcxvnzy3t27q,2021-11-18T12:28:29Z,"hip hop brasileiro,boom bap,grime,trap brasileiro","BRIME.BR / EMPIRE",0.85,0.383,1,-9.334,1,0.338,0.112,0,0.0824,0.357,143.087,4
spotify:track:5QXrsgfoCYoU1d1MVrcaas,"Nikeboyzsport","Nikeboyzsport","Yung Nobre;Dababi 212",2020-12-30,196124,25,true,8jtopaclkzi6fkcxvnzy3t27q,2021-11-18T12:28:44Z,"trap brasileiro,trap,grime,drill","Yung Nobre",0.661,0.462,1,-9.763,1,0.388,0.389,0,0.127,0.357,139.304,4
spotify:track:3Ukj7F16inQlhbExukF9YC,"Esculpido a Machado","Esculpido a Machado","LEALL;VHOOR",2021-03-02,120833,51,false,8jtopaclkzi6fkcxvnzy3t27q,2021-11-18T12:34:47Z,"boom bap,hip hop brasileiro,trap brasileiro,grime,miami bass","LEALL",0.623,0.591,1,-7.579,0,0.316,0.473,0.00000454,0.116,0.49,143.566,4
spotify:track:15jzWVY2tKXdsmG2ppRnRh,"S.P. (feat. MC Igu, Derek, Dfideliz & Kyan)","Calzone Tapes 3","Recayd Mob;Derek;Dfideliz;Kyan;MC Igu",2021-11-19,185157,36,true,8jtopaclkzi6fkcxvnzy3t27q,2021-11-19T14:04:03Z,"trap brasileiro,trap,hip hop brasileiro,trap funk","Recayd",0.757,0.828,6,-3.14,1,0.228,0.177,0,0.143,0.369,142.007,4
spotify:track:0vCwRL3qrojioFInHDOYhO,"Baile","Baile","LEALL",2020-02-18,180000,37,true,8jtopaclkzi6fkcxvnzy3t27q,2021-11-19T23:01:39Z,"boom bap,hip hop brasileiro,trap brasileiro,grime","LEALL",0.766,0.631,1,-5.706,1,0.155,0.448,0.0000135,0.255,0.301,139.98,4
spotify:track:6TuFeSKT62xvhsrAeRMG0d,"ESSE É MEU ESTILO (feat. Akira Presidente & BK)","RUNNING","Febem;CESRV;Akira Presidente;BK",2019-07-05,238247,45,true,8jtopaclkzi6fkcxvnzy3t27q,2021-11-19T23:54:52Z,"hip hop brasileiro,boom bap,grime,trap brasileiro","Ceia",0.919,0.495,7,-5.299,1,0.127,0.00281,0.00000561,0.101,0.601,146.029,4
spotify:track:1BEEbbgY0Y6rU29QdDhERR,"Gorila","Gorila","Yung Nobre;Abbot;Caio Passos;BREEZE",2021-06-25,168205,21,true,8jtopaclkzi6fkcxvnzy3t27q,2021-11-20T00:04:44Z,"trap brasileiro,trap,trap funk,funk,funk consciente,hip hop brasileiro","BREEZE",0.803,0.67,0,-5.953,1,0.16,0.0409,0.00000995,0.127,0.76,116.978,4
spotify:track:7cwOSjgr1DexGiCOeO4mAK,"Mais Que Isso","Mais Que Isso","L7NNON",2021-05-17,162271,0,false,8jtopaclkzi6fkcxvnzy3t27q,2021-11-20T00:11:22Z,"trap brasileiro,hip hop brasileiro,trap funk,trap,funk carioca","Papatunes",0.612,0.502,5,-9.813,0,0.159,0.774,0.000137,0.101,0.659,142.062,4
spotify:track:4xRLcusfqhhm2kXAqQCKxr,"Pente Ta Girando","Ivm Tape","DomLaike;Bin",2020-02-19,127075,46,true,8jtopaclkzi6fkcxvnzy3t27q,2021-11-20T00:11:33Z,"trap brasileiro,trap,trap funk,hip hop brasileiro","OFFLEI SOUNDS",0.835,0.492,1,-8.423,1,0.468,0.137,0.00000844,0.647,0.261,105.979,4
spotify:track:3dkXSYgqtNE3BlLendqGnU,"1.5.7","Favelado Chique","2T;Chris Beats Zn;Tz da Coronel;Soud",2021-09-10,163000,48,true,8jtopaclkzi6fkcxvnzy3t27q,2021-11-20T00:40:10Z,"trap brasileiro,trap funk,hip hop brasileiro,trap","SoudCrime",0.583,0.635,4,-6.033,0,0.0393,0.0327,0,0.422,0.236,119.942,5
spotify:track:2T2Xc0TPWKnUTcvN4XbmBC,"Fura Bilionários","Fura Bilionários","Pineapple StormTv;Major RD;Chris MC;Xaga;Ghetto ZN;Sant",2018-10-19,300000,0,true,8jtopaclkzi6fkcxvnzy3t27q,2021-11-20T00:50:30Z,"hip hop brasileiro,trap brasileiro,trap,trap funk,boom bap","Pineapple StormTV",0.874,0.651,11,-8.667,0,0.198,0.00452,0.00000686,0.104,0.254,129.983,4
spotify:track:3yoWQ2192aCD6LyChIUmAR,"Raddim","RADDIM","Febem;Fleezus;CESRV",2020-01-31,209738,21,true,8jtopaclkzi6fkcxvnzy3t27q,2021-11-20T00:55:33Z,"hip hop brasileiro,boom bap,grime,trap brasileiro","Ceia",0.576,0.657,3,-6.737,1,0.531,0.155,0.0000418,0.126,0.664,177.629,5
spotify:track:0VbsQqFP4YkpiwyjIXC21h,"Profissão de Risco","Profissão de Risco","LEALL;Veigh;Kayode;Nagalli;Celo1st",2021-10-29,192013,38,false,8jtopaclkzi6fkcxvnzy3t27q,2021-11-20T01:01:27Z,"boom bap,hip hop brasileiro,trap brasileiro,grime,trap funk,trap","Supernova Ent",0.695,0.753,1,-5.579,1,0.0617,0.0387,0,0.279,0.465,140.088,4
spotify:track:2MhZgUxUouquowy8AgvCED,"Troféu","Troféu","Major RD;Rock Danger;El Lif Beatz",2021-09-27,166010,39,true,8jtopaclkzi6fkcxvnzy3t27q,2021-11-20T01:01:41Z,"trap brasileiro,hip hop brasileiro,trap,trap funk,boom bap","Major RD",0.911,0.789,9,-3.693,0,0.295,0.708,0.0000322,0.106,0.509,140.025,4
spotify:track:1KOONWuFgUhnVW589dO29R,"Trap (feat. Dfideliz, MC Igu, Jé Santiago & Derek)","Calzone Tapes 3","Recayd Mob;Derek;Dfideliz;Jé;MC Igu",2021-11-19,237877,44,true,8jtopaclkzi6fkcxvnzy3t27q,2021-11-20T01:23:38Z,"trap brasileiro,trap,hip hop brasileiro,trap funk","Recayd",0.854,0.762,2,-4.881,1,0.106,0.111,0,0.106,0.35,113.996,4
spotify:track:42My9L5eTksXI2eaK6Z0BU,"Sparrow 2 (feat. MC Igu, Derek, N.A.N.A., The Boy, Jé Santiago, Dfideliz & Bone)","Calzone Tapes 3","Recayd Mob;BONE;Derek;Dfideliz;Jé;MC Igu;N.A.N.A.;The Boy",2021-11-19,286000,33,true,8jtopaclkzi6fkcxvnzy3t27q,2021-11-20T16:40:16Z,"trap brasileiro,trap,hip hop brasileiro,trap funk","Recayd",0.851,0.592,1,-5.295,1,0.2,0.134,0,0.117,0.264,136.063,4
spotify:track:5jdE24JWlayVMiGLLUGt3O,"Vícios (feat. The Boy, Jé Santiago, N.A.N.A. & Dfideliz)","Calzone Tapes 3","Recayd Mob;Dfideliz;Jé;N.A.N.A.;The Boy",2021-11-19,232564,45,true,8jtopaclkzi6fkcxvnzy3t27q,2021-11-20T17:10:11Z,"trap brasileiro,trap,hip hop brasileiro,trap funk","Recayd",0.49,0.691,3,-6.207,0,0.284,0.11,0,0.0964,0.659,91.481,3
spotify:track:3pONvqO9J5bLSF6Y18drsq,"Lacoste 5","Lacoste 5","Enzo from the Block",2021-02-05,198260,31,true,8jtopaclkzi6fkcxvnzy3t27q,2021-11-23T00:42:25Z,"trap brasileiro,trap funk","EnzoFromTheBlock",0.908,0.51,1,-9.498,1,0.357,0.0641,0.00022,0.0669,0.558,137.915,4
spotify:track:7KULsy0P2NOoeAUNmuSvt5,"Bx Drill","Bx Drill","Gotti Maras",2020-10-30,143571,38,true,8jtopaclkzi6fkcxvnzy3t27q,2021-11-23T00:50:40Z,"drill,rap francês","LUCID RECORDS",0.833,0.509,2,-12.457,1,0.533,0.353,0.0000118,0.101,0.374,140.035,4
spotify:track:0YAQnYt2oB8OdoaeqnHyTI,"Tribe (with J. Cole)","Milky Way","Bas;J. Cole",2018-08-24,238053,64,true,8jtopaclkzi6fkcxvnzy3t27q,2021-11-28T02:27:11Z,"rap","J. Cole/ DreamVille",0.755,0.594,7,-5.906,1,0.216,0.241,0,0.107,0.237,178.929,4
spotify:track:4bw3ZyWA1ui0Adu285NWDl,"Without Me - ILLENIUM Remix","Without Me (ILLENIUM Remix)","Halsey;ILLENIUM",2018-11-30,248906,52,true,8jtopaclkzi6fkcxvnzy3t27q,2021-12-01T21:01:04Z,"melodic bass,future bass,edm","Capitol Records",0.639,0.71,6,-3.358,1,0.0479,0.483,0.00000222,0.219,0.373,136.004,4
spotify:track:2goIIAg5kdzfwclJMFZM33,"Everything","Everything","Diamond Eyes",2018-04-10,267428,0,false,8jtopaclkzi6fkcxvnzy3t27q,2021-12-01T21:02:38Z,"","NCS",0.609,0.681,10,-4.084,1,0.0516,0.0509,0,0.0845,0.386,140.038,4
spotify:track:2r5mYPzagPQUOYQcTHccAA,"SE EU ABRIR MINHA SHOULDER","SHH..","Sidoka;DogDu BEAT$;Raffa Moreira;Intactoz Corp.",2021-10-01,195946,0,true,8jtopaclkzi6fkcxvnzy3t27q,2021-12-02T12:30:56Z,"trap brasileiro,trap,hip hop brasileiro,trap funk","Intactoz Corp.",0.684,0.563,6,-6.486,0,0.0794,0.534,0,0.104,0.672,135.969,4
spotify:track:3w1WjD2zJqjBjDz5fwqQPJ,"Tyler Herro","Thats What They All Say","Jack Harlow",2020-12-11,156578,74,true,8jtopaclkzi6fkcxvnzy3t27q,2021-12-02T13:18:21Z,"","Generation Now/Atlantic",0.792,0.793,5,-6.185,0,0.0841,0.0872,0,0.22,0.775,123.031,4
spotify:track:430wwaLM5dZXhY4h7QJH0I,"Oi Né","Oi Né","Major RD",2021-05-07,170322,44,false,8jtopaclkzi6fkcxvnzy3t27q,2021-12-08T17:51:40Z,"trap brasileiro,hip hop brasileiro,trap,trap funk","Valhalla Records",0.944,0.631,9,-5.755,1,0.406,0.362,0,0.107,0.368,123.985,4
spotify:track:3KJoFnLfilORvFf3I7FX7U,"Fica Puto","Fica Puto","Flacko;Browse;Enzo from the Block",2021-11-30,192004,17,true,8jtopaclkzi6fkcxvnzy3t27q,2021-12-08T17:52:08Z,"trap brasileiro,trap,hip hop brasileiro,trap funk","Browse",0.8,0.587,10,-7.102,0,0.0773,0.352,0,0.306,0.751,139.963,4
spotify:track:64bJ83px2Htf20Eo3n9trz,"Como É Que Tá?","Troféu","Major RD;Rock Danger;El Lif Beatz",2021-09-27,139328,46,true,8jtopaclkzi6fkcxvnzy3t27q,2021-12-08T17:52:45Z,"trap brasileiro,hip hop brasileiro,trap,trap funk,boom bap","Major RD",0.776,0.849,2,-4.317,1,0.342,0.474,0.0000304,0.255,0.388,142.867,4
spotify:track:7lM0zIzVrsWTiZphRxBzS3,"Como um Raio","Troféu","Major RD;Rock Danger;Froid;El Lif Beatz",2021-09-27,191200,45,true,8jtopaclkzi6fkcxvnzy3t27q,2021-12-08T17:53:03Z,"trap brasileiro,hip hop brasileiro,trap,trap funk,boom bap","Major RD",0.809,0.717,2,-4.88,1,0.265,0.635,0,0.106,0.294,138.167,4
spotify:track:1muDihGGBhRaAfIDUA93z9,"Deixa a Luz Baixa","Troféu","Major RD;Rock Danger;Sain;Chris MC;El Lif Beatz;KIB7",2021-09-27,210783,36,true,8jtopaclkzi6fkcxvnzy3t27q,2021-12-08T17:53:15Z,"trap brasileiro,hip hop brasileiro,trap,trap funk,boom bap","Major RD",0.745,0.638,1,-7.012,1,0.284,0.44,0.000109,0.229,0.488,130.022,4
spotify:track:5b9MS3By7f4PWJnCH1Aseh,"Carro Bicho 2","Troféu","Major RD;Rock Danger;Raffé;El Lif Beatz",2021-09-27,164357,44,true,8jtopaclkzi6fkcxvnzy3t27q,2021-12-08T17:53:30Z,"trap brasileiro,hip hop brasileiro,trap,trap funk,boom bap","Major RD",0.884,0.697,11,-6.07,1,0.338,0.637,0,0.143,0.555,130.075,4
spotify:track:4vpEckyBBwUBg83gIm4NmJ,"Rimo Igual Pac (Freestyle)","Troféu","Major RD;Rock Danger;Young Ganni;El Lif Beatz;KIB7",2021-09-27,172896,56,true,8jtopaclkzi6fkcxvnzy3t27q,2021-12-08T17:53:46Z,"trap brasileiro,hip hop brasileiro,trap,trap funk,boom bap","Major RD",0.84,0.526,5,-5.164,0,0.142,0.523,0.0000926,0.0993,0.605,119.9,4
spotify:track:4wVOKKEHUJxHCFFNUWDn0B,"Chicago Freestyle (feat. Giveon)","Dark Lane Demo Tapes","Drake;GIVĒON",2020-05-01,220487,80,true,8jtopaclkzi6fkcxvnzy3t27q,2022-01-12T22:24:24Z,"rap,r&b","OVO",0.735,0.449,10,-7.507,1,0.347,0.629,0,0.113,0.0397,122.947,4
spotify:track:2AQJRDfQJbfgmTf5e62Czl,"Sem Dó","Sem Dó","Matuê;L7NNON",2021-12-30,267130,60,false,8jtopaclkzi6fkcxvnzy3t27q,2022-01-12T23:02:08Z,"trap brasileiro,trap,hip hop brasileiro,trap funk,funk carioca","Sony Music Entertainment",0.612,0.661,5,-5.175,0,0.133,0.163,0,0.103,0.659,172.467,3
spotify:track:4FwLxBlyai8cSa69eYIRP1,"Pool Party","Porrada Seca Mixtape","Elicê;Gabrá",2021-03-30,138466,25,true,8jtopaclkzi6fkcxvnzy3t27q,2022-01-12T23:02:30Z,"grime,drill,trap brasileiro,hip hop brasileiro","Elicê",0.768,0.577,3,-5.973,0,0.452,0.0732,0,0.0958,0.454,145.953,4
spotify:track:0lWdEIt3UeiGx6eXWRzhyg,"Samehada","Samehada","Elicê",2020-11-05,165747,21,true,8jtopaclkzi6fkcxvnzy3t27q,2022-01-12T23:02:58Z,"grime,drill,trap brasileiro","Elicê",0.837,0.65,6,-6.802,0,0.355,0.225,0,0.14,0.505,143.043,4
spotify:track:1YEgeaqQk2lxjEd2cq1dnP,"Yolo","Yolo","Elicê",2020-09-30,141000,11,true,8jtopaclkzi6fkcxvnzy3t27q,2022-01-12T23:03:27Z,"grime,drill,trap brasileiro","Elicê",0.83,0.346,10,-13.785,0,0.698,0.0967,0,0.122,0.231,140.057,4
spotify:track:5IPt3ai6hUOqoujtUQQXBk,"Vida Loka","Big Bang Mixtape","Elicê",2021-11-28,137216,8,true,8jtopaclkzi6fkcxvnzy3t27q,2022-01-12T23:03:43Z,"grime,drill,trap brasileiro","Elicê",0.655,0.876,6,-6.722,1,0.395,0.295,0,0.102,0.746,105.753,3
spotify:track:5RNPVP2TreiD8EX4VYhLNL,"Colômbia","Porrada Seca Mixtape","Elicê",2021-03-30,133475,12,true,8jtopaclkzi6fkcxvnzy3t27q,2022-01-12T23:04:06Z,"grime,drill,trap brasileiro","Elicê",0.848,0.797,4,-7.699,0,0.426,0.078,0,0.147,0.499,125.02,4
spotify:track:0yBfx4ZVmwSYME4gAveZto,"NBA ELIGANG","Big Bang Mixtape","Elicê",2021-11-28,128494,3,true,8jtopaclkzi6fkcxvnzy3t27q,2022-01-12T23:04:31Z,"grime,drill,trap brasileiro","Elicê",0.737,0.784,5,-9.032,0,0.522,0.315,0,0.0932,0.734,142.045,4
spotify:track:62aRZcPCxJwPP6BzetxOow,"De Novo","Big Bang Mixtape","Elicê;Queenie M",2021-11-28,188538,2,true,8jtopaclkzi6fkcxvnzy3t27q,2022-01-12T23:04:49Z,"grime,drill,trap brasileiro","Elicê",0.582,0.733,3,-9.229,0,0.417,0.294,0,0.0771,0.498,136.763,4
spotify:track:4huBDGP4I3S0pYI0EaRN1c,"City of Gods","City of Gods","Fivio Foreign;Kanye West;Alicia Keys",2022-02-11,256000,57,true,8jtopaclkzi6fkcxvnzy3t27q,2022-02-16T18:46:12Z,"drill do brooklyn,drill de nova iorque,drill,drill reino unido,rap,r&b,neo soul","RichFish/Columbia",0.474,0.801,8,-5.978,0,0.375,0.102,0,0.322,0.497,147.356,4
spotify:track:5phjnA00QqNdF7oo8a6yu0,"ROLLIN N CONTROLLIN, Pt.2 (PICTURE ME)","ROLLIN N CONTROLLIN, Pt.2 (PICTURE ME)","DUSTY LOCANE",2021-05-14,121836,44,true,8jtopaclkzi6fkcxvnzy3t27q,2022-02-16T18:47:26Z,"drill do brooklyn,drill de nova iorque,drill,drill reino unido","95MM / EMPIRE",0.858,0.625,8,-4.666,1,0.404,0.225,0,0.18,0.659,130.05,4
spotify:track:3Ddny34bFoYBb8dIGq5lwp,"Zoo York (feat. Fivio Foreign & Pop Smoke)","State of Emergency","Lil Tjay;Fivio Foreign;Pop Smoke",2020-05-08,214825,59,true,8jtopaclkzi6fkcxvnzy3t27q,2022-02-16T18:47:49Z,"drill do brooklyn,rap melódico,drill de nova iorque,drill,drill reino unido","Columbia",0.565,0.569,6,-6.084,0,0.379,0.0352,0.00000881,0.106,0.303,92.466,5
spotify:track:25GyyK9CyZRiDCsPY51fIT,"Not In The Mood (feat. Fivio Foreign & Kay Flock)","Not In The Mood (feat. Fivio Foreign & Kay Flock)","Lil Tjay;Fivio Foreign;Kay Flock",2021-10-22,150475,59,true,8jtopaclkzi6fkcxvnzy3t27q,2022-02-16T18:48:25Z,"drill do brooklyn,rap melódico,drill de nova iorque,drill,drill reino unido","Columbia",0.545,0.82,8,-4.489,1,0.275,0.0951,0,0.29,0.357,141.908,4
spotify:track:3hbZsQXQNbPMBmgI7O0CTv,"Big Drip","800 BC","Fivio Foreign",2020-04-24,168298,49,true,8jtopaclkzi6fkcxvnzy3t27q,2022-02-16T18:48:52Z,"drill do brooklyn,drill de nova iorque,drill,drill reino unido","RichFish/Columbia",0.814,0.659,0,-6.453,1,0.357,0.186,0,0.163,0.464,139.956,4
spotify:track:1kzJ786jktCryP59bq4wij,"Double Tap","Double Tap","Abra Cadabra;Unknown T",2021-10-28,192853,38,true,8jtopaclkzi6fkcxvnzy3t27q,2022-02-16T18:51:57Z,"drill reino unido,drill,grime,grime reino unido,afroswing","Abra Cadabra",0.698,0.668,3,-7.49,0,0.365,0.809,0,0.12,0.547,142.988,4
spotify:track:46Mk1NVIpCcRIAXY92mWAW,"THE NEWS","PARTYMOBILE","PARTYNEXTDOOR",2020-03-26,267384,0,false,8jtopaclkzi6fkcxvnzy3t27q,2022-02-19T14:45:44Z,"dark r&b,r&b,trap soul","OVO Sound/Warner Records",0.74,0.465,7,-8.27,0,0.0411,0.304,0.00404,0.101,0.276,116.74,4
spotify:track:4EWCNWgDS8707fNSZ1oaA5,"Heartless","808s & Heartbreak","Kanye West",2008-11-24,211000,88,false,8jtopaclkzi6fkcxvnzy3t27q,2022-02-27T03:07:37Z,"rap","Roc-A-Fella",0.79,0.647,10,-5.983,0,0.136,0.0515,0,0.248,0.654,87.999,4
spotify:track:1kxeWHF9PrCVZHvVskv8lg,"Love Lockdown","808s & Heartbreak","Kanye West",2008-11-24,270306,68,false,8jtopaclkzi6fkcxvnzy3t27q,2022-03-03T00:51:22Z,"rap","Roc-A-Fella",0.76,0.524,1,-7.67,0,0.0323,0.0542,0.5,0.112,0.112,119.603,4
spotify:track:6j8gTlbhj9KJSeypNcNAS9,"Street Lights","808s & Heartbreak","Kanye West",2008-11-24,189906,64,false,8jtopaclkzi6fkcxvnzy3t27q,2022-03-03T00:55:05Z,"rap","Roc-A-Fella",0.644,0.487,6,-9.654,1,0.034,0.0287,0.0166,0.206,0.467,125.528,4
spotify:track:1nNPoG2hygEvrFGlHdhvJ9,"Bad News","808s & Heartbreak","Kanye West",2008-11-24,238773,58,false,8jtopaclkzi6fkcxvnzy3t27q,2022-03-03T00:55:54Z,"rap","Roc-A-Fella",0.749,0.436,9,-11.99,1,0.0393,0.0288,0.201,0.114,0.167,106.171,4
spotify:track:5zuoz1NBnpoHK6g5sbEH8F,"See You In My Nightmares","808s & Heartbreak","Kanye West;Lil Wayne",2008-11-24,258120,58,false,8jtopaclkzi6fkcxvnzy3t27q,2022-03-03T00:56:53Z,"rap,hip hop","Roc-A-Fella",0.676,0.432,7,-8.035,0,0.0339,0.0626,0,0.103,0.156,124.597,4
spotify:track:2RRFTLIglxHgAYQzsSLI4Y,"Coldest Winter","808s & Heartbreak","Kanye West",2008-11-24,164333,60,false,8jtopaclkzi6fkcxvnzy3t27q,2022-03-03T00:58:12Z,"rap","Roc-A-Fella",0.761,0.516,0,-10.229,1,0.044,0.171,0.00000321,0.265,0.562,133.999,4
spotify:track:3sD5OccjjbRcS8GS08omQw,"Lacoste 5 - Remix","Lacoste 5 (Remix)","Enzo from the Block;Borges;Flacko;Kyan",2022-02-20,259130,32,true,8jtopaclkzi6fkcxvnzy3t27q,2022-03-03T01:11:51Z,"trap brasileiro,trap funk,trap,hip hop brasileiro","EnzoFromTheBlock",0.912,0.458,1,-9.123,1,0.344,0.212,0,0.111,0.803,138.148,4
spotify:track:6JzyJgeHSRS4aYiK5gt02M,"Showin Off Pt.2 (feat. Fivio Foreign)","Shoot For The Stars Aim For The Moon (Deluxe)","Pop Smoke;Fivio Foreign",2020-07-20,192000,12,true,8jtopaclkzi6fkcxvnzy3t27q,2022-03-03T01:13:25Z,"drill do brooklyn,drill de nova iorque,drill,drill reino unido","Victor Victor Worldwide",0.658,0.769,11,-5.16,0,0.279,0.245,0.00000215,0.313,0.611,140.042,4
spotify:track:5jOoks9URiaBYwXFcqH36c,"Balance","Balance","AM",2022-02-24,176666,25,true,8jtopaclkzi6fkcxvnzy3t27q,2022-03-03T01:15:28Z,"drill reino unido,drill,grime,grime reino unido","blackstorment",0.805,0.785,2,-9.496,0,0.311,0.38,0.00031,0.0917,0.876,144.012,4
spotify:track:7fzaDe7qR6IX2w275uX4Th,"Louboutin","Louboutin","Vale Pain;Rondodasosa",2020-06-25,240000,47,true,8jtopaclkzi6fkcxvnzy3t27q,2022-03-03T01:18:12Z,"trap italiano,drill,drill reino unido","Real Music 4e",0.771,0.611,10,-6.433,0,0.203,0.0317,0.00000103,0.112,0.479,144.057,4
spotify:track:3PbRjYudOMppYH3vjW0o8c,"Being Honest","The D.O.A. Tape","Kay Flock",2021-11-05,153964,50,true,8jtopaclkzi6fkcxvnzy3t27q,2022-03-03T01:26:23Z,"drill de nova iorque,drill,drill do brooklyn","Capitol Records",0.716,0.757,5,-6.164,1,0.29,0.579,0,0.0998,0.753,140.012,4
spotify:track:4HYLdycupNLhaG7i10Op9y,"REWIND","UNTAMED","DUSTY LOCANE",2021-12-03,198260,24,true,8jtopaclkzi6fkcxvnzy3t27q,2022-03-03T01:27:39Z,"drill do brooklyn,drill de nova iorque,drill,drill reino unido","95MM / EMPIRE",0.728,0.701,1,-3.675,1,0.267,0.359,0,0.187,0.327,138.11,4
spotify:track:2xKwWM2o9evwC7uCpXOjBp,"Grabba - Remix","Grabba (Remix)","Ron Suno;DUSTY LOCANE",2021-09-10,184984,36,true,8jtopaclkzi6fkcxvnzy3t27q,2022-03-03T01:29:36Z,"drill de nova iorque,drill,drill do brooklyn,drill reino unido","SBL, LLC/ EMPIRE",0.746,0.802,11,-4.196,0,0.351,0.257,0.00000148,0.171,0.662,144.914,4
spotify:track:6O7fPYTsb2mY0PiFt2ymDB,"Aim For The Moon (feat. Quavo)","Shoot For The Stars Aim For The Moon","Pop Smoke;Quavo",2020-07-03,175756,24,true,8jtopaclkzi6fkcxvnzy3t27q,2022-03-03T01:31:15Z,"drill do brooklyn,drill de nova iorque,drill","Victor Victor Worldwide",0.713,0.605,11,-7.487,1,0.107,0.497,0.00000346,0.115,0.432,142.025,4
spotify:track:2vgUijXOTRMnWXDtvgMp2b,"Take My Breath","Dawn FM","The Weeknd",2022-01-06,339023,73,false,8jtopaclkzi6fkcxvnzy3t27q,2022-03-03T03:02:40Z,"","XO / Republic Records",0.698,0.769,8,-7.154,1,0.0368,0.0128,0.00166,0.238,0.354,121.02,4
spotify:track:1nH2PkJL1XoUq8oE6tBZoU,"Sacrifice","Dawn FM","The Weeknd",2022-01-06,188918,73,true,8jtopaclkzi6fkcxvnzy3t27q,2022-03-03T03:02:49Z,"","XO / Republic Records",0.735,0.795,11,-6.523,0,0.113,0.0296,0.0000318,0.0678,0.905,122,4
spotify:track:3KyKxJ4P3pVCgaZwaq2rUC,"Gasoline","Dawn FM","The Weeknd",2022-01-06,212165,69,false,8jtopaclkzi6fkcxvnzy3t27q,2022-03-03T03:03:00Z,"","XO / Republic Records",0.728,0.741,6,-7.075,0,0.0473,0.000582,0.00206,0.33,0.31,123.006,4
spotify:track:0mL82sxCRjrs3br407IdJh,"Is There Someone Else?","Dawn FM","The Weeknd",2022-01-06,199111,82,false,8jtopaclkzi6fkcxvnzy3t27q,2022-03-03T03:03:24Z,"","XO / Republic Records",0.702,0.586,9,-7.83,0,0.0313,0.0388,0.0000727,0.156,0.608,134.951,4
spotify:track:5ciyqWW5YuGqF4Avu7uwry,"Nothing Compares - Bonus Track","After Hours (Deluxe)","The Weeknd",2020-04-03,222306,56,true,8jtopaclkzi6fkcxvnzy3t27q,2022-03-16T02:20:34Z,"","Republic Records",0.532,0.577,1,-9.313,1,0.0352,0.00253,0.0437,0.234,0.0397,131.922,4
spotify:track:3PHx91cSFc4vNVP7TpICVt,"Moth To A Flame (with The Weeknd)","Dawn FM (Alternate World)","Swedish House Mafia;The Weeknd",2022-01-07,234000,0,false,8jtopaclkzi6fkcxvnzy3t27q,2022-03-18T03:12:26Z,"edm","XO / Republic Records",0.542,0.659,8,-7.289,1,0.0389,0.00279,0,0.105,0.109,120.122,4
spotify:track:5e5MKPtJuFb8NaeSEyV5gD,"Say You Will","808s & Heartbreak","Kanye West",2008-11-24,377600,60,false,8jtopaclkzi6fkcxvnzy3t27q,2022-04-13T01:58:19Z,"rap","Roc-A-Fella",0.603,0.401,0,-10.155,0,0.0306,0.542,0.225,0.103,0.347,172.633,4
spotify:track:6mSzsSdu0CWIV70jEjWMhI,"Oliver Twist","Oliver Twist","ArrDee",2021-06-03,174857,56,true,8jtopaclkzi6fkcxvnzy3t27q,2022-04-17T19:14:57Z,"drill reino unido,drill,grime,grime reino unido","Universal-Island Records Ltd.",0.725,0.807,11,-4.332,1,0.315,0.352,0,0.462,0.848,140.045,4
spotify:track:4CPcZHzSvIBM8AKhdHUwnL,"Clueless (with Pop Smoke & Fivio Foreign)","Hall of Fame","Polo G;Pop Smoke;Fivio Foreign",2021-06-11,165404,58,true,8jtopaclkzi6fkcxvnzy3t27q,2022-04-17T19:15:26Z,"drill do brooklyn,drill de nova iorque,drill,drill reino unido","Columbia",0.734,0.712,6,-6.217,0,0.201,0.391,0,0.103,0.674,140.369,4
spotify:track:4H9bsNViPTJV0zNGlYJnUN,"Scooby Doo","Scooby Doo","Derek;Abbot;Celo1st;Neckklace",2022-03-02,212307,32,true,8jtopaclkzi6fkcxvnzy3t27q,2022-04-17T19:17:51Z,"trap brasileiro,trap,hip hop brasileiro,trap funk","Derek",0.832,0.636,2,-5.681,1,0.102,0.00878,0,0.147,0.372,130.067,3
spotify:track:1KTBGSbVagQL2auTnNgmoR,"Luisa Sonza","Luisa Sonza","Derek;Sueth;Celo1st;DatBoyTwnty",2022-04-08,187941,34,true,8jtopaclkzi6fkcxvnzy3t27q,2022-04-17T19:17:58Z,"trap brasileiro,trap,hip hop brasileiro,trap funk","Derek",0.901,0.444,8,-8.554,1,0.192,0.0538,0,0.0953,0.42,135.982,4
spotify:track:0tLRlU39HHqJ2BX4DN4qnm,"Progresso","Progresso","Dfideliz",2022-02-08,161311,51,true,8jtopaclkzi6fkcxvnzy3t27q,2022-04-17T19:18:17Z,"trap brasileiro,hip hop brasileiro,trap,trap funk","Dfideliz",0.881,0.57,3,-9.515,0,0.296,0.422,0,0.0931,0.794,122.008,4
spotify:track:2BWXfyYzeLcK0pbvPp9Itw,"Richer Than Ever","Richer Than Ever","Fivio Foreign;Rich The Kid",2020-01-17,185443,36,true,8jtopaclkzi6fkcxvnzy3t27q,2022-04-17T19:18:32Z,"drill do brooklyn,drill de nova iorque,drill,drill reino unido,trap","RichFish/Columbia",0.715,0.537,9,-9.414,1,0.279,0.00235,0,0.358,0.287,142.952,4
spotify:track:1dXLZ4VqUnP47hkGMVavK3,"DEADLY","UNTAMED","DUSTY LOCANE",2021-12-03,246857,35,true,8jtopaclkzi6fkcxvnzy3t27q,2022-04-17T19:18:58Z,"drill do brooklyn,drill de nova iorque,drill,drill reino unido","95MM / EMPIRE",0.601,0.551,7,-4.333,0,0.352,0.652,0.00000885,0.144,0.597,139.401,4
spotify:track:44SoNflj7JIydOLCVoa9Vy,"Bola de Haxixe","Bola de Haxixe","UCLÃ;Major RD;Sos",2020-03-12,192764,43,true,8jtopaclkzi6fkcxvnzy3t27q,2022-04-17T22:44:23Z,"trap brasileiro,hip hop brasileiro,trap,trap funk","UCLÃ",0.882,0.668,0,-7.342,1,0.306,0.00668,0,0.262,0.716,130.005,4
spotify:track:3CAz01GipLndFoWGYTYFeF,"Video Girl","Donny Womack","Don Toliver",2018-08-02,156628,52,true,8jtopaclkzi6fkcxvnzy3t27q,2022-04-17T22:45:50Z,"","We Run It Ent./Cactus Jack/Atlantic",0.87,0.567,8,-6.278,0,0.123,0.159,0,0.102,0.369,117.97,4
spotify:track:7FullO2NDkyvxLuxYVKINa,"Excitement (feat. PARTYNEXTDOOR)","Pegasus","Trippie Redd;PARTYNEXTDOOR",2020-10-30,283285,0,false,8jtopaclkzi6fkcxvnzy3t27q,2022-04-17T22:45:54Z,"rap melódico,dark r&b,r&b,trap soul","1400 Entertainment/TenThousand Projects",0.443,0.536,4,-8.187,0,0.0378,0.0194,0.0000424,0.1,0.0391,121.967,4
spotify:track:13QU8HBEBaSTZGq1HzQe9S,"Euphoria (feat. Travis Scott & Kaash Paige)","Heaven Or Hell","Don Toliver;Kaash Paige;Travis Scott",2020-03-13,216004,61,true,8jtopaclkzi6fkcxvnzy3t27q,2022-04-17T22:46:15Z,"rap","We Run It Ent./Cactus Jack/Atlantic",0.584,0.306,9,-8.401,0,0.0271,0.52,0,0.12,0.096,70.022,4
spotify:track:1mhVXWduD8ReDwusfaHNwU,"Tell Your Friends","Beauty Behind The Madness","The Weeknd",2015-08-28,334333,70,true,8jtopaclkzi6fkcxvnzy3t27q,2022-04-17T22:46:41Z,"","The Weeknd/Lyric",0.583,0.454,1,-11.091,0,0.0425,0.265,0,0.181,0.309,74.64,4
spotify:track:2r6OAV3WsYtXuXjvJ1lIDi,"Hello (feat. A Boogie Wit da Hoodie)","Shoot For The Stars Aim For The Moon (Deluxe)","Pop Smoke;A Boogie Wit da Hoodie",2020-07-20,190534,40,true,8jtopaclkzi6fkcxvnzy3t27q,2022-04-17T22:47:07Z,"drill do brooklyn,drill de nova iorque,drill,rap melódico","Victor Victor Worldwide",0.905,0.647,10,-5.065,0,0.107,0.0187,0,0.282,0.367,130.97,4
spotify:track:1jKNEjRf8scbsPStmz4mP0,"Se Essa Noite Eu Morrer, Pt. 3","Nov-D","Denov;BREEZE;Sidoka",2020-12-04,255014,50,false,8jtopaclkzi6fkcxvnzy3t27q,2022-04-17T22:47:28Z,"trap brasileiro,hip hop brasileiro,trap,trap funk","BREEZE",0.634,0.599,4,-8.191,0,0.04,0.893,0.000011,0.102,0.176,120.426,4
spotify:track:08F16baYbciTva9P4BvpiI,"MAFIA","ESCAPE PLAN / MAFIA","Travis Scott",2021-11-05,240000,71,true,8jtopaclkzi6fkcxvnzy3t27q,2022-04-17T22:53:12Z,"rap","Cactus Jack/Epic",0.855,0.492,0,-7.578,0,0.0483,0.0775,0.00000671,0.111,0.385,109.975,4
spotify:track:2Ch7LmS7r2Gy2kc64wv3Bz,"Die For You","Starboy","The Weeknd",2016-11-25,260252,81,false,8jtopaclkzi6fkcxvnzy3t27q,2022-04-17T22:56:43Z,"","The Weeknd/Lyric",0.586,0.525,1,-7.163,0,0.0616,0.111,0,0.134,0.507,133.63,4
spotify:track:4cEqoGTqPRZy76Yl3ymj3V,"Only 1 (Interlude) (with Travis Scott)","NOT ALL HEROES WEAR CAPES (Deluxe)","Metro Boomin;Travis Scott",2018-11-06,80466,57,true,8jtopaclkzi6fkcxvnzy3t27q,2022-04-17T23:01:08Z,"rap","Republic Records",0.317,0.239,1,-12.036,0,0.0331,0.744,0,0.169,0.391,78.254,3
spotify:track:50a8bKqlwDEqeiEknrzkTO,"ball w/o you","i am > i was","21 Savage",2018-12-21,195046,77,true,8jtopaclkzi6fkcxvnzy3t27q,2022-04-17T23:01:15Z,"","Slaughter Gang, LLC/Epic Records",0.892,0.633,8,-7.471,1,0.0902,0.0467,0.000189,0.139,0.459,137.994,4
spotify:track:4BGZF4oLbTL0pWm7C18pbv,"Scared To Live","After Hours","The Weeknd",2020-03-20,191306,64,true,8jtopaclkzi6fkcxvnzy3t27q,2022-04-17T23:01:41Z,"","Republic Records",0.488,0.498,0,-8.24,1,0.0479,0.131,0,0.0929,0.198,87.419,4
spotify:track:05aZ9sAU1YXndHv0FMi9iW,"Demons (feat. Fivio Foreign & Sosa Geek)","Dark Lane Demo Tapes","Drake;Fivio Foreign;Sosa Geek",2020-05-01,204805,58,true,8jtopaclkzi6fkcxvnzy3t27q,2023-11-30T17:23:20Z,"rap,drill do brooklyn,drill de nova iorque,drill,drill reino unido","OVO",0.543,0.766,0,-3.387,0,0.343,0.423,0,0.155,0.729,106.869,3
spotify:track:3r9ljWQNQMV0xLY5v44Hwp,"Só Rock 2","Rock Danger, Vol. 1","Rock Danger;Young Ganni;KIB7;Major RD;Xamã;El Lif Beatz",2022-03-28,239253,66,true,8jtopaclkzi6fkcxvnzy3t27q,2023-11-30T17:23:24Z,"boom bap,trap brasileiro,hip hop brasileiro,trap,trap funk","Rock Danger",0.915,0.672,2,-4.483,1,0.214,0.214,0.00000401,0.119,0.83,123.006,4
spotify:track:3dYN651z0KSUQnC0fxCKWN,"Dia de Baile","Rock Danger, Vol. 1","Rock Danger;Major RD;Massaru",2022-03-28,178005,42,true,8jtopaclkzi6fkcxvnzy3t27q,2023-11-30T17:23:28Z,"boom bap,trap brasileiro,hip hop brasileiro,trap,trap funk","Rock Danger",0.742,0.675,0,-4.452,0,0.297,0.529,0.0000254,0.0741,0.528,141.83,3
spotify:track:6Jzdxguk63s6CVVXHIrQ0x,"Own Brand Freestyle","Own Brand Freestyle","FelixThe1st;Dréya Mac;Finch Fetti",2021-10-29,153808,59,true,8jtopaclkzi6fkcxvnzy3t27q,2023-11-30T17:23:33Z,"","Capitol",0.912,0.54,7,-8.038,1,0.305,0.16,0,0.421,0.619,128.068,4
spotify:track:7bpdHC5nRr6hDdhzt0JkQU,"Very Good Very Nice","Very Good Very Nice","Bck;Galass Gueye",2022-03-25,147428,0,false,8jtopaclkzi6fkcxvnzy3t27q,2023-11-30T17:23:37Z,"drill reino unido,drill","Raw Kingdom Music",0.665,0.908,10,-4.183,0,0.102,0.0247,0,0.187,0.639,140.055,4
spotify:track:6PyDmJQd9gT9vBOc5aPAXw,"Backseat","Backseat","Russ Millions",2022-04-14,161142,42,true,8jtopaclkzi6fkcxvnzy3t27q,2023-11-30T17:23:43Z,"drill reino unido,drill,grime,grime reino unido","Dream Life Records/Since 93",0.865,0.582,1,-10.103,1,0.286,0.0298,0.579,0.117,0.286,140.038,4
spotify:track:2ye9iWj5V4g6k6HFeTTAKa,"High For This","House Of Balloons (Original)","The Weeknd",2011-03-21,249102,68,false,8jtopaclkzi6fkcxvnzy3t27q,2023-11-30T17:23:48Z,"","The Weeknd/Lyric",0.466,0.403,4,-10.441,0,0.0502,0.59,0.0000951,0.1,0.0967,75.033,4
spotify:track:2mHIXCJ6YDDBI0EMM67HJM,"Hello","Hello","NateTaylorr",2022-01-05,144000,0,true,8jtopaclkzi6fkcxvnzy3t27q,2023-11-30T17:23:57Z,"dark r&b,trap soul","1012 Entertainment LLC",0.82,0.552,4,-6.006,0,0.126,0.133,0,0.107,0.102,135.019,4
spotify:track:6OrTKLtcF7EBayOV2QqkSK,"Hold That Heat (feat. Travis Scott)","Hold That Heat (feat. Travis Scott)","Southside;Future;Travis Scott",2022-04-22,221538,62,true,8jtopaclkzi6fkcxvnzy3t27q,2023-11-30T17:24:03Z,"drill de chicago,rap","Epic",0.744,0.608,2,-6.386,1,0.0442,0.0295,0,0.397,0.0692,130.045,4
