Track URI,Track Name,Album Name,Artist Name(s),Release Date,Duration (ms),Popularity,Explicit,Added By,Added At,Genres,Record Label,Danceability,Energy,Key,Loudness,Mode,Speechiness,Acousticness,Instrumentalness,Liveness,Valence,Tempo,Time Signature
spotify:track:6gxKUmycQX7uyMwJcweFjp,"We Paid (feat. 42 Dugg)","My Turn (Deluxe)","Lil Baby;42 Dugg",2020-05-01,181929,75,true,8jtopaclkzi6fkcxvnzy3t27q,2022-05-05T20:04:24Z,"","Quality Control/Motown Records",0.926,0.542,1,-5.064,1,0.293,0.135,0,0.0877,0.564,135.14,4
spotify:track:3z3Xzi1zgNJTq99Lly4SiI,"Russ Millions x Buni x Fumez The Engineer - Plugged In","Russ Millions x Buni x Fumez The Engineer - Plugged In","Fumez The Engineer;Russ Millions;Buni",2021-01-14,140689,0,true,8jtopaclkzi6fkcxvnzy3t27q,2022-05-05T20:10:29Z,"drill reino unido,drill,grime,grime reino unido","Fumez The Engineer",0.77,0.708,9,-10.13,1,0.313,0.124,0,0.128,0.616,144.996,4
spotify:track:2swRdG3vAk5bYBR3oSf1cg,"BM (London View)","BM (London View)","OTP",2021-07-23,164623,1,true,8jtopaclkzi6fkcxvnzy3t27q,2022-05-05T20:11:19Z,"drill reino unido,drill","Touch Paper Records",0.868,0.522,11,-8.601,1,0.355,0.24,0,0.235,0.8,143.01,4
spotify:track:4cSSL3YafYjM3yjgFO1vJg,"Walk Em Down (feat. Roddy Ricch)","Walk Em Down (feat. Roddy Ricch)","NLE Choppa;Roddy Ricch",2020-03-19,173288,60,true,8jtopaclkzi6fkcxvnzy3t27q,2022-05-05T20:12:11Z,"rap melódico","Warner Records",0.867,0.744,2,-5.171,1,0.227,0.268,0,0.0713,0.645,84.005,4
spotify:track:3WCXvxgQ7U3mznWsQjiEMu,"6locc 6a6y","6locc 6a6y","Lil Loaded",2019-12-06,131285,70,true,8jtopaclkzi6fkcxvnzy3t27q,2022-05-05T20:12:47Z,"drill","Lil Loaded Music",0.871,0.702,5,-8.025,1,0.253,0.296,0,0.0912,0.675,125.089,4
spotify:track:5jXuvCO3GRprPWKj0Dze8y,"Lil Jon 2","Lil Jon 2","Derek;MC Igu;Marreta",2021-08-03,222720,28,true,8jtopaclkzi6fkcxvnzy3t27q,2022-05-05T20:13:00Z,"trap brasileiro,trap,hip hop brasileiro,trap funk","Derek Luccas",0.856,0.555,2,-7.183,1,0.258,0.576,0.0000378,0.449,0.352,110.017,4
spotify:track:68MTDH8Kk4jBEV1ah0n89s,"EA (feat. 21 Savage)","SlimeBall 2","Young Nudy;21 Savage",2017-08-11,227175,72,true,8jtopaclkzi6fkcxvnzy3t27q,2022-05-05T20:14:01Z,"","Paradise East Records, LLC",0.451,0.876,10,-5.205,0,0.414,0.261,0,0.098,0.227,87.306,5
spotify:track:2ABBlgwXo68orcunvBYYiY,"Aulas e Cursos","Aulas e Cursos","DNASTY",2022-04-01,213634,53,true,8jtopaclkzi6fkcxvnzy3t27q,2022-05-05T20:15:17Z,"trap brasileiro,hip hop brasileiro,trap","Labidad Music",0.761,0.571,6,-10.133,0,0.0349,0.0592,0,0.175,0.628,113.985,4
spotify:track:4qS2KPWvsQzLvRa9oCHw41,"You (feat. Travis Scott)","Life of a DON","Don Toliver;Travis Scott",2021-10-08,213636,85,true,8jtopaclkzi6fkcxvnzy3t27q,2022-05-05T20:19:08Z,"rap","Cactus Jack / Atlantic",0.782,0.528,1,-6.035,0,0.0532,0.409,0.0000789,0.0999,0.389,117.977,4
spotify:track:7uJH0YdSZL6psjxI6Xy08b,"Acquainted","Beauty Behind The Madness","The Weeknd",2015-08-28,348853,75,true,8jtopaclkzi6fkcxvnzy3t27q,2022-05-05T22:28:26Z,"","The Weeknd/Lyric",0.372,0.478,7,-9.835,0,0.0503,0.482,0,0.0844,0.254,101.102,4
spotify:track:6rhbL6MhAej39S8KupwjrC,"Final Lullaby - Bonus Track","After Hours (Deluxe)","The Weeknd",2020-04-03,185688,44,true,8jtopaclkzi6fkcxvnzy3t27q,2022-05-05T22:28:54Z,"","Republic Records",0.604,0.26,11,-10.498,1,0.0373,0.841,0.0000933,0.327,0.318,100.901,3
spotify:track:7rWCWzPRftzZTZtIyQtaDU,"KEEP IT BURNIN (feat. Kanye West)","I NEVER LIKED YOU","Future;Kanye West",2022-04-29,207213,52,true,8jtopaclkzi6fkcxvnzy3t27q,2022-05-05T22:29:59Z,"rap","Epic/Freebandz",0.652,0.578,0,-6.187,1,0.161,0.00861,0,0.285,0.195,87.395,4
spotify:track:33pp6wXPrz46pIwsBrG3HS,"City of Gods (Part II)","City of Gods (Part II)","Alicia Keys",2022-04-07,192000,1,false,8jtopaclkzi6fkcxvnzy3t27q,2022-05-05T22:30:59Z,"r&b,neo soul","AKW Records",0.29,0.421,8,-6.951,0,0.034,0.784,0,0.0897,0.308,78.027,4
spotify:track:3XOalgusokruzA5ZBA2Qcb,"pushin P (feat. Young Thug)","DS4EVER","Gunna;Future;Young Thug",2022-01-13,136266,69,true,8jtopaclkzi6fkcxvnzy3t27q,2022-05-05T22:33:35Z,"rap melódico,rap,trap","300 Entertainment",0.773,0.422,1,-4.572,0,0.187,0.00783,0.00693,0.129,0.488,77.502,1
spotify:track:2BcMwX1MPV6ZHP4tUT9uq6,"Knife Talk (with 21 Savage ft. Project Pat)","Certified Lover Boy","Drake;21 Savage;Project Pat",2021-09-03,242965,77,true,8jtopaclkzi6fkcxvnzy3t27q,2022-05-05T22:34:11Z,"rap,southern hip hop,crunk,gangster rap","OVO",0.849,0.424,5,-9.579,0,0.324,0.0635,0,0.0834,0.153,145.887,4
spotify:track:40iJIUlhi6renaREYGeIDS,"Fair Trade (with Travis Scott)","Certified Lover Boy","Drake;Travis Scott",2021-09-03,291175,83,true,8jtopaclkzi6fkcxvnzy3t27q,2022-05-05T22:34:46Z,"rap","OVO",0.666,0.465,1,-8.545,1,0.26,0.0503,0,0.215,0.292,167.937,4
spotify:track:2bjwRfXMk4uRgOD9IBYl9h,"Portland","More Life","Drake;Quavo;Travis Scott",2017-03-18,236614,70,true,8jtopaclkzi6fkcxvnzy3t27q,2022-05-05T22:35:57Z,"rap","Cash Money Records/Young Money Ent./Universal Rec.",0.925,0.443,1,-8.216,1,0.264,0.0172,0,0.276,0.35,136.078,4
spotify:track:0k1WUmIRnG3xU6fvvDVfRG,"Way 2 Sexy (with Future & Young Thug)","Certified Lover Boy","Drake;Future;Young Thug",2021-09-03,257604,75,true,8jtopaclkzi6fkcxvnzy3t27q,2022-05-05T22:36:02Z,"rap,rap melódico,trap","OVO",0.803,0.597,11,-6.035,0,0.141,0.000619,0.0000045,0.323,0.331,136.008,4
spotify:track:2HSmyk2qMN8WQjuGhaQgCk,"Champagne Poetry","Certified Lover Boy","Drake",2021-09-03,336511,75,true,8jtopaclkzi6fkcxvnzy3t27q,2022-05-05T22:38:16Z,"rap","OVO",0.423,0.667,6,-7.012,0,0.326,0.758,0,0.246,0.496,86.743,4
spotify:track:0IabpxMpUV7waD7U4uDIMJ,"Impossible","Rodeo","Travis Scott",2015-09-04,242506,68,true,8jtopaclkzi6fkcxvnzy3t27q,2022-05-05T22:38:27Z,"rap","Cactus Jack / Epic",0.497,0.465,3,-8.529,0,0.158,0.392,0.0000252,0.603,0.295,147.949,4
spotify:track:0ewuh2X9xZJm6ZbqubJg1j,"Céu Azul","Prin$","Chris MC;Luccas Carlos",2019-01-13,209395,0,false,8jtopaclkzi6fkcxvnzy3t27q,2022-05-05T22:39:54Z,"hip hop brasileiro,trap brasileiro,pop nacional","Pineapple StormTV",0.67,0.545,9,-6.232,1,0.0489,0.675,0.0000484,0.0985,0.264,74.522,4
spotify:track:0lMMvEVXz5DsegUjTJeecl,"Corre","Prin$","Chris MC;Pan Mikelan;FBC",2019-01-13,248135,0,false,8jtopaclkzi6fkcxvnzy3t27q,2022-05-05T22:40:05Z,"hip hop brasileiro,trap brasileiro,miami bass,boom bap","Pineapple StormTV",0.582,0.663,8,-7.036,0,0.55,0.531,0,0.13,0.361,87.932,3
spotify:track:51EC3I1nQXpec4gDk0mQyP,"90210 (feat. Kacy Hill)","Rodeo","Travis Scott;Kacy Hill",2015-09-04,339066,82,true,8jtopaclkzi6fkcxvnzy3t27q,2022-05-05T22:41:57Z,"rap","Cactus Jack / Epic",0.402,0.527,9,-6.737,0,0.0917,0.113,0.00000848,0.105,0.31,81.42,4
spotify:track:0b1rp0Z6QmvzmRaNcuG4Ye,"O QUE VOCÊ FEZ COMIGO","EL DEREK","Derek;Sabrina Lopes",2021-01-29,181347,34,true,8jtopaclkzi6fkcxvnzy3t27q,2022-05-05T22:44:39Z,"trap brasileiro,trap,hip hop brasileiro,trap funk,nova mpb","Derek Luccas",0.75,0.45,0,-8.407,1,0.128,0.607,0,0.0993,0.438,85.957,4
spotify:track:62k5IUjbFlUeVPdieboItb,"Armed N Dangerous","Meet The Woo 2","Pop Smoke",2020-02-07,146720,15,false,8jtopaclkzi6fkcxvnzy3t27q,2022-05-05T22:46:08Z,"drill do brooklyn,drill de nova iorque,drill","Victor Victor Worldwide",0.751,0.718,8,-7.347,0,0.103,0.496,0.0328,0.112,0.659,143.557,4
spotify:track:2hYN1IVp5LGIsi5MpzcjVz,"War (feat. Lil Tjay) - Bonus","Meet The Woo 2","Pop Smoke;Lil Tjay",2020-02-07,221826,30,true,8jtopaclkzi6fkcxvnzy3t27q,2022-05-05T22:47:04Z,"drill do brooklyn,drill de nova iorque,drill,rap melódico","Victor Victor Worldwide",0.607,0.76,1,-4.442,0,0.189,0.194,0,0.0768,0.586,141.946,4
spotify:track:1hg3RlqFZXJb5YgRoK9qmF,"Gangstas","Shoot For The Stars Aim For The Moon","Pop Smoke",2020-07-03,160000,35,true,8jtopaclkzi6fkcxvnzy3t27q,2022-05-05T22:47:28Z,"drill do brooklyn,drill de nova iorque,drill","Victor Victor Worldwide",0.548,0.506,4,-7.434,0,0.102,0.203,0.0001,0.0788,0.557,119.987,5
spotify:track:1D3z6HTiQsNmZxjl7F7eoG,"m y . l i f e (with 21 Savage & Morray)","The Off-Season","J. Cole;21 Savage;Morray",2021-05-14,218801,74,true,8jtopaclkzi6fkcxvnzy3t27q,2022-05-05T22:48:00Z,"rap","Dreamville, Inc., Under exclusive license to Roc Nation Records",0.597,0.587,7,-7.026,0,0.137,0.0622,0,0.214,0.0753,140.021,4
spotify:track:3s8GJ1A9ujxsKcLaJ2wY7Q,"Waves","Waves","Mr. Probz",2013-11-22,174266,65,false,8jtopaclkzi6fkcxvnzy3t27q,2022-05-10T13:37:03Z,"","Left Lane Recordings",0.365,0.277,5,-12.262,0,0.0353,0.541,0.0000287,0.38,0.2,173.264,4
spotify:track:1fidCEsYlaVE3pHwKCvpFZ,"Am I Wrong","Black Star Elephant","Nico & Vinz",2014,245866,82,false,8jtopaclkzi6fkcxvnzy3t27q,2022-05-10T13:37:56Z,"","Warner Records",0.729,0.675,8,-6.003,1,0.0312,0.175,0.00000158,0.55,0.779,119.968,4
spotify:track:2OcbewDrWFNTYRqpSzJBCY,"5X","Life of a DON","Don Toliver",2021-10-08,132398,64,true,8jtopaclkzi6fkcxvnzy3t27q,2022-05-12T01:28:19Z,"","Cactus Jack / Atlantic",0.898,0.518,1,-6.991,1,0.21,0.0402,0,0.106,0.798,145.082,4
spotify:track:2XK2iL9gSAlYIAbklTHxbk,"Double Standards","Life of a DON","Don Toliver",2021-10-08,191248,58,true,8jtopaclkzi6fkcxvnzy3t27q,2022-05-12T01:42:42Z,"","Cactus Jack / Atlantic",0.674,0.644,1,-8.576,0,0.11,0.327,0.00000175,0.337,0.667,123.049,4
spotify:track:1sbEeUY8KsdvgiQi26JBFz,"POPSTAR (feat. Drake)","KHALED KHALED","DJ Khaled;Drake",2021-04-30,200221,68,true,8jtopaclkzi6fkcxvnzy3t27q,2022-05-20T03:44:53Z,"rap","Epic/We The Best",0.803,0.565,5,-4.711,0,0.235,0.0558,0,0.141,0.474,163.085,4
spotify:track:0rqF9DKOVq7rVTdpMUHV5q,"Tropicália Drill","Tropicália Drill","Xandy MC;Elicê;Chris Beats Zn",2021-09-30,151791,2,true,8jtopaclkzi6fkcxvnzy3t27q,2022-05-25T15:33:12Z,"drill,grime,trap brasileiro,trap funk,hip hop brasileiro,trap","CAZIMU",0.715,0.591,3,-7.605,0,0.441,0.477,0,0.11,0.719,134.218,4
spotify:track:1pcOACWV5tnKt3bhvtLP82,"Smack That","Konvicted (Complete Edition)","Akon;Eminem",2022-03-04,212360,56,true,8jtopaclkzi6fkcxvnzy3t27q,2022-05-25T15:34:15Z,"rap,hip hop","Konvict/Upfront/SRC/Universal Records",0.929,0.778,5,-4.202,0,0.0513,0.185,0,0.297,0.941,118.994,4
spotify:track:6kfQDanT6Buh4Wu73ghbav,"Ayo Technology","Curtis","50 Cent;Justin Timberlake;Timbaland",2007-01-01,247946,11,true,8jtopaclkzi6fkcxvnzy3t27q,2022-05-25T15:34:22Z,"hip hop old school,east coast hip hop","Aftermath/Shady",0.63,0.782,8,-5.44,0,0.132,0.0828,0,0.034,0.418,140.144,4
spotify:track:3bidbhpOYeV4knp8AIu8Xn,"Can't Hold Us (feat. Ray Dalton)","The Heist","Macklemore;Ryan Lewis;Macklemore & Ryan Lewis;Ray Dalton",2012-10-09,258342,81,false,8jtopaclkzi6fkcxvnzy3t27q,2022-05-25T15:35:18Z,"","Macklemore",0.641,0.922,2,-4.457,1,0.0786,0.0291,0,0.0862,0.847,146.078,4
spotify:track:1CmUZGtH29Kx36C1Hleqlz,"Thrift Shop (feat. Wanz)","Thrift Shop (feat. Wanz)","Macklemore & Ryan Lewis;Macklemore;Ryan Lewis;Wanz",2013-01-14,235613,69,true,8jtopaclkzi6fkcxvnzy3t27q,2022-05-25T15:35:34Z,"g-funk,west coast hip hop","Macklemore",0.781,0.526,6,-6.985,0,0.293,0.0619,0,0.0457,0.662,94.992,4
spotify:track:3fbLH9OkzGDRlDpgScLktj,"Rich Nigg* Sh*t (feat. MC Igu, Sidoka, Derek & Jé Santiago)","Calzone Tapes 3","Recayd Mob;Derek;Jé;MC Igu;Sidoka",2021-11-19,268288,39,true,8jtopaclkzi6fkcxvnzy3t27q,2022-05-25T15:38:01Z,"trap brasileiro,trap,hip hop brasileiro,trap funk","Recayd",0.919,0.8,1,-4.978,0,0.106,0.055,0.00000271,0.112,0.465,108.977,4
spotify:track:4Li2WHPkuyCdtmokzW2007,"Ni**as In Paris","Watch The Throne (Deluxe)","JAŸ-Z;Kanye West",2011-08-08,219333,16,true,8jtopaclkzi6fkcxvnzy3t27q,2022-05-25T15:38:09Z,"hip hop,east coast hip hop,rap","Roc Nation/RocAFella/IDJ",0.789,0.858,1,-5.542,1,0.311,0.129,0,0.349,0.776,140.022,4
spotify:track:2Ghp894n1laIf2w98VeAOJ,"How Do I Make You Love Me?","Dawn FM","The Weeknd",2022-01-06,214214,68,false,8jtopaclkzi6fkcxvnzy3t27q,2022-06-02T03:44:51Z,"","XO / Republic Records",0.805,0.498,7,-7.927,0,0.0737,0.0203,0.0000237,0.085,0.636,121.006,4
spotify:track:2SLwbpExuoBDZBpjfefCtV,"Out of Time","Dawn FM","The Weeknd",2022-01-06,214193,79,false,8jtopaclkzi6fkcxvnzy3t27q,2022-06-02T03:45:06Z,"","XO / Republic Records",0.65,0.76,0,-4.422,0,0.0446,0.255,0,0.339,0.838,93.057,4
spotify:track:2D4dV2KXDTszzJ3p3cFqhA,"Less Than Zero","Dawn FM","The Weeknd",2022-01-06,211814,75,false,8jtopaclkzi6fkcxvnzy3t27q,2022-06-02T03:45:17Z,"","XO / Republic Records",0.535,0.791,0,-5.55,1,0.0327,0.00096,0.000155,0.0788,0.5,142.981,4
spotify:track:0RkCnqwF8Tfl2QGPZwopyk,"Shake It (feat. Cardi B, Dougie B & Bory300)","Shake It (feat. Cardi B, Dougie B & Bory300)","Kay Flock;Cardi B;Dougie B;Bory300",2022-04-15,118249,53,true,8jtopaclkzi6fkcxvnzy3t27q,2022-06-11T00:49:26Z,"drill de nova iorque,drill,drill do brooklyn","Capitol Records",0.87,0.835,1,-5.875,1,0.311,0.0353,0,0.142,0.901,140.051,4
spotify:track:0wbnC9AUenxp613TYaJsGK,"Narcos","Culture II","Migos",2018-01-26,255378,69,true,8jtopaclkzi6fkcxvnzy3t27q,2022-06-11T01:44:21Z,"trap","Quality Control Music, LLC",0.936,0.585,0,-6.914,1,0.124,0.0142,0,0.132,0.243,124.991,4
spotify:track:0fX4oNGBWO3dSGUZcVdVV2,"N95","Mr. Morale & The Big Steppers","Kendrick Lamar",2022-05-13,195950,74,true,8jtopaclkzi6fkcxvnzy3t27q,2022-06-11T01:48:35Z,"hip hop,west coast hip hop","pgLang/Top Dawg Entertainment/Aftermath/Interscope Records",0.79,0.67,1,-5.527,1,0.105,0.377,0.00000232,0.119,0.408,139.956,4
spotify:track:67XC51nlZncNpHmZ8rOU9a,"We Cry Together","Mr. Morale & The Big Steppers","Kendrick Lamar;Taylour Paige",2022-05-13,341307,62,true,8jtopaclkzi6fkcxvnzy3t27q,2022-06-11T01:48:56Z,"hip hop,west coast hip hop","pgLang/Top Dawg Entertainment/Aftermath/Interscope Records",0.648,0.68,11,-7.276,1,0.345,0.292,0,0.0808,0.504,106.89,3
spotify:track:1REVvAphiSTJyKQ1fDpHa4,"Purple Hearts","Mr. Morale & The Big Steppers","Kendrick Lamar;Summer Walker;Ghostface Killah",2022-05-13,329295,62,true,8jtopaclkzi6fkcxvnzy3t27q,2022-06-11T01:49:02Z,"hip hop,west coast hip hop,r&b,east coast hip hop,hardcore hip hop,hip hop old school","pgLang/Top Dawg Entertainment/Aftermath/Interscope Records",0.567,0.824,3,-6.973,0,0.296,0.167,0.00000265,0.149,0.737,138.202,4
spotify:track:3lzUeaCbcCDB5IXYfqWRlF,"Silent Hill","Mr. Morale & The Big Steppers","Kendrick Lamar;Kodak Black",2022-05-13,220779,66,true,8jtopaclkzi6fkcxvnzy3t27q,2022-06-11T01:49:08Z,"hip hop,west coast hip hop","pgLang/Top Dawg Entertainment/Aftermath/Interscope Records",0.907,0.577,1,-6.737,0,0.0767,0.438,0.0000319,0.137,0.801,140.07,4
spotify:track:5G4uLkFKdEZLcuNyeomQmE,"Savior - Interlude","Mr. Morale & The Big Steppers","Kendrick Lamar",2022-05-13,152985,57,true,8jtopaclkzi6fkcxvnzy3t27q,2022-06-11T01:49:40Z,"hip hop,west coast hip hop","pgLang/Top Dawg Entertainment/Aftermath/Interscope Records",0.618,0.43,5,-9.38,0,0.216,0.807,0,0.189,0.826,117.125,4
spotify:track:3drdWsJKiVCSQ2gKhd9BDT,"Savior","Mr. Morale & The Big Steppers","Kendrick Lamar;Baby Keem;Sam Dew",2022-05-13,224466,65,true,8jtopaclkzi6fkcxvnzy3t27q,2022-06-11T01:49:55Z,"hip hop,west coast hip hop","pgLang/Top Dawg Entertainment/Aftermath/Interscope Records",0.605,0.692,8,-7.45,1,0.446,0.495,0,0.303,0.685,124.84,5
spotify:track:3xKsf9qdS1CyvXSMEid6g8,"Pink + White","Blonde","Frank Ocean",2016-08-20,184516,89,false,8jtopaclkzi6fkcxvnzy3t27q,2022-06-11T01:52:08Z,"","Boys Don't Cry",0.545,0.545,9,-7.362,1,0.107,0.667,0.0000548,0.417,0.549,159.94,3
spotify:track:35xSkNIXi504fcEwz9USRB,"Solo","Blonde","Frank Ocean",2016-08-20,257380,73,true,8jtopaclkzi6fkcxvnzy3t27q,2022-06-11T01:52:13Z,"","Boys Don't Cry",0.469,0.289,5,-10.625,0,0.0366,0.85,0.00000248,0.161,0.258,133.805,4
spotify:track:5GUYJTQap5F3RDQiCOJhrS,"Self Control","Blonde","Frank Ocean",2016-08-20,249667,79,false,8jtopaclkzi6fkcxvnzy3t27q,2022-06-11T01:52:30Z,"","Boys Don't Cry",0.581,0.21,8,-10.426,1,0.0321,0.768,0,0.369,0.452,80.099,4
spotify:track:2QeQNF182V61Im0QpjdVta,"Pornography","Rodeo","Travis Scott",2015-09-04,231826,63,true,8jtopaclkzi6fkcxvnzy3t27q,2022-06-11T01:52:42Z,"rap","Cactus Jack / Epic",0.625,0.648,11,-5.887,1,0.117,0.105,0,0.712,0.342,129.065,4
spotify:track:0MRZ9nMoLc7qQ8Nhovv8C8,"Ok Alright (feat. ScHoolboy Q)","Rodeo","Travis Scott;ScHoolboy Q",2015-09-04,417693,57,true,8jtopaclkzi6fkcxvnzy3t27q,2022-06-11T01:52:46Z,"rap","Cactus Jack / Epic",0.53,0.661,8,-5.507,1,0.083,0.141,0.00018,0.123,0.149,122.482,4
spotify:track:3dtBVBClM5ms0qCBBrqpUb,"Wasted (feat. Juicy J)","Rodeo","Travis Scott;Juicy J",2015-09-04,235680,56,true,8jtopaclkzi6fkcxvnzy3t27q,2022-06-11T01:52:51Z,"rap,crunk","Cactus Jack / Epic",0.689,0.61,10,-9.004,0,0.217,0.0836,0,0.36,0.119,134.931,4
spotify:track:2dJ4rGtsOHOgvTQawsCRtg,"Pray 4 Love (feat. The Weeknd)","Rodeo","Travis Scott;The Weeknd",2015-09-04,307000,65,true,8jtopaclkzi6fkcxvnzy3t27q,2022-06-11T01:52:57Z,"rap","Cactus Jack / Epic",0.629,0.578,1,-4.704,1,0.0428,0.2,0,0.151,0.211,79.94,4
spotify:track:2hiuiI3ac0I5kJWtkeGHEL,"I Can Tell","Rodeo","Travis Scott",2015-09-04,235533,60,true,8jtopaclkzi6fkcxvnzy3t27q,2022-06-11T01:53:01Z,"rap","Cactus Jack / Epic",0.695,0.8,2,-5.68,1,0.0325,0.000819,0,0.0954,0.0635,110.009,4
spotify:track:77UjLW8j5UAGAGVGhR5oUK,"Pray For Me (with Kendrick Lamar)","Black Panther The Album Music From And Inspired By","The Weeknd;Kendrick Lamar",2018-02-09,211440,69,true,8jtopaclkzi6fkcxvnzy3t27q,2022-06-11T01:53:26Z,"hip hop,west coast hip hop","Black Panther (TDE/DMG) PS",0.735,0.677,2,-4.979,1,0.0932,0.0756,0.0000217,0.111,0.187,100.563,4
spotify:track:2MKAalcstfLiNiukSlBzCS,"Vegano","Vegano","Derek",2022-05-25,206783,27,true,8jtopaclkzi6fkcxvnzy3t27q,2022-06-12T18:58:33Z,"trap brasileiro,trap,hip hop brasileiro,trap funk","Derek",0.94,0.481,1,-7.277,0,0.376,0.0325,0,0.069,0.53,129.998,4
spotify:track:3IYHWJMzL4aftnp3ENWoXM,"ye","ye","Japa",2022-05-27,167370,35,true,8jtopaclkzi6fkcxvnzy3t27q,2022-06-12T18:58:39Z,"trap brasileiro,trap,hip hop brasileiro","Universal Music Ltda.",0.787,0.51,5,-6.913,0,0.0679,0.0407,0.00000707,0.109,0.436,140.089,4
spotify:track:5aYz0Njm6KiGLosbEFCzlS,"Essa é a vida de um Gangsta","Essa é a vida de um Gangsta","Derek",2021-12-20,136062,36,true,8jtopaclkzi6fkcxvnzy3t27q,2022-06-12T18:59:36Z,"trap brasileiro,trap,hip hop brasileiro,trap funk","Derek",0.932,0.449,1,-9.916,1,0.318,0.00993,0.00279,0.343,0.235,126.984,4
spotify:track:4W7Y0EsaVPh87WKC1etOHA,"Lobo","Lobo","Orochi;Mainstreet;Mc Poze do Rodo;Ajaxx",2021-04-29,240000,63,true,8jtopaclkzi6fkcxvnzy3t27q,2022-06-21T18:04:38Z,"trap brasileiro,hip hop brasileiro,trap funk,trap,funk,funk consciente","Mainstreet Records",0.398,0.59,4,-6.83,0,0.069,0.179,0,0.117,0.105,121.492,4
spotify:track:38uNCW1do0LKfMIt4MDkPo,"Missed You - Bonus Track","After Hours (Deluxe)","The Weeknd",2020-04-03,144539,52,true,8jtopaclkzi6fkcxvnzy3t27q,2022-06-26T12:23:33Z,"","Republic Records",0.689,0.374,5,-10.038,0,0.0851,0.115,0.000132,0.111,0.321,151.98,4
spotify:track:06JvOZ39sK8D8SqiqfaxDU,"True Love","True Love","Kanye West;XXXTENTACION",2022-05-27,148571,73,false,8jtopaclkzi6fkcxvnzy3t27q,2022-06-26T12:25:12Z,"rap,rap emo","Columbia",0.712,0.861,5,-5.487,0,0.25,0.0182,0.00000609,0.511,0.388,84.042,4
spotify:track:5mui57Zy4YCqpwVJANzkRp,"Shooters Inside My Crib","Shooters Inside My Crib","Quavo",2022-01-29,147272,54,true,8jtopaclkzi6fkcxvnzy3t27q,2022-06-26T12:28:15Z,"","Quality Control Music/Motown Records",0.764,0.644,1,-6.505,1,0.0301,0.403,0.000205,0.137,0.842,131.946,4
spotify:track:3gDRZkL8YfzpZg1N1YsW5x,"Frankenstein (feat. A$AP Rocky)","Paradise Again","Swedish House Mafia;A$AP Rocky",2022-04-15,207360,53,true,8jtopaclkzi6fkcxvnzy3t27q,2022-06-26T12:28:58Z,"edm,rap","Republic Records",0.531,0.612,1,-7.966,1,0.306,0.0119,0.0000984,0.311,0.226,105.997,4
spotify:track:3S68RFe1lsdCdTMPIMJM3X,"Cash In Cash Out","Cash In Cash Out","Pharrell Williams;21 Savage;Tyler, The Creator",2022-06-10,216135,65,true,8jtopaclkzi6fkcxvnzy3t27q,2022-06-26T12:29:41Z,"","Columbia",0.877,0.56,7,-3.751,1,0.0596,0.00721,0.00000145,0.0839,0.154,119.971,4
spotify:track:6f44p3Kc4ayD9VtbC9Clkr,"Come On, Let's Go (with Nigo)","I Know NIGO!","Tyler, The Creator;Nigo",2022-03-25,199500,28,true,8jtopaclkzi6fkcxvnzy3t27q,2022-06-26T12:33:16Z,"","Victor Victor Worldwide",0.732,0.734,11,-7.968,1,0.0974,0.136,0.000901,0.165,0.488,145.722,4
spotify:track:48Jf12YHPBCAfAzi255Rvr,"Redlight","Paradise Again","Swedish House Mafia;Sting",2022-04-15,242880,64,false,8jtopaclkzi6fkcxvnzy3t27q,2022-07-02T12:36:59Z,"edm,soft rock","Republic Records",0.71,0.63,2,-7.003,1,0.0413,0.00879,0.147,0.058,0.216,125,4
spotify:track:4dcnAzgc29rSlA3oYWfLp2,"Estrelas","Estrelas","Flacko;Derek;Browse;Pile Beats",2022-04-04,165106,16,true,8jtopaclkzi6fkcxvnzy3t27q,2022-07-05T21:04:08Z,"trap brasileiro,trap,hip hop brasileiro,trap funk","Browse",0.902,0.411,2,-11.225,1,0.0784,0.0456,0.00154,0.0745,0.676,140.997,4
spotify:track:68Rnp6Cev6ESnEwlpQI2Ll,"Trampoline - Jauz Remix","Trampoline (Jauz Remix)","SHAED;Jauz",2019-05-21,236170,3,false,8jtopaclkzi6fkcxvnzy3t27q,2022-07-05T21:09:36Z,"bass house,edm,future house,dubstep,eletrohouse","Photo Finish Records",0.49,0.606,7,-6.604,0,0.0424,0.169,0.00106,0.0704,0.119,126.553,4
spotify:track:4ppTAJUbNXELZcoUaL90wo,"Try Me","My Dear Melancholy,","The Weeknd",2018-03-30,221106,72,false,8jtopaclkzi6fkcxvnzy3t27q,2022-07-24T22:26:09Z,"","The Weeknd/Lyric",0.453,0.679,8,-5.778,0,0.0651,0.596,0.000578,0.129,0.107,92.023,4
spotify:track:2OEKjBfuCdVPLLUgUf90ZM,"THE SUN (Prod. Gesaffelstein)","TW20 50","KayCyy;Gesaffelstein",2022-03-11,188826,45,false,8jtopaclkzi6fkcxvnzy3t27q,2022-07-24T22:35:06Z,"","Columbia",0.608,0.764,8,-5.773,1,0.0389,0.179,0.000011,0.0846,0.188,133.01,4
spotify:track:2QHe75B65rCYZAU4dy1aRZ,"Spike Lee","Adeus Tokyo Part I","Japa",2021-10-01,267768,41,true,8jtopaclkzi6fkcxvnzy3t27q,2022-07-24T22:49:32Z,"trap brasileiro,trap,hip hop brasileiro","Universal Music Ltda.",0.716,0.611,8,-7.004,0,0.0678,0.393,0.0185,0.304,0.345,121.031,4
spotify:track:2Gd32GXqbSiPl3VgQHQj5o,"O Melhor de Mim","O Melhor de Mim","$kar;Yunk Vino",2019-10-10,180801,30,true,8jtopaclkzi6fkcxvnzy3t27q,2022-08-03T04:26:58Z,"trap brasileiro,trap,trap funk,hip hop brasileiro","$kar",0.845,0.509,10,-6.173,0,0.0503,0.754,0,0.0931,0.366,120.008,5
spotify:track:0LITCZ4cay8OdBIaQHA21X,"Malandro Demais Vira Bicho","Malandro Demais Vira Bicho","Febre90s;SonoTWS;pumapjl",2021-09-30,220000,0,true,8jtopaclkzi6fkcxvnzy3t27q,2022-08-03T04:27:15Z,"boom bap,hip hop brasileiro","Tired Of People",0.396,0.824,8,-6.902,1,0.315,0.592,0.00000184,0.142,0.469,88.574,4
spotify:track:6q9igwQoZT0vsWYHug3YNu,"LOST","LOST","vamp",2022-06-29,167183,0,true,8jtopaclkzi6fkcxvnzy3t27q,2022-08-03T04:27:21Z,"","4079956 Records DK",0.755,0.4,3,-13.216,0,0.161,0.873,0.00024,0.128,0.356,90.983,4
spotify:track:1yZYvvkqA3amNKE9Kp4LBf,"80 Degrees","80 Degrees","Jerico",2020-05-15,161307,2,true,8jtopaclkzi6fkcxvnzy3t27q,2022-08-03T04:27:54Z,"speedcore","Blue Lotus Entertainment",0.767,0.641,7,-4.307,0,0.101,0.028,0.000589,0.137,0.495,161.061,4
spotify:track:5qn2hHWSeY7b0TlnOTEZAb,"ARTERIES","BRAVE","JOYRYDE;Youngs Teflon",2020-04-03,204071,0,false,8jtopaclkzi6fkcxvnzy3t27q,2022-08-03T04:28:02Z,"bass house,g-house,grime,grime reino unido,drill reino unido,drill","HARD Recs",0.657,0.968,4,-3.446,0,0.152,0.0725,0,0.377,0.533,140.012,4
spotify:track:4q7bQLZgF27HNZEWaqgDJA,"Dinheiro","Bendito","Mãolee;BK;Filipe Ret",2018-08-31,236725,0,false,8jtopaclkzi6fkcxvnzy3t27q,2022-08-03T04:28:06Z,"hip hop brasileiro,trap brasileiro,boom bap,trap funk,trap","Tudubom Records",0.652,0.637,1,-4.903,1,0.301,0.0261,0,0.374,0.482,193.705,3
spotify:track:7cyeGclH71MayOuQ7qtLFl,"BIG","Herstory in the Making","Young M.A",2019-09-27,225919,63,true,8jtopaclkzi6fkcxvnzy3t27q,2022-08-03T04:28:10Z,"","M.A Music / 3D",0.849,0.507,0,-5.776,0,0.405,0.0408,0.00000615,0.14,0.15,84.966,4
spotify:track:3wwo0bJvDSorOpNfzEkfXx,"Let Me Know (I Wonder Why Freestyle)","Let Me Know (I Wonder Why Freestyle)","Juice WRLD",2019-12-07,215380,81,true,8jtopaclkzi6fkcxvnzy3t27q,2022-08-03T04:28:14Z,"rap melódico,rap emo","Grade A Productions/Interscope Records",0.635,0.537,7,-7.895,0,0.0832,0.172,0,0.418,0.383,125.028,4
spotify:track:2igNHmxmKKwf9zrBFtNajn,"Climate Change","HEATHEN","GAWVI;Wordsplayed;Aklesso",2020-04-10,273615,37,false,8jtopaclkzi6fkcxvnzy3t27q,2022-08-03T04:28:18Z,"hip hop cristão,reggaeton cristão,pop cristão,edm cristão,r&b cristão,música cristã,afrogospel","Reach Records",0.855,0.702,10,-5.227,0,0.0511,0.0702,0.00319,0.105,0.147,128.959,4
spotify:track:5bKXU4gwiHlhjlMMosrUqR,"FROM NOTHING","FROM NOTHING","Gunboi;Pvlace",2021-07-14,176250,15,true,8jtopaclkzi6fkcxvnzy3t27q,2022-08-03T04:28:22Z,"hip hop alemão","GUNWORLD",0.909,0.433,7,-8.823,0,0.422,0.0263,0,0.112,0.365,144.017,4
spotify:track:1gz1QroWLINaMLZ37zAo51,"30 for 30","Confetti Nights","T-Shyne;Young Stoner Life",2022-04-01,151333,16,true,8jtopaclkzi6fkcxvnzy3t27q,2022-08-03T04:28:32Z,"","300 Entertainment",0.783,0.682,4,-6.759,0,0.17,0.0344,0,0.137,0.262,118.064,4
spotify:track:4ZjDDf6NjEVHSwJwAjeJj6,"SOBE O MORRO","SOBE O MORRO","CESRV;Febem;Fleezus",2021-11-26,162352,18,true,8jtopaclkzi6fkcxvnzy3t27q,2022-08-03T04:28:36Z,"hip hop brasileiro,boom bap,grime,trap brasileiro","Ceia",0.891,0.58,0,-8.751,1,0.268,0.057,0,0.278,0.585,136.08,4
spotify:track:0BEQ69UBHFlTShs9mLzc3q,"Team","Team","LeRoyce;T Gallardo;Loners Club",2019-04-01,208979,0,true,8jtopaclkzi6fkcxvnzy3t27q,2022-08-03T04:28:41Z,"jazz rap,southern hip hop","Elevæted",0.625,0.36,5,-13.323,0,0.399,0.0141,0,0.0999,0.328,203.661,4
spotify:track:1eQBEelI2NCy7AUTerX0KS,"Ultralight Beam","The Life Of Pablo","Kanye West",2016-06-10,320680,69,true,8jtopaclkzi6fkcxvnzy3t27q,2022-08-03T04:29:03Z,"rap","Rock The World/IDJ/Kanye LP7",0.592,0.403,0,-8.768,0,0.414,0.62,0,0.54,0.391,105.169,4
spotify:track:1Wsbr1d2BouNGk2q92mIj7,"Pt. 2","The Life Of Pablo","Kanye West",2016-06-10,130293,66,true,8jtopaclkzi6fkcxvnzy3t27q,2022-08-03T04:29:06Z,"rap","Rock The World/IDJ/Kanye LP7",0.674,0.752,11,-4.073,1,0.333,0.552,0,0.787,0.236,145.076,4
spotify:track:6wfzokDylbrJzrJcpnBkcy,"Freestyle 4","The Life Of Pablo","Kanye West",2016-06-10,123386,58,true,8jtopaclkzi6fkcxvnzy3t27q,2022-08-03T04:29:10Z,"rap","Rock The World/IDJ/Kanye LP7",0.564,0.537,9,-8.381,0,0.095,0.0449,0,0.0907,0.459,126.036,4
spotify:track:3nAq2hCr1oWsIU54tS98pL,"Waves","The Life Of Pablo","Kanye West",2016-06-10,181573,73,true,8jtopaclkzi6fkcxvnzy3t27q,2022-08-03T04:29:14Z,"rap","Rock The World/IDJ/Kanye LP7",0.557,0.586,10,-4.57,1,0.0382,0.0528,0.00000733,0.339,0.0681,96.091,4
spotify:track:30Zcjs7pgEkmJA1lEbGSWT,"FML","The Life Of Pablo","Kanye West",2016-06-10,236120,65,true,8jtopaclkzi6fkcxvnzy3t27q,2022-08-03T04:29:19Z,"rap","Rock The World/IDJ/Kanye LP7",0.527,0.415,5,-7.184,1,0.131,0.329,0,0.195,0.12,125.357,4
spotify:track:432hUIl3ISDeytYW5XBQ5h,"Wolves","The Life Of Pablo","Kanye West",2016-06-10,301586,69,true,8jtopaclkzi6fkcxvnzy3t27q,2022-08-03T04:29:23Z,"rap","Rock The World/IDJ/Kanye LP7",0.395,0.392,1,-8.034,1,0.0925,0.219,0.00173,0.134,0.103,155.856,4
spotify:track:6buGRrMzlhAUXhacc0Ql7X,"Clockwise","Clockwise","Alexander Lewis;Nick Row",2018-02-02,218624,0,true,8jtopaclkzi6fkcxvnzy3t27q,2022-08-03T04:29:37Z,"","Lowly",0.608,0.938,11,-2.681,0,0.287,0.0332,0,0.31,0.436,134.198,4
spotify:track:5DOiUXc9O3XsATTOWLgKDy,"Menor Magrinho","Menor Magrinho","Kyan;Mu540",2020-06-04,152169,1,true,8jtopaclkzi6fkcxvnzy3t27q,2022-08-03T04:30:26Z,"trap brasileiro,trap funk,trap,hip hop brasileiro","Ceia Ent.",0.92,0.546,9,-10.626,0,0.357,0.179,0,0.0835,0.765,139.979,4
spotify:track:4fLnXd56RsWN4ZBtb9TegQ,"Valerie","Trilogy","The Weeknd",2012-11-13,286680,58,false,8jtopaclkzi6fkcxvnzy3t27q,2022-08-03T04:30:29Z,"","CP Records",0.642,0.544,5,-6.351,0,0.046,0.347,0.00000756,0.0837,0.423,148.004,4
spotify:track:7wAnRqccDr2tzcSKLR4jKl,"More Time","Faith (Deluxe)","Pop Smoke",2021-07-31,120827,9,true,8jtopaclkzi6fkcxvnzy3t27q,2022-08-03T04:30:42Z,"drill do brooklyn,drill de nova iorque,drill","Victor Victor Worldwide",0.628,0.581,2,-8.377,1,0.188,0.46,0,0.152,0.259,145.396,4
spotify:track:4byRwLo7EmkCNBU6S8G6u0,"Manslaughter (feat. Rick Ross & The-Dream)","Faith (Deluxe)","Pop Smoke;Rick Ross;THE-DREAM",2021-07-31,249230,8,true,8jtopaclkzi6fkcxvnzy3t27q,2022-08-03T04:30:46Z,"drill do brooklyn,drill de nova iorque,drill,southern hip hop,r&b","Victor Victor Worldwide",0.441,0.623,1,-7.331,0,0.0414,0.135,0,0.14,0.285,78.082,4
spotify:track:58aW6yZGFl7rVM7SLfLnLL,"Brush Em (feat. Rah Swish)","Faith (Deluxe)","Pop Smoke;Rah Swish",2021-07-31,150449,8,true,8jtopaclkzi6fkcxvnzy3t27q,2022-08-03T04:30:50Z,"drill do brooklyn,drill de nova iorque,drill","Victor Victor Worldwide",0.654,0.724,3,-6.59,0,0.355,0.106,0.00000174,0.655,0.717,71.696,4
spotify:track:5nkzBlt92PJLVEvPXBd9WZ,"30 (feat. Bizzy Banks)","Faith (Deluxe)","Pop Smoke;Bizzy Banks",2021-07-31,228251,8,true,8jtopaclkzi6fkcxvnzy3t27q,2022-08-03T04:30:55Z,"drill do brooklyn,drill de nova iorque,drill","Victor Victor Worldwide",0.578,0.684,0,-5.908,1,0.191,0.107,0,0.49,0.595,106.743,3
spotify:track:2mmRtchzDVpCj9LSyexgjS,"Genius (feat. Lil Tjay & Swae Lee)","Faith (Deluxe)","Pop Smoke;Lil Tjay;Swae Lee",2021-07-31,208111,7,true,8jtopaclkzi6fkcxvnzy3t27q,2022-08-03T04:31:01Z,"drill do brooklyn,drill de nova iorque,drill,rap melódico","Victor Victor Worldwide",0.723,0.667,2,-7.524,1,0.351,0.256,0,0.261,0.396,143.044,5
spotify:track:14phcuX970C43LchHxXrUV,"Mr. Jones (feat. Future)","Faith (Deluxe)","Pop Smoke;Future",2021-07-31,214925,7,true,8jtopaclkzi6fkcxvnzy3t27q,2022-08-03T04:31:05Z,"drill do brooklyn,drill de nova iorque,drill,rap","Victor Victor Worldwide",0.795,0.582,0,-7.365,0,0.054,0.275,0,0.239,0.778,134.055,4
spotify:track:6bsqes8Zg9gUULzuCkMUs0,"Woo Baby (feat. Chris Brown)","Faith (Deluxe)","Pop Smoke;Chris Brown",2021-07-31,156000,10,true,8jtopaclkzi6fkcxvnzy3t27q,2022-08-03T04:31:10Z,"drill do brooklyn,drill de nova iorque,drill,r&b","Victor Victor Worldwide",0.563,0.672,9,-7.226,0,0.0765,0.359,0,0.0972,0.284,99.772,4
spotify:track:7geOVVTDhTITXhgs5VpV5l,"Run Down (feat. OnPointLikeOP & G Herbo)","Faith (Deluxe)","Pop Smoke;OnPointLikeOP;G Herbo",2021-07-31,180000,6,true,8jtopaclkzi6fkcxvnzy3t27q,2022-08-03T04:31:14Z,"drill do brooklyn,drill de nova iorque,drill,drill de chicago","Victor Victor Worldwide",0.663,0.618,2,-6.415,1,0.111,0.0612,0.0000123,0.333,0.405,139.906,4
spotify:track:4qfhecxbALf3sB1HmB68yq,"Money Man (feat. Killa)","Faith (Deluxe)","Pop Smoke;Killa Vuitton",2021-07-31,135724,4,true,8jtopaclkzi6fkcxvnzy3t27q,2022-08-03T04:31:18Z,"drill do brooklyn,drill de nova iorque,drill","Victor Victor Worldwide",0.679,0.715,8,-6.782,0,0.245,0.145,0.000506,0.423,0.511,145.011,4
spotify:track:1Bs4kZgtguPmsRyau5hkxr,"Rumble (feat. Tayy Floss)","Faith (Deluxe)","Pop Smoke;Tayy Floss",2021-07-31,204590,7,true,8jtopaclkzi6fkcxvnzy3t27q,2022-08-03T04:31:22Z,"drill do brooklyn,drill de nova iorque,drill","Victor Victor Worldwide",0.812,0.689,1,-7.138,1,0.203,0.186,0.000115,0.123,0.306,122.003,4
spotify:track:0kjIeKhqH933ppKUK6gOCE,"Don't Know Em (feat. Rah Swish)","Faith (Deluxe)","Pop Smoke;Rah Swish",2021-07-31,111699,15,true,8jtopaclkzi6fkcxvnzy3t27q,2023-05-18T02:50:45Z,"drill do brooklyn,drill de nova iorque,drill","Victor Victor Worldwide",0.682,0.63,0,-7.074,1,0.0867,0.263,0,0.272,0.622,145.95,4
spotify:track:3QPZqYIzgEXbVouiHpu7wR,"Mr. Jones (feat. Anuel AA)","Faith (Deluxe)","Pop Smoke;Anuel AA",2021-07-31,229253,21,true,8jtopaclkzi6fkcxvnzy3t27q,2022-08-03T04:31:31Z,"drill do brooklyn,drill de nova iorque,drill,reggaeton,trap latino,urbano latino,latino","Victor Victor Worldwide",0.781,0.649,0,-6.295,0,0.0892,0.49,0.00000245,0.216,0.728,134.051,4
spotify:track:3uEJ0Z1lXBRqN5DbMAI69m,"Bad Boys (feat. Obasi Jackson)","Faith (Deluxe)","Pop Smoke;Obasi Jackson",2021-07-31,162253,9,true,8jtopaclkzi6fkcxvnzy3t27q,2022-08-03T04:31:40Z,"drill do brooklyn,drill de nova iorque,drill","Victor Victor Worldwide",0.73,0.686,0,-5.501,0,0.0377,0.0679,0.000105,0.177,0.497,142.053,4
spotify:track:26D2eFWhzC3GnL4lYwfKRm,"44 BullDog","Shoot For The Stars Aim For The Moon (Deluxe)","Pop Smoke",2020-07-20,150857,12,true,8jtopaclkzi6fkcxvnzy3t27q,2022-08-03T04:31:44Z,"drill do brooklyn,drill de nova iorque,drill","Victor Victor Worldwide",0.8,0.564,8,-5.817,1,0.4,0.0287,0.00000165,0.112,0.318,139.989,4
spotify:track:47k25JWFG1aLiaDjkIH10g,"Gangstas","Shoot For The Stars Aim For The Moon (Deluxe)","Pop Smoke",2020-07-20,160000,14,true,8jtopaclkzi6fkcxvnzy3t27q,2022-08-03T04:31:48Z,"drill do brooklyn,drill de nova iorque,drill","Victor Victor Worldwide",0.548,0.506,4,-7.434,0,0.102,0.203,0.0001,0.0788,0.557,119.987,5
spotify:track:6BYPomivIjWbWAvrhplZCx,"Creature (feat. Swae Lee)","Shoot For The Stars Aim For The Moon (Deluxe)","Pop Smoke;Swae Lee",2020-07-20,202815,10,true,8jtopaclkzi6fkcxvnzy3t27q,2022-08-03T04:31:52Z,"drill do brooklyn,drill de nova iorque,drill","Victor Victor Worldwide",0.794,0.717,7,-5.73,1,0.251,0.0511,0,0.195,0.372,141.881,4
spotify:track:3HnPbz5IlXUMuKpPzugLNt,"Make It Rain (feat. Rowdy Rebel)","Shoot For The Stars Aim For The Moon (Deluxe)","Pop Smoke;Rowdy Rebel",2020-07-20,202443,10,true,8jtopaclkzi6fkcxvnzy3t27q,2022-08-03T04:31:56Z,"drill do brooklyn,drill de nova iorque,drill","Victor Victor Worldwide",0.5,0.767,1,-4.105,1,0.403,0.161,0.0000995,0.385,0.58,159.477,4
spotify:track:0fVymPhvHXshE1ZFr4GAnw,"Track Suit Mafia (feat. Febem & PLK)","Eskibaile","Fleezus;CESRV;Febem;P.L.K",2020-12-11,189070,31,true,8jtopaclkzi6fkcxvnzy3t27q,2022-08-03T04:33:35Z,"grime,hip hop brasileiro,boom bap,trap brasileiro","Beatwise Recordings",0.935,0.66,6,-7.085,0,0.293,0.0211,0,0.102,0.785,136.043,4
spotify:track:5nOQjmjJLExC224rRudvYY,"City Runners (feat. Kyan)","Eskibaile","Fleezus;VHOOR;Kyan",2020-12-11,166474,30,true,8jtopaclkzi6fkcxvnzy3t27q,2022-08-03T04:33:49Z,"grime,hip hop brasileiro,miami bass,trap brasileiro,trap funk,trap","Beatwise Recordings",0.909,0.451,1,-6.476,1,0.371,0.000621,0,0.0891,0.192,140.042,4
spotify:track:06mnV7b0AeImbxT8v4qhhk,"Melhora (feat. LEALL)","Eskibaile","Fleezus;CESRV;LEALL",2020-12-11,207402,27,true,8jtopaclkzi6fkcxvnzy3t27q,2022-08-03T04:33:55Z,"grime,hip hop brasileiro,boom bap,trap brasileiro","Beatwise Recordings",0.813,0.691,9,-8.942,1,0.422,0.0257,0,0.544,0.724,140.907,4
spotify:track:3vwHNEGfzDYMNDDNGekoQZ,"Liga Nois (feat. Yunk Vino)","Eskibaile","Fleezus;Li-O;Meio Feel;Yunk Vino",2020-12-11,203584,21,true,8jtopaclkzi6fkcxvnzy3t27q,2022-08-03T04:34:18Z,"grime,hip hop brasileiro,drill,trap brasileiro,trap,trap funk","Beatwise Recordings",0.671,0.611,0,-8.063,1,0.334,0.13,0,0.32,0.605,142.862,4
spotify:track:339rvCwVYV1CnTUPqXR6o4,"Flow SBK","Eskibaile","Fleezus;CESRV",2020-12-11,113741,14,true,8jtopaclkzi6fkcxvnzy3t27q,2022-08-03T04:34:30Z,"grime,hip hop brasileiro,boom bap,trap brasileiro","Beatwise Recordings",0.634,0.728,7,-8.479,1,0.382,0.0186,0,0.0844,0.769,140.774,4
spotify:track:6s2qzMIO4ZkbDCae8dADAX,"Andar (feat. Clara Lima)","Eskibaile","Fleezus;CESRV;Clara Lima",2020-12-11,211485,13,true,8jtopaclkzi6fkcxvnzy3t27q,2022-08-03T04:34:34Z,"grime,hip hop brasileiro,boom bap,trap brasileiro","Beatwise Recordings",0.869,0.612,7,-8.333,1,0.151,0.000439,0,0.109,0.474,110.011,4
spotify:track:5ncFNEdqV8b9e3YyqtY0pb,"Quem Diria","Eskibaile","Fleezus;CESRV",2020-12-11,219222,10,true,8jtopaclkzi6fkcxvnzy3t27q,2022-08-03T04:34:38Z,"grime,hip hop brasileiro,boom bap,trap brasileiro","Beatwise Recordings",0.59,0.461,1,-11.931,1,0.405,0.0554,0,0.0884,0.629,114.745,4
spotify:track:7IBLt4Qarf4JDLxIQDv2O5,"D.M.B.","D.M.B.","A$AP Rocky",2022-05-05,291611,55,true,8jtopaclkzi6fkcxvnzy3t27q,2022-08-03T04:42:40Z,"rap","A$AP Worldwide/Polo Grounds Music/RCA Records",0.727,0.616,8,-8.487,1,0.338,0.542,0.00000447,0.482,0.392,140.014,4
spotify:track:4LaGu95Ui2s4vprSQYWUAZ,"Bout A Million (feat. 42 Dugg & 21 Savage)","Faith","Pop Smoke;21 Savage;42 Dugg",2021-07-16,203586,22,true,8jtopaclkzi6fkcxvnzy3t27q,2022-08-03T04:42:57Z,"drill do brooklyn,drill de nova iorque,drill","Victor Victor Worldwide",0.718,0.675,0,-6.959,0,0.0911,0.532,0,0.125,0.389,145.056,4
spotify:track:5F60xHWOA3WsKnceHBx93n,"Paris","Paris","Derek",2016-12-23,346813,33,false,8jtopaclkzi6fkcxvnzy3t27q,2022-08-03T04:45:45Z,"trap brasileiro,trap,hip hop brasileiro,trap funk","New Rich Records",0.403,0.44,0,-9.624,1,0.0505,0.66,0.000118,0.0781,0.206,135.136,3
spotify:track:2ygHdSMFsuMbeQmMc8IWJz,"Baby Me Desculpa","Ícone","Derek;Konai",2020-02-13,208968,30,true,8jtopaclkzi6fkcxvnzy3t27q,2022-08-30T02:53:26Z,"trap brasileiro,trap,hip hop brasileiro,trap funk","Derek Luccas",0.63,0.786,4,-6.589,0,0.259,0.755,0.0125,0.125,0.371,160.997,4
spotify:track:261whveSKSm9NLiT943fsR,"Me leva","Me Leva","Delacruz",2018-08-17,221448,35,false,8jtopaclkzi6fkcxvnzy3t27q,2022-08-30T02:59:35Z,"hip hop brasileiro,pop nacional","Groove",0.523,0.299,5,-11.888,0,0.0925,0.762,0.00393,0.294,0.301,177.707,4
spotify:track:3bdgb8PuKpkA54t4SPN0cG,"Amor","O Líder em Movimento","BK;JXNV$",2020-09-08,152342,1,false,8jtopaclkzi6fkcxvnzy3t27q,2022-08-30T03:01:58Z,"hip hop brasileiro,boom bap,trap brasileiro","Pirâmide Perdida Records",0.691,0.732,5,-6.63,0,0.136,0.208,0,0.148,0.379,127.945,4
spotify:track:5PzzpWrRjoKmA1nzYasTL1,"Wallpaper","Wallpaper","Dalsin",2019-12-13,191798,49,true,8jtopaclkzi6fkcxvnzy3t27q,2022-08-30T03:05:59Z,"hip hop brasileiro,boom bap","Dalsin",0.84,0.471,10,-7.498,0,0.384,0.307,0,0.122,0.646,140.104,4
spotify:track:2myQE9T8UAbl5u6Wg3UT2J,"Intimidade","Goela Abaixo","Liniker e os Caramelows;Liniker;Caramelows",2019-03-22,194882,1,false,8jtopaclkzi6fkcxvnzy3t27q,2022-08-30T03:07:18Z,"nova mpb,mpb,pop nacional","Let's GIG",0.459,0.0566,8,-18.854,1,0.0462,0.965,0.00000267,0.0742,0.316,110.86,4
spotify:track:2AJ38vlRg3hEJ3m1iAJRyt,"Love Song (A Maior Dor de um Homem)","Love Song (A Maior Dor de um Homem)","Sabotage;Mano Brown",2018-11-23,256000,53,false,8jtopaclkzi6fkcxvnzy3t27q,2022-08-30T03:10:54Z,"hip hop brasileiro,boom bap","Sabotage",0.765,0.484,8,-9.103,1,0.132,0.182,0,0.114,0.535,90.103,4
spotify:track:2WfTrHotAGGXSk4hvznT9S,"Última Noite","Última Noite","Baco Exu do Blues",2018-08-30,98969,2,false,8jtopaclkzi6fkcxvnzy3t27q,2022-08-30T03:16:06Z,"hip hop brasileiro,trap brasileiro","Baco Exu do Blues",0.635,0.524,7,-9.637,1,0.329,0.56,0.00000578,0.108,0.138,97.095,4
spotify:track:2rMFawCg4BW65jzbwztXAV,"Oh My Dis Side (feat. Quavo)","Rodeo","Travis Scott;Quavo",2015-09-04,351253,64,true,8jtopaclkzi6fkcxvnzy3t27q,2022-09-05T14:49:59Z,"rap","Cactus Jack / Epic",0.459,0.623,1,-4.45,1,0.0489,0.352,0,0.131,0.205,126.014,4
spotify:track:1SGt65i9AnXYdDQt1AtDRH,"3500 (feat. Future & 2 Chainz)","Rodeo","Travis Scott;Future;2 Chainz",2015-09-04,461840,69,true,8jtopaclkzi6fkcxvnzy3t27q,2022-09-05T14:50:19Z,"rap,southern hip hop","Cactus Jack / Epic",0.781,0.595,8,-6.069,0,0.155,0.113,0.00000248,0.13,0.338,123.973,4
spotify:track:3xby7fOyqmeON8jsnom0AT,"Nightcrawler (feat. Swae Lee & Chief Keef)","Rodeo","Travis Scott;Swae Lee;Chief Keef",2015-09-04,321560,78,true,8jtopaclkzi6fkcxvnzy3t27q,2022-09-05T15:00:40Z,"rap,drill de chicago,drill","Cactus Jack / Epic",0.522,0.731,3,-3.803,0,0.0325,0.0013,0,0.132,0.179,124.055,4
spotify:track:6HszFW6X5wM8DKX1SO0LaK,"Flying High (feat. Toro y Moi)","Rodeo","Travis Scott;Toro y Moi",2015-09-04,208626,54,true,8jtopaclkzi6fkcxvnzy3t27q,2022-09-05T15:13:04Z,"rap,chillwave","Cactus Jack / Epic",0.627,0.826,1,-3.139,0,0.0402,0.0617,0,0.495,0.429,130.015,4
spotify:track:3jg8bevUzKYONDLBBQquif,"Never Catch Me","Rodeo","Travis Scott",2015-09-04,176160,59,true,8jtopaclkzi6fkcxvnzy3t27q,2022-09-05T15:24:44Z,"rap","Cactus Jack / Epic",0.511,0.521,6,-8.341,1,0.0332,0.0114,0.0233,0.167,0.126,99.058,4
spotify:track:46oHvXwpEZOFX518we1nJD,"CORSO","CALL ME IF YOU GET LOST","Tyler, The Creator",2021-06-25,146482,60,true,8jtopaclkzi6fkcxvnzy3t27q,2022-09-05T15:28:08Z,"","Columbia",0.703,0.845,10,-4.851,0,0.337,0.169,0,0.122,0.745,97.672,4
spotify:track:13HsOwrwTA5HgLuoaDHncP,"RUNITUP (feat. Teezo Touchdown)","CALL ME IF YOU GET LOST","Tyler, The Creator;Teezo Touchdown",2021-06-25,229564,59,true,8jtopaclkzi6fkcxvnzy3t27q,2022-09-05T15:34:21Z,"","Columbia",0.665,0.469,10,-7.778,0,0.13,0.565,0.000317,0.219,0.142,115.852,4
spotify:track:3EG9FJ0ToLfgnc1IG2Z1wz,"SWEET / I THOUGHT YOU WANTED TO DANCE (feat. Brent Faiyaz & Fana Hues)","CALL ME IF YOU GET LOST","Tyler, The Creator;Brent Faiyaz;Fana Hues",2021-06-25,588139,74,true,8jtopaclkzi6fkcxvnzy3t27q,2022-09-05T15:43:21Z,"r&b,r&b alternativo","Columbia",0.468,0.652,0,-4.912,1,0.0722,0.333,0.000318,0.55,0.39,140.223,4
spotify:track:4gh0ZnHzaTMT1sDga7Ek0N,"sdp interlude","Birds In The Trap Sing McKnight","Travis Scott",2016-09-16,191622,81,true,8jtopaclkzi6fkcxvnzy3t27q,2022-09-05T16:01:54Z,"rap","Cactus Jack / Epic",0.507,0.586,0,-8.15,0,0.0586,0.599,0.0544,0.118,0.588,108.164,4
spotify:track:6RK3IsiUW6YaSMEodbO4tk,"Solitude - Felsmann + Tiley Reinterpretation","Solitude (Felsmann + Tiley Reinterpretation)","M83;Felsmann + Tiley",2020-05-14,222354,71,false,8jtopaclkzi6fkcxvnzy3t27q,2022-09-05T16:12:07Z,"","naïve",0.367,0.202,0,-11.342,1,0.0313,0.668,0.145,0.109,0.0362,121.865,4
spotify:track:7pas6O1LYbaeChEFQBhPFU,"coordinate","Birds In The Trap Sing McKnight","Travis Scott",2016-09-16,226397,66,true,8jtopaclkzi6fkcxvnzy3t27q,2022-09-05T18:11:18Z,"rap","Cactus Jack / Epic",0.688,0.658,1,-4.155,1,0.0695,0.105,0.00000189,0.335,0.28,75.615,4
spotify:track:01Ch5LzVStxCFPKkT1xg6k,"sweet sweet","Birds In The Trap Sing McKnight","Travis Scott",2016-09-16,222317,65,true,8jtopaclkzi6fkcxvnzy3t27q,2022-09-05T18:11:58Z,"rap","Cactus Jack / Epic",0.733,0.578,0,-5.245,0,0.0417,0.0859,0.00000119,0.403,0.447,142.028,4
spotify:track:4cQrSREMqBSvJ8ZzBZjVb8,"Mile High (feat. Travis Scott & Metro Boomin)","Assume Form","James Blake;Travis Scott;Metro Boomin",2019-01-18,193600,64,false,8jtopaclkzi6fkcxvnzy3t27q,2022-09-05T18:21:41Z,"rap","Polydor Records",0.754,0.37,6,-9.854,0,0.12,0.403,0.0000622,0.107,0.228,114.941,4
spotify:track:2HIjQZsmscClqRGbfzwAgK,"Diamonds (feat. Gunna)","So Much Fun (Deluxe)","Young Thug;Gunna",2019-12-20,210733,58,true,8jtopaclkzi6fkcxvnzy3t27q,2022-10-01T02:03:57Z,"rap,rap melódico,trap","300 Entertainment/Atl",0.919,0.367,10,-9.546,0,0.464,0.00424,0.00019,0.175,0.228,147.033,4
spotify:track:4xzSmycmoheCQGJLvYtDFU,"Mannequin Challenge (feat. Juice WRLD)","So Much Fun (Deluxe)","Young Thug;Juice WRLD",2019-12-20,162400,52,true,8jtopaclkzi6fkcxvnzy3t27q,2022-10-01T03:14:29Z,"rap,rap melódico,trap,rap emo","300 Entertainment/Atl",0.857,0.583,1,-7.466,0,0.086,0.0899,0,0.204,0.443,132.01,4
spotify:track:2aPhlZWgrl0LjBHOUNv8PL,"Circle Of Bosses (feat. Quavo)","So Much Fun (Deluxe)","Young Thug;Quavo",2019-12-20,179466,41,true,8jtopaclkzi6fkcxvnzy3t27q,2022-10-01T03:14:34Z,"rap,rap melódico,trap","300 Entertainment/Atl",0.899,0.488,2,-7.404,0,0.392,0.00938,0,0.359,0.542,150.04,4
spotify:track:4y00KeXFOME9ABLEfaNg37,"I'm Scared (feat. 21 Savage & Doe Boy)","So Much Fun (Deluxe)","Young Thug;21 Savage;Doe Boy",2019-12-20,200733,44,true,8jtopaclkzi6fkcxvnzy3t27q,2022-10-01T03:14:39Z,"rap,rap melódico,trap","300 Entertainment/Atl",0.909,0.414,1,-7.316,1,0.3,0.00333,0.0000034,0.114,0.138,146.004,4
spotify:track:2UcJF4S4yazTz1uQ7Tb8SA,"The London (feat. J. Cole & Travis Scott)","So Much Fun (Deluxe)","Young Thug;J. Cole;Travis Scott",2019-12-20,200186,50,true,8jtopaclkzi6fkcxvnzy3t27q,2022-10-01T03:19:33Z,"rap,rap melódico,trap","300 Entertainment/Atl",0.784,0.517,4,-8.981,0,0.209,0.0249,0.00000144,0.155,0.206,97.991,4
spotify:track:2OXzRAorEoKl90G8n8tu5t,"Quarto","Adeus Tokyo Part II","Japa",2022-09-30,169956,40,true,8jtopaclkzi6fkcxvnzy3t27q,2022-10-01T03:28:45Z,"trap brasileiro,trap,hip hop brasileiro","Universal Music Ltda.",0.744,0.675,6,-5.285,0,0.067,0.0716,0.0000203,0.15,0.12,117.116,4
spotify:track:5x07nGpZoW4pg1Pu7SFGVj,"Arigatô","Adeus Tokyo Part II","Japa",2022-09-30,147692,34,true,8jtopaclkzi6fkcxvnzy3t27q,2022-10-01T03:28:49Z,"trap brasileiro,trap,hip hop brasileiro","Universal Music Ltda.",0.706,0.54,5,-5.948,0,0.0425,0.00824,0.00123,0.115,0.114,130.021,4
spotify:track:0LWGjzXGyMp0Ty9DQtSyP3,"Liberdade","Cereja Hollywood","Dalsin;Alaska;Gioprod",2021-09-29,195254,22,true,8jtopaclkzi6fkcxvnzy3t27q,2022-10-02T05:59:35Z,"hip hop brasileiro,boom bap,trap brasileiro","Alaska",0.873,0.49,1,-7.126,0,0.111,0.448,0,0.084,0.785,118.004,4
spotify:track:6sCAmB1dnQWzAmaLLDoXoH,"Mentiras","Cereja Hollywood","Dalsin;Alaska;Duzz;Nardin",2021-09-29,214787,27,true,8jtopaclkzi6fkcxvnzy3t27q,2022-10-02T06:08:19Z,"hip hop brasileiro,boom bap,trap brasileiro,trap","Alaska",0.777,0.493,4,-9.116,0,0.0881,0.421,0,0.0882,0.299,93.998,4
spotify:track:0b7uj4KMIlKCsV1sO2EAWB,"Vegana","Cereja Hollywood","Dalsin;Alaska;Gioprod;Matheusinho",2021-09-29,175081,52,false,8jtopaclkzi6fkcxvnzy3t27q,2022-10-02T06:10:33Z,"hip hop brasileiro,boom bap,trap brasileiro","Alaska",0.673,0.462,0,-8.763,0,0.213,0.552,0.0000124,0.127,0.669,121.714,4
spotify:track:1JY1N0qh2rUcFXtBomQBRW,"Red Cup","Cereja Hollywood","Dalsin;Alaska;Gioprod",2021-09-29,168000,25,true,8jtopaclkzi6fkcxvnzy3t27q,2022-10-02T06:12:56Z,"hip hop brasileiro,boom bap,trap brasileiro","Alaska",0.606,0.545,6,-7.815,0,0.184,0.26,0,0.357,0.431,119.551,4
spotify:track:6xXOeZHF2I1gL6cpjV6V3E,"Superficial","Cereja Hollywood","Dalsin;Chris MC;OG L;Alaska",2021-09-29,140571,20,true,8jtopaclkzi6fkcxvnzy3t27q,2022-10-02T06:16:18Z,"hip hop brasileiro,boom bap,trap brasileiro","Alaska",0.562,0.673,5,-6.731,0,0.311,0.171,0,0.0822,0.527,138.648,4
spotify:track:4ullabmaElUh1kqSkH7JrK,"Vila dos Lençóis","Cereja Hollywood","Dalsin;Alaska;Cynthia Luz",2021-09-29,207829,26,false,8jtopaclkzi6fkcxvnzy3t27q,2022-10-02T06:24:41Z,"hip hop brasileiro,boom bap,trap brasileiro","Alaska",0.733,0.341,6,-8.838,0,0.0872,0.268,0,0.108,0.45,129.916,4
spotify:track:1Jo3u8eXp8xobbrvq0FIi9,"Gasoline Dreams (with Khujo Goodie)","Stankonia","Outkast;Khujo Goodie",2000-10-31,214706,49,true,8jtopaclkzi6fkcxvnzy3t27q,2022-10-03T00:45:32Z,"southern hip hop,hip hop,crunk","Arista/LaFace Records",0.729,0.959,2,-2.726,1,0.234,0.0383,0,0.312,0.508,95.082,4
spotify:track:0I3q5fE6wg7LIfHGngUTnV,"Ms. Jackson","Stankonia","Outkast",2000-10-31,270506,86,true,8jtopaclkzi6fkcxvnzy3t27q,2022-10-03T00:53:55Z,"southern hip hop,hip hop","Arista/LaFace Records",0.843,0.806,4,-5.946,0,0.269,0.143,0,0.0771,0.613,94.948,4
spotify:track:6C872iuQnICFQy5Z5hIIJX,"Snappin' & Trappin' (feat. Killer Mike & J-Sweet)","Stankonia","Outkast;Killer Mike;J-Sweet",2000-10-31,259693,42,true,8jtopaclkzi6fkcxvnzy3t27q,2022-10-03T00:59:42Z,"southern hip hop,hip hop,hip hop alternativo,grime","Arista/LaFace Records",0.574,0.922,1,-5.561,0,0.37,0.0154,0,0.267,0.432,194.082,4
spotify:track:1ZosUXeZM3qlTWdL1uTrhm,"Spaghetti Junction","Stankonia","Outkast",2000-10-31,237160,48,true,8jtopaclkzi6fkcxvnzy3t27q,2022-10-03T01:04:50Z,"southern hip hop,hip hop","Arista/LaFace Records",0.746,0.697,7,-7.104,1,0.233,0.0105,0,0.0459,0.452,96.716,4
spotify:track:6F1nkRSfNUh3FcoSmuO4fu,"I'll Call B4 I Cum (feat. Gangsta Boo & Eco)","Stankonia","Outkast;Gangsta Boo;Eco",2000-10-31,258440,41,true,8jtopaclkzi6fkcxvnzy3t27q,2022-10-03T01:10:06Z,"southern hip hop,hip hop,horrorcore,crunk,trance,trance progressivo","Arista/LaFace Records",0.895,0.578,1,-9.044,1,0.198,0.0621,0.00000889,0.326,0.59,90.989,4
spotify:track:3WibbMr6canxRJXhNtAvLU,"B.O.B. - Bombs Over Baghdad","Stankonia","Outkast",2000-10-31,304226,67,true,8jtopaclkzi6fkcxvnzy3t27q,2022-10-03T01:14:35Z,"southern hip hop,hip hop","Arista/LaFace Records",0.746,0.978,9,-5.324,1,0.0978,0.0555,0.0000411,0.026,0.653,153.809,4
spotify:track:4XaY6ZNB5BrmVVLtQxjWpm,"We Luv Deez Hoez (feat. Backbone & Big Gipp)","Stankonia","Outkast;Backbone;Big Gipp",2000-10-31,250466,44,true,8jtopaclkzi6fkcxvnzy3t27q,2022-10-03T01:26:31Z,"southern hip hop,hip hop","Arista/LaFace Records",0.913,0.601,1,-4.803,1,0.107,0.0372,0.000227,0.0806,0.79,89.97,4
spotify:track:5cN4KyXGUdNOve1TEPWmhL,"Humble Mumble (feat. Erykah Badu)","Stankonia","Outkast;Erykah Badu",2000-10-31,290666,47,true,8jtopaclkzi6fkcxvnzy3t27q,2022-10-03T01:29:36Z,"southern hip hop,hip hop,neo soul,r&b","Arista/LaFace Records",0.799,0.923,10,-6.108,0,0.116,0.0363,0.0000128,0.41,0.778,109.959,4
spotify:track:33NoCir8q4WA4HNmyrD3fu,"Moonwalkin (feat. Lil Durk)","Please Excuse Me for Being Antisocial","Roddy Ricch;Lil Durk",2019-12-06,167850,52,true,8jtopaclkzi6fkcxvnzy3t27q,2022-10-04T06:13:18Z,"rap melódico,drill de chicago,drill","Atlantic Records",0.779,0.58,1,-7.594,0,0.284,0.0178,0,0.15,0.299,160.243,4
spotify:track:6x0QNM6f0C2JEjK0hFF8Ca,"Big Stepper","Please Excuse Me for Being Antisocial","Roddy Ricch",2019-12-06,175169,53,true,8jtopaclkzi6fkcxvnzy3t27q,2022-10-04T06:14:48Z,"rap melódico","Atlantic Records",0.753,0.597,8,-8.469,1,0.292,0.0477,0,0.197,0.616,76.997,4
spotify:track:7KK4d7xfH6WjUuK1kPL8E2,"God's Eyes","Please Excuse Me for Being Antisocial","Roddy Ricch",2019-12-06,135515,59,true,8jtopaclkzi6fkcxvnzy3t27q,2022-10-04T06:19:12Z,"rap melódico","Atlantic Records",0.865,0.649,2,-8.05,0,0.349,0.145,0,0.104,0.22,113.245,5
spotify:track:6In6SkveIw26thdYRhHTVX,"Bacc Seat (feat. Ty Dolla $ign)","Please Excuse Me for Being Antisocial","Roddy Ricch;Ty Dolla $ign",2019-12-06,172320,65,true,8jtopaclkzi6fkcxvnzy3t27q,2022-10-04T06:30:36Z,"rap melódico,trap soul","Atlantic Records",0.783,0.524,1,-6.828,1,0.115,0.0404,0,0.087,0.153,144.989,4
spotify:track:6ztvsy3C6hPjVg9j4x1XKJ,"Tip Toe (feat. A Boogie Wit da Hoodie)","Please Excuse Me for Being Antisocial","Roddy Ricch;A Boogie Wit da Hoodie",2019-12-06,185806,54,true,8jtopaclkzi6fkcxvnzy3t27q,2022-10-04T06:39:08Z,"rap melódico","Atlantic Records",0.757,0.673,1,-8.513,1,0.141,0.095,0,0.338,0.574,92.958,3
spotify:track:78X9D3v7OarDPNdTPUV4CQ,"War Baby","Please Excuse Me for Being Antisocial","Roddy Ricch",2019-12-06,195668,59,true,8jtopaclkzi6fkcxvnzy3t27q,2022-10-04T06:40:56Z,"rap melódico","Atlantic Records",0.663,0.706,5,-6.97,0,0.329,0.337,0,0.113,0.244,74.836,4
spotify:track:3L0IKstjUgDFVQAbQIRZRv,"R.I.P.","Die Lit","Playboi Carti",2018-05-11,192026,73,true,8jtopaclkzi6fkcxvnzy3t27q,2022-10-04T15:25:27Z,"rage rap","AWGE Label",0.725,0.725,8,-6.067,0,0.159,0.0119,0,0.086,0.515,140.003,4
spotify:track:3K6U7TamNyVSWcFH8pCQHX,"Love Hurts (feat. Travis Scott)","Die Lit","Playboi Carti;Travis Scott",2018-05-11,180560,66,true,8jtopaclkzi6fkcxvnzy3t27q,2022-10-04T15:34:08Z,"rage rap,rap","AWGE Label",0.724,0.45,4,-5.763,0,0.0497,0.0315,0.0000142,0.111,0.464,140.978,4
spotify:track:4IO2X2YoXoUMv0M2rwomLC,"Long Time - Intro","Die Lit","Playboi Carti",2018-05-11,211773,77,true,8jtopaclkzi6fkcxvnzy3t27q,2022-10-05T04:21:25Z,"rage rap","AWGE Label",0.472,0.861,4,-3.966,0,0.0447,0.283,0,0.83,0.358,144.077,4
spotify:track:1JgkiUg9mSXSwcb5Gbi4Ur,"Lean 4 Real (feat. Skepta)","Die Lit","Playboi Carti;Skepta",2018-05-11,177026,67,true,8jtopaclkzi6fkcxvnzy3t27q,2022-10-05T04:28:17Z,"rage rap,grime,grime reino unido","AWGE Label",0.754,0.775,7,-5.077,1,0.066,0.0302,0,0.362,0.159,76.01,4
spotify:track:2BJSMvOGABRxokHKB0OI8i,"Shoota (feat. Lil Uzi Vert)","Die Lit","Playboi Carti;Lil Uzi Vert",2018-05-11,153800,79,true,8jtopaclkzi6fkcxvnzy3t27q,2022-10-05T16:52:58Z,"rage rap,rap melódico","AWGE Label",0.673,0.649,1,-8.433,0,0.196,0.188,0,0.122,0.47,153.075,4
spotify:track:5wPyd3IQAZft1vmxoIqGrU,"Home (KOD)","Die Lit","Playboi Carti",2018-05-11,162133,64,true,8jtopaclkzi6fkcxvnzy3t27q,2022-10-05T17:02:43Z,"rage rap","AWGE Label",0.722,0.686,7,-6.173,0,0.24,0.316,0,0.352,0.435,77.015,4
spotify:track:424qpX6swdUdhLq95cecNu,"Pull Up","Die Lit","Playboi Carti",2018-05-11,216400,59,true,8jtopaclkzi6fkcxvnzy3t27q,2022-10-05T17:10:39Z,"rage rap","AWGE Label",0.842,0.596,2,-7.569,1,0.3,0.0109,0.000177,0.114,0.57,156.999,4
spotify:track:5nayhWICkQGMTkisxVMbRw,"FlatBed Freestyle","Die Lit","Playboi Carti",2018-05-11,193973,69,true,8jtopaclkzi6fkcxvnzy3t27q,2022-10-05T17:16:26Z,"rage rap","AWGE Label",0.755,0.552,9,-5.604,1,0.288,0.0967,0,0.158,0.402,153.157,4
spotify:track:7AtBtwrKhz94hYXgGYyG58,"Middle Of The Summer (feat. Red Coldhearted)","Die Lit","Playboi Carti;Red Coldhearted",2018-05-11,137026,64,true,8jtopaclkzi6fkcxvnzy3t27q,2022-10-05T17:25:03Z,"rage rap","AWGE Label",0.64,0.674,8,-6.442,1,0.237,0.0119,0,0.0747,0.459,136.869,4
spotify:track:4Yw8TyBm9J8cpy2guHUYog,"What You Need","House Of Balloons (Original)","The Weeknd",2011-03-21,206421,73,false,8jtopaclkzi6fkcxvnzy3t27q,2022-10-06T02:05:00Z,"","The Weeknd/Lyric",0.638,0.335,7,-10.522,0,0.0854,0.505,0.0139,0.116,0.0608,133.853,4
spotify:track:4jBfUB4kQJCWOrjGLQqhO0,"The Morning","House Of Balloons (Original)","The Weeknd",2011-03-21,314109,79,true,8jtopaclkzi6fkcxvnzy3t27q,2022-10-06T03:22:47Z,"","The Weeknd/Lyric",0.682,0.51,6,-9.987,0,0.0441,0.143,0.00000446,0.0797,0.191,120.097,4
spotify:track:00aqkszH1FdUiJJWvX6iEl,"Wicked Games","House Of Balloons (Original)","The Weeknd",2011-03-21,325305,76,true,8jtopaclkzi6fkcxvnzy3t27q,2022-10-06T03:28:59Z,"","The Weeknd/Lyric",0.606,0.57,9,-6.684,1,0.032,0.0217,0.00000847,0.301,0.258,114.033,4
spotify:track:3mHO1J6kfiArjBo1zhLFGP,"Coming Down","House Of Balloons (Original)","The Weeknd",2011-03-21,295435,80,false,8jtopaclkzi6fkcxvnzy3t27q,2022-10-06T03:40:38Z,"","The Weeknd/Lyric",0.694,0.649,2,-5.262,0,0.0353,0.303,0.0000241,0.206,0.344,120.973,4
spotify:track:2yBz1hupoOBncorzuKcJ2z,"Loft Music","House Of Balloons (Original)","The Weeknd",2011-03-21,363057,63,true,8jtopaclkzi6fkcxvnzy3t27q,2022-10-06T03:46:38Z,"","The Weeknd/Lyric",0.257,0.443,6,-9.998,0,0.0921,0.49,0.00049,0.219,0.112,77.528,4
spotify:track:6tjsbysvZh8Pq8DZA5ldrn,"The Knowing","House Of Balloons (Original)","The Weeknd",2011-03-21,342828,62,false,8jtopaclkzi6fkcxvnzy3t27q,2022-10-06T03:55:59Z,"","The Weeknd/Lyric",0.454,0.668,6,-5.821,0,0.03,0.205,0.000841,0.0938,0.168,85.994,4
spotify:track:0trHOzAhNpGCsGBEu7dOJo,"N.Y. State of Mind","Illmatic","Nas",1994-04-19,294081,74,true,8jtopaclkzi6fkcxvnzy3t27q,2022-10-07T04:30:19Z,"hip hop old school,east coast hip hop,hip hop","Columbia",0.665,0.91,6,-4.682,0,0.223,0.0394,0,0.227,0.887,84.099,4
spotify:track:2LhhnqrHPWvXYveZVHLKrd,"Life's a Bitch (feat. AZ & Olu Dara)","Illmatic","Nas;AZ;Olu Dara",1994-04-19,210737,64,true,8jtopaclkzi6fkcxvnzy3t27q,2022-10-07T04:33:54Z,"hip hop old school,east coast hip hop,hip hop,boom bap","Columbia",0.775,0.734,7,-5.41,1,0.215,0.00138,0,0.304,0.342,90.001,4
spotify:track:7G3lxTsMfSx4yarMkfgnTC,"The World Is Yours","Illmatic","Nas",1994-04-19,290578,70,true,8jtopaclkzi6fkcxvnzy3t27q,2022-10-07T04:38:26Z,"hip hop old school,east coast hip hop,hip hop","Columbia",0.678,0.794,10,-6.186,0,0.14,0.274,0.00000168,0.124,0.54,87.374,4
spotify:track:2PRsh2LNPxoxC9OnErnelg,"Halftime","Illmatic","Nas",1994-04-19,260797,60,true,8jtopaclkzi6fkcxvnzy3t27q,2022-10-07T04:44:03Z,"hip hop old school,east coast hip hop,hip hop","Columbia",0.766,0.793,4,-6.638,0,0.166,0.0303,0.00000809,0.173,0.652,91.925,4
spotify:track:2W58HMaCbjcUfZnZaeHtcC,"Memory Lane (Sittin' in da Park)","Illmatic","Nas",1994-04-19,248211,61,true,8jtopaclkzi6fkcxvnzy3t27q,2022-10-07T04:46:53Z,"hip hop old school,east coast hip hop,hip hop","Columbia",0.648,0.841,0,-4.322,1,0.212,0.31,0,0.136,0.624,89.564,4
spotify:track:6DPrhGVJ1WTZvM9fKptnGe,"Represent","Illmatic","Nas",1994-04-19,252596,66,true,8jtopaclkzi6fkcxvnzy3t27q,2022-10-07T05:00:33Z,"hip hop old school,east coast hip hop,hip hop","Columbia",0.708,0.832,1,-4.964,1,0.318,0.02,0.0000028,0.189,0.618,92.428,4
spotify:track:2CPturRUlpvirYr7VpkXCV,"It Ain't Hard to Tell","Illmatic","Nas",1994-04-19,202106,67,true,8jtopaclkzi6fkcxvnzy3t27q,2022-10-07T05:03:56Z,"hip hop old school,east coast hip hop,hip hop","Columbia",0.69,0.729,11,-5.819,0,0.221,0.000017,0.0431,0.152,0.357,91.376,4
spotify:track:6LBpGdlukUARutol7VgWIS,"January 28th","2014 Forest Hills Drive","J. Cole",2014-12-09,242697,69,true,8jtopaclkzi6fkcxvnzy3t27q,2022-10-08T05:41:09Z,"rap","Roc Nation Records LLC",0.597,0.568,5,-8.559,1,0.342,0.242,0,0.0838,0.342,84.052,4
spotify:track:4tqcoej1zPvwePZCzuAjJd,"Wet Dreamz","2014 Forest Hills Drive","J. Cole",2014-12-09,239266,83,true,8jtopaclkzi6fkcxvnzy3t27q,2022-10-08T05:45:47Z,"rap","Roc Nation Records LLC",0.495,0.722,6,-8.108,0,0.357,0.0697,0,0.113,0.539,175.627,4
spotify:track:11qa6plS660rrrkf6VJ3cX,"03’ Adolescence","2014 Forest Hills Drive","J. Cole",2014-12-09,264213,65,true,8jtopaclkzi6fkcxvnzy3t27q,2022-10-08T05:50:36Z,"rap","Roc Nation Records LLC",0.528,0.811,1,-6.181,1,0.59,0.395,0,0.274,0.26,70.58,4
spotify:track:52A8OAP8lTQKZCj4Rce92B,"A Tale Of 2 Citiez","2014 Forest Hills Drive","J. Cole",2014-12-09,269721,66,true,8jtopaclkzi6fkcxvnzy3t27q,2022-10-08T05:54:11Z,"rap","Roc Nation Records LLC",0.771,0.536,11,-8.534,1,0.323,0.553,0.00000105,0.294,0.343,94.995,4
spotify:track:5dp2DNJtGuNjwgEtAN6BZd,"St. Tropez","2014 Forest Hills Drive","J. Cole",2014-12-09,257872,60,true,8jtopaclkzi6fkcxvnzy3t27q,2022-10-08T06:04:20Z,"rap","Roc Nation Records LLC",0.63,0.541,9,-9.625,0,0.0692,0.0507,0.0185,0.0659,0.317,84.524,4
spotify:track:7L3yLy4K5CI7AWK2DfAbTv,"Hello","2014 Forest Hills Drive","J. Cole",2014-12-09,219173,56,true,8jtopaclkzi6fkcxvnzy3t27q,2022-10-08T06:19:54Z,"rap","Roc Nation Records LLC",0.656,0.724,9,-8.432,0,0.208,0.0829,0.0000117,0.106,0.318,159.991,4
spotify:track:5O59s7bCgTFsXDXlWecyQ1,"Apparently","2014 Forest Hills Drive","J. Cole",2014-12-09,292865,71,true,8jtopaclkzi6fkcxvnzy3t27q,2022-10-08T06:23:49Z,"rap","Roc Nation Records LLC",0.802,0.544,5,-9.212,1,0.0686,0.605,0,0.102,0.57,133.992,4
spotify:track:2e3Ea0o24lReQFR4FA7yXH,"Love Yourz","2014 Forest Hills Drive","J. Cole",2014-12-09,211496,78,true,8jtopaclkzi6fkcxvnzy3t27q,2022-10-08T06:29:51Z,"rap","Roc Nation Records LLC",0.677,0.638,8,-8.631,1,0.333,0.589,0,0.193,0.435,82.81,4
spotify:track:7795WJLVKJoAyVoOtCWqXN,"I'm Not The Only One","In The Lonely Hour","Sam Smith",2014-05-26,239316,86,false,8jtopaclkzi6fkcxvnzy3t27q,2022-10-09T21:40:41Z,"o lado suave do pop","PLG - Capitol",0.678,0.484,5,-5.795,1,0.0361,0.529,0.0000201,0.0766,0.493,82.004,4
spotify:track:2TeLIzFBe3hxkPR5FIQZut,"Like I Can","In The Lonely Hour","Sam Smith",2014-05-26,167065,74,false,8jtopaclkzi6fkcxvnzy3t27q,2022-10-09T21:49:16Z,"o lado suave do pop","PLG - Capitol",0.657,0.628,7,-6.627,0,0.0379,0.348,0.0000201,0.124,0.483,99.924,4
spotify:track:4T2qnyKCo9UISjERbIeJQg,"Life Support","In The Lonely Hour","Sam Smith",2014-05-26,173356,50,false,8jtopaclkzi6fkcxvnzy3t27q,2022-10-09T21:52:52Z,"o lado suave do pop","PLG - Capitol",0.456,0.473,4,-7.561,0,0.0353,0.492,0.000338,0.136,0.216,119.889,4
spotify:track:1ZjeSBSlwwddWUTa982kBA,"Movimento","O Líder em Movimento","BK;JXNV$",2020-09-08,215151,0,false,8jtopaclkzi6fkcxvnzy3t27q,2022-10-10T01:29:06Z,"hip hop brasileiro,boom bap,trap brasileiro","Pirâmide Perdida Records",0.527,0.554,4,-7.77,0,0.0974,0.291,0,0.205,0.213,102.087,4
spotify:track:7HcxCyjryyo7rd0xVw1Vfv,"Porcentos 2","O Líder em Movimento","BK;JXNV$",2020-09-08,228494,0,false,8jtopaclkzi6fkcxvnzy3t27q,2022-10-10T01:53:11Z,"hip hop brasileiro,boom bap,trap brasileiro","Pirâmide Perdida Records",0.595,0.709,7,-6.78,1,0.377,0.378,0,0.251,0.516,93.363,4
spotify:track:6FSOawWa0hnDjIP1gRVm5z,"Visão","O Líder em Movimento","BK;JXNV$;DJ Erick Jay",2020-09-08,223463,0,false,8jtopaclkzi6fkcxvnzy3t27q,2022-10-10T01:55:18Z,"hip hop brasileiro,boom bap,trap brasileiro","Pirâmide Perdida Records",0.704,0.436,1,-8.073,1,0.391,0.0297,0.00000132,0.42,0.224,93.165,4
spotify:track:3gsBMfj3eT8vW7UNsPdqYg,"Poder","O Líder em Movimento","BK;JXNV$;Deekapz",2020-09-08,243611,0,false,8jtopaclkzi6fkcxvnzy3t27q,2022-10-10T02:04:03Z,"hip hop brasileiro,boom bap,trap brasileiro","Pirâmide Perdida Records",0.441,0.726,1,-3.037,1,0.266,0.191,0,0.13,0.164,90.025,4
spotify:track:1rZBMTBv5RVrUCSoXizDMt,"Lugar","O Líder em Movimento","BK;JXNV$;Deekapz",2020-09-08,202684,0,false,8jtopaclkzi6fkcxvnzy3t27q,2022-10-10T02:14:44Z,"hip hop brasileiro,boom bap,trap brasileiro","Pirâmide Perdida Records",0.432,0.732,1,-4.365,1,0.198,0.132,0.0000277,0.883,0.458,67.028,3
spotify:track:5viYjPE1J4BxCwBeY5Jma1,"Universo","O Líder em Movimento","BK;JXNV$;Nansy Silvvz",2020-09-08,256161,5,false,8jtopaclkzi6fkcxvnzy3t27q,2022-10-10T02:18:51Z,"hip hop brasileiro,boom bap,trap brasileiro","Pirâmide Perdida Records",0.737,0.711,2,-8.167,1,0.162,0.205,0,0.0981,0.217,124.966,4
spotify:track:644yCChYHf08x4zDin1ViI,"Vago",".155","Costa Gold",2015-11-28,202702,0,true,8jtopaclkzi6fkcxvnzy3t27q,2022-10-11T01:25:00Z,"hip hop brasileiro,trap brasileiro,boom bap","Costa Gold",0.663,0.784,9,-7.46,0,0.425,0.602,0,0.103,0.5,87.918,4
spotify:track:6eITYbq8RlVmeckUmLvn8K,"155",".155","Costa Gold;Pedro Lotto",2015-11-28,208615,0,true,8jtopaclkzi6fkcxvnzy3t27q,2022-10-11T01:27:20Z,"hip hop brasileiro,trap brasileiro,boom bap,trap funk,trap","Costa Gold",0.756,0.683,6,-9.248,0,0.431,0.408,0,0.0873,0.317,130.03,4
spotify:track:3xj37LCkiliss6t7dezGwd,"A História de João Gatilho",".155","Costa Gold;Billy Billy",2015-11-28,251087,0,true,8jtopaclkzi6fkcxvnzy3t27q,2022-10-11T01:32:14Z,"hip hop brasileiro,trap brasileiro,boom bap","Costa Gold",0.664,0.43,10,-9.815,0,0.578,0.416,0,0.116,0.175,83.914,4
spotify:track:6e2uf3kukg8TzUzzk5zhvF,"Dás Arábia",".155","Costa Gold;Neo Beats",2015-11-28,197655,1,true,8jtopaclkzi6fkcxvnzy3t27q,2022-10-11T01:34:27Z,"hip hop brasileiro,trap brasileiro,boom bap,trap funk,trap","Costa Gold",0.684,0.565,1,-7.693,1,0.401,0.047,0,0.336,0.429,91.569,4
spotify:track:3KcYN618onpaqLlkT6eyDC,"Doce Veneno",".155","Costa Gold;TEAGA",2015-11-28,235989,1,true,8jtopaclkzi6fkcxvnzy3t27q,2022-10-11T01:39:38Z,"hip hop brasileiro,trap brasileiro,boom bap","Costa Gold",0.545,0.482,9,-6.485,1,0.552,0.359,0,0.0948,0.466,71.722,1
spotify:track:26WEkO8t9MkvuSWVfidYBP,"Backstage",".155","Costa Gold;Haikaiss",2015-11-28,384000,0,true,8jtopaclkzi6fkcxvnzy3t27q,2022-10-11T01:48:41Z,"hip hop brasileiro,trap brasileiro,boom bap","Costa Gold",0.697,0.767,0,-6.196,1,0.451,0.271,0,0.902,0.843,100.392,4
spotify:track:6J6TJGKJAMditJ3jdHx1RH,"Me Deixa",".155","Costa Gold;Pedro Lotto;Lola Salles",2015-11-28,269648,0,true,8jtopaclkzi6fkcxvnzy3t27q,2022-10-11T05:15:40Z,"hip hop brasileiro,trap brasileiro,boom bap,trap funk,trap","Costa Gold",0.683,0.659,9,-8.228,0,0.445,0.609,0,0.35,0.665,91.198,4
spotify:track:1pdTHjkIgxdWodGpi9YJ5d,"Payday (feat. Young Thug)","Planet Her (Deluxe)","Doja Cat;Young Thug",2021-06-27,212946,48,true,8jtopaclkzi6fkcxvnzy3t27q,2022-10-13T21:18:21Z,"rap,rap melódico,trap","Kemosabe Records/RCA Records",0.619,0.707,1,-5.791,1,0.0499,0.0366,0.0000754,0.13,0.558,168.995,4
spotify:track:0FYc9DIr89rbzt2WJMvyou,"Get Into It (Yuh)","Planet Her (Deluxe)","Doja Cat",2021-06-27,138293,55,true,8jtopaclkzi6fkcxvnzy3t27q,2022-10-13T21:22:18Z,"","Kemosabe Records/RCA Records",0.912,0.655,8,-6.029,0,0.162,0.315,0.0000339,0.0894,0.793,91.942,4
spotify:track:6G6ykEzZ1r7V1qrmNdBOVV,"Need to Know","Planet Her (Deluxe)","Doja Cat",2021-06-27,210560,56,true,8jtopaclkzi6fkcxvnzy3t27q,2022-10-13T21:26:00Z,"","Kemosabe Records/RCA Records",0.664,0.609,1,-6.509,1,0.0707,0.304,0,0.0926,0.194,130.041,4
spotify:track:0bOgWId7cFqBEKnlZct2q6,"Love To Dream","Planet Her (Deluxe)","Doja Cat",2021-06-27,216853,47,true,8jtopaclkzi6fkcxvnzy3t27q,2022-10-13T21:32:49Z,"","Kemosabe Records/RCA Records",0.734,0.45,6,-7.075,1,0.0824,0.597,0.00000733,0.0964,0.529,135.067,4
spotify:track:7Me3GKpQyEsHwS9xnOrUgM,"You Right","Planet Her (Deluxe)","Doja Cat;The Weeknd",2021-06-27,186173,56,true,8jtopaclkzi6fkcxvnzy3t27q,2022-10-13T21:37:27Z,"","Kemosabe Records/RCA Records",0.828,0.621,8,-6.414,1,0.0565,0.0164,0.00233,0.0845,0.436,128.986,4
spotify:track:5MkBYMZGDWAKLHAJesZ6MJ,"Options (feat. JID)","Planet Her (Deluxe)","Doja Cat;JID",2021-06-27,159160,49,true,8jtopaclkzi6fkcxvnzy3t27q,2022-10-13T21:42:53Z,"","Kemosabe Records/RCA Records",0.842,0.522,7,-7.844,1,0.0985,0.293,0.0000691,0.107,0.285,132.986,4
spotify:track:2VT56hhAcF0D3lGx9PUthf,"Ain't Shit","Planet Her (Deluxe)","Doja Cat",2021-06-27,174253,59,true,8jtopaclkzi6fkcxvnzy3t27q,2022-10-13T21:46:00Z,"","Kemosabe Records/RCA Records",0.855,0.488,3,-4.601,1,0.208,0.506,0,0.347,0.619,124.097,4
spotify:track:2dxjKgT0li4qBI3QwuN9Ih,"Touch The Sky","Late Registration","Kanye West;Lupe Fiasco",2005-08-30,236600,80,true,8jtopaclkzi6fkcxvnzy3t27q,2022-10-14T01:36:18Z,"rap","Roc-A-Fella",0.552,0.846,9,-4.912,1,0.342,0.0114,0,0.309,0.554,98.56,1
spotify:track:1PS1QMdUqOal0ai3Gt7sDQ,"Gold Digger","Late Registration","Kanye West;Jamie Foxx",2005-08-30,207626,82,true,8jtopaclkzi6fkcxvnzy3t27q,2022-10-14T01:40:24Z,"rap","Roc-A-Fella",0.629,0.696,1,-5.572,0,0.348,0.0195,0,0.0554,0.623,93.034,4
spotify:track:6vB49BJ70zBpDrrAPwdaB8,"Drive Slow","Late Registration","Kanye West;Paul Wall;GLC",2005-08-30,272226,62,true,8jtopaclkzi6fkcxvnzy3t27q,2022-10-14T01:45:12Z,"rap,southern hip hop,crunk","Roc-A-Fella",0.593,0.593,11,-8.216,1,0.289,0.0306,0.00000994,0.229,0.488,81.291,1
spotify:track:4fRTe59xEeNHT4uyAGsV27,"Crack Music","Late Registration","Kanye West;The Game",2005-08-30,270866,57,true,8jtopaclkzi6fkcxvnzy3t27q,2022-10-14T01:52:26Z,"rap,west coast hip hop,hip hop old school,gangster rap,hip hop","Roc-A-Fella",0.726,0.712,11,-6.288,0,0.209,0.00975,0.000477,0.345,0.554,168.121,5
spotify:track:2DHNCWZYmVr1Lv08q5b0kB,"Roses","Late Registration","Kanye West",2005-08-30,245866,68,true,8jtopaclkzi6fkcxvnzy3t27q,2022-10-14T01:55:58Z,"rap","Roc-A-Fella",0.723,0.465,3,-6.454,0,0.0952,0.259,0.000027,0.108,0.513,97.702,4
spotify:track:25K9cWrxNv991UYiOzBJqR,"Bring Me Down","Late Registration","Kanye West;Brandy",2005-08-30,198973,57,true,8jtopaclkzi6fkcxvnzy3t27q,2022-10-14T01:59:33Z,"rap,r&b","Roc-A-Fella",0.385,0.691,6,-6.919,0,0.0924,0.00592,0,0.595,0.352,111.278,5
spotify:track:34KUIBsIUiPV7oCIzSdDAU,"Diamonds From Sierra Leone - Remix","Late Registration","Kanye West;JAŸ-Z",2005-08-30,233400,64,true,8jtopaclkzi6fkcxvnzy3t27q,2022-10-14T02:09:02Z,"rap,hip hop,east coast hip hop","Roc-A-Fella",0.672,0.814,7,-3.768,1,0.27,0.258,0,0.164,0.379,97.043,4
spotify:track:46fk9wjYcPm0sgym2b7EEE,"We Major","Late Registration","Kanye West;Nas;Really Doe",2005-08-30,448000,67,true,8jtopaclkzi6fkcxvnzy3t27q,2022-10-14T02:12:46Z,"rap,hip hop old school,east coast hip hop,hip hop","Roc-A-Fella",0.234,0.88,11,-3.66,0,0.123,0.0107,0,0.045,0.216,85.641,4
spotify:track:46OFHBw45fNi7QNjSetITR,"Hey Mama","Late Registration","Kanye West",2005-08-30,305066,65,true,8jtopaclkzi6fkcxvnzy3t27q,2022-10-14T02:19:50Z,"rap","Roc-A-Fella",0.583,0.754,7,-6.993,1,0.223,0.0593,0,0.113,0.347,95.784,4
spotify:track:7jAxGkXU58FwNMjqoMahn7,"Celebration","Late Registration","Kanye West",2005-08-30,198440,58,true,8jtopaclkzi6fkcxvnzy3t27q,2022-10-14T02:25:56Z,"rap","Roc-A-Fella",0.295,0.776,10,-4.199,1,0.213,0.0164,0.00000141,0.118,0.35,79.992,4
spotify:track:0u9ElGmMm5upFANfxehLRJ,"RUNNING (feat. Ashira)","RUNNING","Febem;CESRV;Ashira",2019-07-05,135663,29,true,8jtopaclkzi6fkcxvnzy3t27q,2022-10-14T13:43:50Z,"hip hop brasileiro,boom bap,grime,trap brasileiro","Ceia",0.655,0.488,4,-13.442,1,0.393,0.785,0.0000104,0.854,0.507,80.028,4
spotify:track:4xD8fQRMbhcYMiuxXcT7FX,"QUEM NÃO PODE ERRAR SOU EU","RUNNING","Febem;CESRV",2019-07-05,108041,35,true,8jtopaclkzi6fkcxvnzy3t27q,2022-10-14T13:47:16Z,"hip hop brasileiro,boom bap,grime,trap brasileiro","Ceia",0.878,0.563,6,-6.145,0,0.306,0.154,0.00029,0.0746,0.602,160.006,4
spotify:track:7oI2QctH7TjEKm89p4nsGB,"TUDO OU NADA","RUNNING","Febem;CESRV",2019-07-05,146849,27,true,8jtopaclkzi6fkcxvnzy3t27q,2022-10-14T14:01:20Z,"hip hop brasileiro,boom bap,grime,trap brasileiro","Ceia",0.721,0.429,5,-6.355,0,0.492,0.149,0.00000911,0.0824,0.258,113.28,5
spotify:track:2jUMMa2WZUflYWQtONXF39,"CAMISA DE TIME","RUNNING","Febem;CESRV",2019-07-05,204178,28,true,8jtopaclkzi6fkcxvnzy3t27q,2022-10-14T14:02:55Z,"hip hop brasileiro,boom bap,grime,trap brasileiro","Ceia",0.796,0.67,10,-6.754,0,0.132,0.0734,0.00275,0.0895,0.639,79.984,4
spotify:track:3baWixC387F5k4NTEjhbmq,"FÉ DO JÓ","RUNNING","Febem;CESRV",2019-07-05,219939,30,true,8jtopaclkzi6fkcxvnzy3t27q,2022-10-14T14:08:13Z,"hip hop brasileiro,boom bap,grime,trap brasileiro","Ceia",0.804,0.816,8,-4.994,0,0.184,0.0155,0.000174,0.0746,0.672,76.957,4
spotify:track:1zjcgneB5JVFWzP5Gj1rhm,"TRACKSUIT","RUNNING","Febem;CESRV",2019-07-05,194786,33,true,8jtopaclkzi6fkcxvnzy3t27q,2022-10-14T14:16:10Z,"hip hop brasileiro,boom bap,grime,trap brasileiro","Ceia",0.887,0.747,2,-5.503,1,0.295,0.0881,0.00019,0.442,0.596,138.028,4
spotify:track:1wTuMYmA3AJC7zKg6cuu19,"Principia (feat. Fabiana Cozza, Pastor Henrique Vieira & Pastoras do Rosário)","AmarElo","Emicida;Fabiana Cozza;Pastor Henrique Vieira;Pastoras do Rosário",2019-10-30,355866,55,false,8jtopaclkzi6fkcxvnzy3t27q,2022-10-16T21:59:59Z,"hip hop brasileiro,nova mpb,samba,axé,folk tradicional","Sony Music Entertainment",0.513,0.654,8,-4.979,1,0.338,0.725,0,0.171,0.592,127.842,4
spotify:track:78m3BiWZ2dLGzElYwrIfFD,"Pequenas Alegrias da Vida Adulta (feat. Marcos Valle e Thiago Ventura)","AmarElo","Emicida;Marcos Valle;Thiago Ventura",2019-10-30,292013,52,false,8jtopaclkzi6fkcxvnzy3t27q,2022-10-16T22:07:52Z,"hip hop brasileiro,nova mpb,bossa nova,jazz brasileiro","Sony Music Entertainment",0.752,0.662,4,-8.011,0,0.485,0.56,0,0.0668,0.695,81.912,4
spotify:track:4yEBOuDHhrFeGXyXNJ3C4y,"Quem Tem Um Amigo (Tem Tudo) (feat. Zeca Pagodinho & Tokyo Ska Paradise Orchestra)","AmarElo","Emicida;Zeca Pagodinho;Tokyo Ska Paradise Orchestra",2019-10-30,249000,51,false,8jtopaclkzi6fkcxvnzy3t27q,2022-10-16T22:15:22Z,"hip hop brasileiro,nova mpb,samba,pagode,ska,orquestral,rocksteady,ska punk","Sony Music Entertainment",0.811,0.899,1,-5.488,0,0.14,0.629,0,0.279,0.938,139.02,4
spotify:track:3aXbjjFVHC86pSZey62vbS,"Cananéia, Iguape e Ilha Comprida","AmarElo","Emicida",2019-10-30,335600,47,false,8jtopaclkzi6fkcxvnzy3t27q,2022-10-16T22:21:35Z,"hip hop brasileiro,nova mpb","Sony Music Entertainment",0.501,0.697,3,-6.216,1,0.404,0.511,0,0.347,0.794,147.982,4
spotify:track:6s41mmffsLaUXVkk8wzo2W,"9nha (feat. Drik Barbosa)","AmarElo","Emicida;Drik Barbosa",2019-10-30,177480,43,false,8jtopaclkzi6fkcxvnzy3t27q,2022-10-16T22:24:45Z,"hip hop brasileiro,nova mpb","Sony Music Entertainment",0.493,0.795,9,-6.469,1,0.229,0.304,0.0000441,0.105,0.663,76.575,4
spotify:track:0lllhIvFD2afwVh1nU1WLU,"Ismália (feat. Larissa Luz & Fernanda Montenegro)","AmarElo","Emicida;Larissa Luz;Fernanda Montenegro",2019-10-30,357760,45,false,8jtopaclkzi6fkcxvnzy3t27q,2022-10-16T22:28:42Z,"hip hop brasileiro,nova mpb","Sony Music Entertainment",0.573,0.726,6,-7.473,0,0.322,0.155,0.00000191,0.0792,0.364,155.97,4
spotify:track:2iCQmixyFnDaOSvs0Fszr7,"Eminência Parda (feat. Dona Onete, Jé Santiago & Papillon)","AmarElo","Emicida;Dona Onete;Jé;Papillon",2019-10-30,244186,44,true,8jtopaclkzi6fkcxvnzy3t27q,2022-10-16T22:35:18Z,"hip hop brasileiro,nova mpb,tecnobrega,brega,trap brasileiro,trap,hip-hop português","Sony Music Entertainment",0.796,0.782,10,-5.516,0,0.129,0.354,0,0.0996,0.291,120.032,4
spotify:track:5p3LIyy38s0QQNoSTwbZXX,"AmarElo (Sample: Sujeito de Sorte - Belchior)","AmarElo","Emicida;Majur;Pabllo Vittar",2019-10-30,320800,55,false,8jtopaclkzi6fkcxvnzy3t27q,2022-10-16T22:37:52Z,"hip hop brasileiro,nova mpb,axé,pop nacional,funk pop,tecnobrega","Sony Music Entertainment",0.552,0.762,8,-6.367,1,0.361,0.0384,0.00000863,0.0239,0.512,172.086,4
spotify:track:6Uwo3QnEz0GJFFIYnQI8ak,"Libre","AmarElo","Emicida;Ibeyi",2019-10-30,169706,37,false,8jtopaclkzi6fkcxvnzy3t27q,2022-10-16T22:43:43Z,"hip hop brasileiro,nova mpb","Sony Music Entertainment",0.726,0.89,7,-4.787,1,0.269,0.272,0.00028,0.397,0.815,144.883,4
spotify:track:5nN8BwAQDJDguq7Dpd3JQQ,"Where Ya At (feat. Drake)","DS2 (Deluxe)","Future;Drake",2015-07-17,208026,66,true,8jtopaclkzi6fkcxvnzy3t27q,2022-10-17T12:18:30Z,"rap","Epic/Freebandz/A1",0.813,0.453,1,-6.941,1,0.338,0.0933,0,0.14,0.191,161.997,4
spotify:track:4Bt9yX2Gq7Q1biRF45EN1C,"Lil One","DS2 (Deluxe)","Future",2015-07-17,207986,53,true,8jtopaclkzi6fkcxvnzy3t27q,2022-10-17T12:53:53Z,"rap","Epic/Freebandz/A1",0.84,0.411,6,-8.24,0,0.212,0.308,0.0034,0.138,0.155,140.013,4
spotify:track:7sGZDsOCYpvqkIv8eH4jOG,"Slave Master","DS2 (Deluxe)","Future",2015-07-17,199746,57,true,8jtopaclkzi6fkcxvnzy3t27q,2022-10-17T13:12:18Z,"rap","Epic/Freebandz/A1",0.637,0.521,1,-7.437,1,0.11,0.337,0.00786,0.33,0.0781,139.963,4
spotify:track:6ycYqFnXnjMOwMvEMbEpUk,"Blow a Bag","DS2 (Deluxe)","Future",2015-07-17,194240,56,true,8jtopaclkzi6fkcxvnzy3t27q,2022-10-17T14:58:37Z,"rap","Epic/Freebandz/A1",0.793,0.607,4,-6.488,0,0.082,0.218,0.00000495,0.348,0.15,140.992,4
spotify:track:1RxR1IwTzgPlBcLn61LT1u,"Colossal","DS2 (Deluxe)","Future",2015-07-17,183760,56,true,8jtopaclkzi6fkcxvnzy3t27q,2022-10-17T15:01:00Z,"rap","Epic/Freebandz/A1",0.769,0.534,4,-6.502,0,0.0478,0.584,0,0.138,0.123,130.022,4
spotify:track:2onCHFrhTinyUc6OawwU4Z,"Rich $ex","DS2 (Deluxe)","Future",2015-07-17,240160,62,true,8jtopaclkzi6fkcxvnzy3t27q,2022-10-17T15:04:18Z,"rap","Epic/Freebandz/A1",0.758,0.482,6,-11.202,0,0.168,0.148,0.00000688,0.135,0.0977,111.896,4
spotify:track:5XJciZ5Bj0IjPrcnNU7gvB,"Get Ugly","My Turn (Deluxe)","Lil Baby",2020-05-01,155832,44,true,8jtopaclkzi6fkcxvnzy3t27q,2022-10-18T01:31:11Z,"","Quality Control/Motown Records",0.68,0.414,1,-6.944,0,0.223,0.177,0,0.178,0.0734,148.029,4
spotify:track:0ofKF8HdQu845qKzRRCjtt,"Grace (feat. 42 Dugg)","My Turn (Deluxe)","Lil Baby;42 Dugg",2020-05-01,203438,54,true,8jtopaclkzi6fkcxvnzy3t27q,2022-10-18T01:42:34Z,"","Quality Control/Motown Records",0.824,0.513,10,-6.263,0,0.36,0.384,0,0.109,0.179,123.023,4
spotify:track:4P1GuhD2Su9jjyRDPdbeUf,"Woah","My Turn (Deluxe)","Lil Baby",2020-05-01,183011,59,true,8jtopaclkzi6fkcxvnzy3t27q,2022-10-18T01:44:12Z,"","Quality Control/Motown Records",0.883,0.599,11,-5.551,1,0.248,0.0177,0,0.179,0.413,142.976,4
spotify:track:05k3Qr01HMplh2nCCg7KYk,"Emotionally Scarred","My Turn (Deluxe)","Lil Baby",2020-05-01,197529,50,true,8jtopaclkzi6fkcxvnzy3t27q,2022-10-18T01:55:39Z,"","Quality Control/Motown Records",0.585,0.641,6,-4.269,0,0.133,0.0286,0,0.316,0.266,88.284,4
spotify:track:1cyAB7KGiNHIqY6A9SyFaU,"Commercial (feat. Lil Uzi Vert)","My Turn (Deluxe)","Lil Baby;Lil Uzi Vert",2020-05-01,214214,54,true,8jtopaclkzi6fkcxvnzy3t27q,2022-10-18T02:00:46Z,"rap melódico,rage rap","Quality Control/Motown Records",0.892,0.486,11,-8.636,0,0.384,0.0481,0,0.146,0.529,120.995,4
spotify:track:7nk0dNiKc4rB9jTiXT3V46,"Sum 2 Prove","My Turn (Deluxe)","Lil Baby",2020-05-01,205760,51,true,8jtopaclkzi6fkcxvnzy3t27q,2022-10-18T02:12:07Z,"","Quality Control/Motown Records",0.827,0.552,4,-7.571,0,0.274,0.0169,0,0.122,0.408,124.011,4
spotify:track:6Q34rDGhBgUK0KlOsnU0Ls,"Consistent","My Turn (Deluxe)","Lil Baby",2020-05-01,181011,42,true,8jtopaclkzi6fkcxvnzy3t27q,2022-10-18T02:22:13Z,"","Quality Control/Motown Records",0.817,0.439,0,-7.635,1,0.506,0.00434,0,0.282,0.215,149.967,4
spotify:track:04saBwtbgsgmnrUt5WhuxA,"Hurtin","My Turn (Deluxe)","Lil Baby",2020-05-01,163652,43,true,8jtopaclkzi6fkcxvnzy3t27q,2022-10-18T02:29:11Z,"","Quality Control/Motown Records",0.813,0.422,6,-8.788,0,0.342,0.0624,0.00000141,0.137,0.159,93.877,4
spotify:track:1rX2V3ULhgO5eRRMWMc820,"Forget That (feat. Rylo Rodriguez)","My Turn (Deluxe)","Lil Baby;Rylo Rodriguez",2020-05-01,167171,45,true,8jtopaclkzi6fkcxvnzy3t27q,2022-10-18T02:31:04Z,"","Quality Control/Motown Records",0.897,0.573,8,-8.017,1,0.407,0.0498,0.00000548,0.122,0.765,150.086,4
spotify:track:6heRfvHrUIIPx9TqRg8SCq,"Humble","My Turn (Deluxe)","Lil Baby",2020-05-01,191583,63,true,8jtopaclkzi6fkcxvnzy3t27q,2022-10-18T02:45:35Z,"","Quality Control/Motown Records",0.555,0.614,5,-5.715,1,0.44,0.17,0,0.267,0.372,80.03,4
spotify:track:3UyjIh2AKIz5mzjzcwDfP2,"Get Money","My Turn (Deluxe)","Lil Baby",2020-05-01,167915,56,true,8jtopaclkzi6fkcxvnzy3t27q,2022-10-18T02:48:30Z,"","Quality Control/Motown Records",0.559,0.684,6,-6.009,0,0.232,0.0342,0,0.162,0.249,150.059,4
spotify:track:4Y2Fc21SqMaqTcJSt69oSQ,"If I Die 2Nite","Me Against The World","2Pac",1995-03-14,241800,56,true,8jtopaclkzi6fkcxvnzy3t27q,2022-10-20T21:01:18Z,"hip hop old school,gangster rap,west coast hip hop,g-funk,hip hop","Interscope",0.914,0.726,8,-6.942,0,0.288,0.21,0.0000072,0.0496,0.686,91.026,4
spotify:track:76wJIkA63AgwA92hUhpE2V,"Me Against The World","Me Against The World","2Pac;Dramacydal",1995-03-14,279133,64,true,8jtopaclkzi6fkcxvnzy3t27q,2022-10-20T21:09:48Z,"hip hop old school,gangster rap,west coast hip hop,g-funk,hip hop","Interscope",0.791,0.804,6,-3.865,1,0.221,0.0248,0.0301,0.48,0.765,91.938,4
spotify:track:1PU3Hy2uNXmWGDe9gh4Ukb,"Temptations","Me Against The World","2Pac",1995-03-14,300573,60,true,8jtopaclkzi6fkcxvnzy3t27q,2022-10-20T21:15:28Z,"hip hop old school,gangster rap,west coast hip hop,g-funk,hip hop","Interscope",0.782,0.665,1,-7.211,1,0.0754,0.135,0.00000315,0.438,0.707,90.709,4
spotify:track:4tNWSM8gQDsx28Nw1qafkg,"Young Niggaz","Me Against The World","2Pac",1995-03-14,293333,48,true,8jtopaclkzi6fkcxvnzy3t27q,2022-10-20T21:19:32Z,"hip hop old school,gangster rap,west coast hip hop,g-funk,hip hop","Interscope",0.801,0.75,1,-7.563,1,0.218,0.248,0,0.128,0.616,101.057,4
spotify:track:4CQUVgzAKW76g3BsQ8KSBS,"Lord Knows","Me Against The World","2Pac",1995-03-14,270000,51,true,8jtopaclkzi6fkcxvnzy3t27q,2022-10-20T21:29:24Z,"hip hop old school,gangster rap,west coast hip hop,g-funk,hip hop","Interscope",0.654,0.681,10,-7.508,0,0.225,0.000251,0,0.363,0.625,181.568,4
spotify:track:4bFi6vwibnjz38OYapehT7,"Can U Get Away","Me Against The World","2Pac",1995-03-14,345800,51,true,8jtopaclkzi6fkcxvnzy3t27q,2022-10-20T21:45:27Z,"hip hop old school,gangster rap,west coast hip hop,g-funk,hip hop","Interscope",0.672,0.617,11,-8.372,0,0.0657,0.411,0,0.255,0.803,75.952,4
spotify:track:5DBE0bUMuqP3j4T7QAle9j,"O Piano","Brasil Futurista","Coruja;Theo Zagrae;Margareth Menezes;Jonathan Ferr",2021-11-17,279040,28,false,8jtopaclkzi6fkcxvnzy3t27q,2022-10-21T01:47:38Z,"hip hop brasileiro,boom bap,axé,jazz brasileiro,nova mpb","Coruja BC1",0.701,0.574,6,-9.144,0,0.256,0.712,0.00000206,0.939,0.635,133.887,4
spotify:track:7uPLd1h86ht2mdjEvOVVqm,"Aconteceu","Brasil Futurista","Coruja;Theo Zagrae;Larissa Luz",2021-11-17,200480,33,false,8jtopaclkzi6fkcxvnzy3t27q,2022-10-21T01:51:03Z,"hip hop brasileiro,boom bap,nova mpb","Coruja BC1",0.786,0.793,6,-5.7,0,0.331,0.474,0,0.132,0.795,87.991,4
spotify:track:4H0nUqbkvAdTA5IsXvuLrF,"Alusão","Brasil Futurista","Coruja;Theo Zagrae;Lino Krizz;Anchietx",2021-11-17,221449,37,false,8jtopaclkzi6fkcxvnzy3t27q,2022-10-21T01:57:20Z,"hip hop brasileiro,boom bap,nova mpb","Coruja BC1",0.586,0.526,6,-6.307,0,0.343,0.0519,0,0.0699,0.603,89.807,4
spotify:track:3yXMkkOI1m43lDBlf2ibei,"Tarot","Brasil Futurista","Coruja;Theo Zagrae",2021-11-17,207119,25,false,8jtopaclkzi6fkcxvnzy3t27q,2022-10-21T02:00:09Z,"hip hop brasileiro,boom bap","Coruja BC1",0.882,0.531,0,-8.689,1,0.0703,0.274,0.0000163,0.0838,0.866,135.013,4
spotify:track:7FCmChIrVJb3ttCMbhRziJ,"Ao Desamor","Brasil Futurista","Coruja;Theo Zagrae",2021-11-17,217973,17,false,8jtopaclkzi6fkcxvnzy3t27q,2022-10-21T02:10:56Z,"hip hop brasileiro,boom bap","Coruja BC1",0.583,0.702,7,-7.137,1,0.356,0.0569,0.00000346,0.0798,0.658,97.258,4
spotify:track:6vDQ6RmSIpiDnhucUnmlGz,"Eu Não Te Amo","Roteiro Pra Aïnouz (Vol. 3)","Don L;Diomedes Chinaski",2017-06-23,291243,0,false,8jtopaclkzi6fkcxvnzy3t27q,2022-10-21T22:09:37Z,"hip hop brasileiro,boom bap","Don L",0.461,0.6,0,-7.234,1,0.097,0.44,0.00000412,0.219,0.405,100.028,4
spotify:track:5R1TztUilv1iYDg0spYfi1,"Fazia Sentido","Roteiro Pra Aïnouz (Vol. 3)","Don L",2017-06-23,224953,0,false,8jtopaclkzi6fkcxvnzy3t27q,2022-10-21T22:12:50Z,"hip hop brasileiro,boom bap","Don L",0.736,0.731,1,-5.55,1,0.0773,0.0524,0,0.165,0.29,124.941,4
spotify:track:2HunnLQdWqDFTTKXd8PP5r,"Aquela Fé","Roteiro Pra Aïnouz (Vol. 3)","Don L;Nego Gallo;DJ Caique",2017-06-23,368024,0,false,8jtopaclkzi6fkcxvnzy3t27q,2022-10-21T22:17:27Z,"hip hop brasileiro,boom bap","Don L",0.651,0.546,11,-7.216,1,0.047,0.383,0,0.093,0.467,93.002,4
spotify:track:17O9g8wTfwKMw51ZAmtzvc,"Cocaína","Roteiro Pra Aïnouz (Vol. 3)","Don L",2017-06-23,233586,0,false,8jtopaclkzi6fkcxvnzy3t27q,2022-10-21T22:23:50Z,"hip hop brasileiro,boom bap","Don L",0.719,0.678,0,-6.808,1,0.0335,0.118,0.00199,0.616,0.38,119.975,4
spotify:track:29tKWrIPB0JWBbSm6jOBUJ,"Mexe Pra Cam","Roteiro Pra Aïnouz (Vol. 3)","Don L;Laysa",2017-06-23,208000,0,false,8jtopaclkzi6fkcxvnzy3t27q,2022-10-21T23:15:24Z,"hip hop brasileiro,boom bap","Don L",0.695,0.668,7,-8.369,0,0.096,0.0674,0,0.35,0.303,120.133,4
spotify:track:3Mzqw2mz9YMKjjCEmypYfZ,"The Nigga Ya Love To Hate","AmeriKKKa's Most Wanted","Ice Cube",1990-03-16,193200,53,true,8jtopaclkzi6fkcxvnzy3t27q,2022-10-22T01:20:47Z,"hip hop old school,gangster rap,west coast hip hop,g-funk,hip hop","Priority Records",0.857,0.721,10,-12.702,0,0.341,0.118,0,0.178,0.594,109.806,4
spotify:track:1zmiiUy4HZJc9FSYFbDIcT,"You Can't Fade Me/JD's Gaffilin'","AmeriKKKa's Most Wanted","Ice Cube",1990-03-16,312933,35,true,8jtopaclkzi6fkcxvnzy3t27q,2022-10-22T01:27:23Z,"hip hop old school,gangster rap,west coast hip hop,g-funk,hip hop","Priority Records",0.813,0.506,6,-14.608,0,0.78,0.0109,0,0.542,0.749,174.292,4
spotify:track:0ce0IMri055V8kqyS5FD0U,"Endangered Species (Tales From The Darkside)","AmeriKKKa's Most Wanted","Ice Cube;Chuck D",1990-03-16,201573,34,true,8jtopaclkzi6fkcxvnzy3t27q,2022-10-22T01:39:22Z,"hip hop old school,gangster rap,west coast hip hop,g-funk,hip hop,east coast hip hop","Priority Records",0.822,0.635,11,-13.571,0,0.304,0.148,0,0.0867,0.63,111.888,4
spotify:track:2Jlky2E0SqPFbbVGpdi0ta,"A Gangsta's Fairytale","AmeriKKKa's Most Wanted","Ice Cube",1990-03-16,196493,38,true,8jtopaclkzi6fkcxvnzy3t27q,2022-10-22T01:43:56Z,"hip hop old school,gangster rap,west coast hip hop,g-funk,hip hop","Priority Records",0.936,0.678,10,-13.284,0,0.254,0.15,0,0.251,0.859,110.426,4
spotify:track:2OpKJqPII3NWpPnV3cCySO,"Who's The Mack?","AmeriKKKa's Most Wanted","Ice Cube",1990-03-16,275666,35,true,8jtopaclkzi6fkcxvnzy3t27q,2022-10-22T02:05:10Z,"hip hop old school,gangster rap,west coast hip hop,g-funk,hip hop","Priority Records",0.846,0.507,10,-13.991,0,0.276,0.0699,0,0.0937,0.811,91.103,4
spotify:track:5dNfZxRbOOjVu9sNYQGpHB,"The Bomb","AmeriKKKa's Most Wanted","Ice Cube",1990-03-16,205306,31,true,8jtopaclkzi6fkcxvnzy3t27q,2022-10-22T02:19:22Z,"hip hop old school,gangster rap,west coast hip hop,g-funk,hip hop","Priority Records",0.8,0.742,4,-12.262,1,0.331,0.0673,0,0.354,0.581,115.691,4
spotify:track:6brZ1iqIVP5a6EsNhHVlHn,"It's A Man's World","AmeriKKKa's Most Wanted","Ice Cube;Yo Yo",1990-03-16,326733,29,true,8jtopaclkzi6fkcxvnzy3t27q,2022-10-22T02:42:38Z,"hip hop old school,gangster rap,west coast hip hop,g-funk,hip hop,música concreta,tejano,free jazz","Priority Records",0.892,0.522,7,-14.283,1,0.32,0.0525,0,0.147,0.639,95.46,4
spotify:track:7vxLj7MREliG5i5vSnqSVr,"Body","Over It","Summer Walker",2019-10-04,193840,72,true,8jtopaclkzi6fkcxvnzy3t27q,2022-10-24T00:57:53Z,"r&b","LVRN/Interscope Records",0.555,0.507,11,-6.099,0,0.167,0.25,0,0.283,0.339,137.875,4
spotify:track:3TTMUI5dFcbeNSDTTDY9M8,"Come Thru (with Usher)","Over It","Summer Walker;USHER",2019-10-04,181013,68,true,8jtopaclkzi6fkcxvnzy3t27q,2022-10-24T01:06:57Z,"r&b","LVRN/Interscope Records",0.679,0.728,5,-3.092,0,0.154,0.159,0,0.107,0.46,152.001,4
spotify:track:1qC6px1TOZgQFoTSOFUaBr,"Tonight","Over It","Summer Walker",2019-10-04,176506,68,false,8jtopaclkzi6fkcxvnzy3t27q,2022-10-24T01:17:44Z,"r&b","LVRN/Interscope Records",0.715,0.534,1,-6.536,1,0.0428,0.169,0.00000618,0.0931,0.215,105.97,4
spotify:track:4Qxn47gWPSucovKrMyRf1z,"Stretch You Out (feat. A Boogie wit da Hoodie)","Over It","Summer Walker;A Boogie Wit da Hoodie",2019-10-04,143493,58,true,8jtopaclkzi6fkcxvnzy3t27q,2022-10-24T01:30:13Z,"r&b,rap melódico","LVRN/Interscope Records",0.64,0.519,1,-6.757,0,0.188,0.25,0,0.0883,0.252,103.359,4
spotify:track:0Q71rl68P5r53JkUpxDDto,"Off Of You","Over It","Summer Walker",2019-10-04,125000,50,true,8jtopaclkzi6fkcxvnzy3t27q,2022-10-24T01:34:18Z,"r&b","LVRN/Interscope Records",0.479,0.431,1,-4.675,1,0.0645,0.352,0,0.1,0.31,140.067,3
spotify:track:09OeD94T28n7ku4RqPa6wZ,"Anna Mae","Over It","Summer Walker",2019-10-04,137773,57,true,8jtopaclkzi6fkcxvnzy3t27q,2022-10-24T01:36:28Z,"r&b","LVRN/Interscope Records",0.582,0.491,5,-7.975,0,0.0452,0.136,0,0.176,0.695,88.938,4
spotify:track:7EkiMl81fUHVwpItgtzI4r,"I'll Kill You (feat. Jhené Aiko)","Over It","Summer Walker;Jhené Aiko",2019-10-04,179973,66,true,8jtopaclkzi6fkcxvnzy3t27q,2022-10-24T01:40:04Z,"r&b","LVRN/Interscope Records",0.679,0.443,10,-8.528,0,0.153,0.427,0,0.106,0.363,104.049,4
spotify:track:1axArDrl7n4M3QZMNN0XMs,"Girls Need Love (with Drake) - Remix","Over It","Summer Walker;Drake",2019-10-04,222386,56,true,8jtopaclkzi6fkcxvnzy3t27q,2022-10-24T01:51:22Z,"r&b,rap","LVRN/Interscope Records",0.669,0.432,6,-9.432,0,0.199,0.415,0,0.123,0.0888,97.132,4
spotify:track:43IMaycr34ZR5kS8mlL5hH,"Just Might (with PARTYNEXTDOOR)","Over It","Summer Walker;PARTYNEXTDOOR",2019-10-04,205733,69,true,8jtopaclkzi6fkcxvnzy3t27q,2022-10-24T02:15:55Z,"r&b,dark r&b,trap soul","LVRN/Interscope Records",0.69,0.377,7,-7.907,1,0.0793,0.672,0.00000106,0.106,0.18,104.924,4
spotify:track:63piuNbKgyASwtlj3kq4ye,"Tô Ouvindo Alguém Me Chamar","Sobrevivendo no Inferno","Racionais MC's",1997-10-07,672773,62,false,8jtopaclkzi6fkcxvnzy3t27q,2022-10-24T02:43:01Z,"hip hop brasileiro,rap,boom bap","Cosa Nostra",0.755,0.724,11,-8.862,1,0.27,0.582,0,0.244,0.751,83.813,4
spotify:track:6hxdEJHw5qPaA4r0GFGkhj,"Qual Mentira Vou Acreditar","Sobrevivendo no Inferno","Racionais MC's",1997-10-07,461200,54,false,8jtopaclkzi6fkcxvnzy3t27q,2022-10-24T03:09:32Z,"hip hop brasileiro,rap,boom bap","Cosa Nostra",0.901,0.52,1,-10.203,1,0.312,0.0257,0,0.443,0.806,89.993,4
spotify:track:6G6FR1CEiuwkEbp33ryGAY,"Mágico de Oz","Sobrevivendo no Inferno","Racionais MC's",1997-10-07,456840,62,false,8jtopaclkzi6fkcxvnzy3t27q,2022-10-24T03:19:06Z,"hip hop brasileiro,rap,boom bap","Cosa Nostra",0.575,0.634,6,-7.079,0,0.36,0.461,0,0.3,0.783,79.316,4
spotify:track:1XOMyfTZ9Dj2Vee95e6lP5,"Pq Homem N Chora ?","Gado","Froid;Nardin",2022-08-17,162709,41,false,8jtopaclkzi6fkcxvnzy3t27q,2022-10-25T01:47:25Z,"hip hop brasileiro,boom bap,trap brasileiro","Froid",0.654,0.605,8,-7.557,0,0.228,0.753,0.0145,0.0622,0.413,119.995,4
spotify:track:1hYgITkIzAxoniqdY3Zose,"O Homem Cinza","Gado","Froid",2022-08-17,185557,37,false,8jtopaclkzi6fkcxvnzy3t27q,2022-10-25T01:50:16Z,"hip hop brasileiro,boom bap,trap brasileiro","Froid",0.663,0.612,10,-6.347,0,0.0697,0.473,0.0000133,0.107,0.451,146.081,4
spotify:track:0KzCv7uORMLt5eagbi37Fu,"Avec Moi","Gado","Froid;Liniker",2022-08-17,202453,46,false,8jtopaclkzi6fkcxvnzy3t27q,2022-10-25T01:55:50Z,"hip hop brasileiro,boom bap,trap brasileiro,nova mpb,mpb,pop nacional","Froid",0.789,0.412,5,-7.331,0,0.0615,0.889,0.000183,0.0874,0.573,88.087,4
spotify:track:4JjbOm21SsA6ewl6jf8tJS,"Bala","Gado","Froid;Veigh;Nagalli",2022-08-17,190217,49,true,8jtopaclkzi6fkcxvnzy3t27q,2022-10-25T02:00:07Z,"hip hop brasileiro,boom bap,trap brasileiro,trap funk,trap","Froid",0.486,0.592,5,-4.086,0,0.215,0.227,0,0.0708,0.539,170.983,4
spotify:track:3jtDOL6YOJpZpp1wABKoLp,"Psiu","Gado","Froid;Cynthia Luz",2022-08-17,149538,40,true,8jtopaclkzi6fkcxvnzy3t27q,2022-10-25T02:01:31Z,"hip hop brasileiro,boom bap,trap brasileiro","Froid",0.758,0.472,1,-6.995,1,0.0643,0.216,0,0.108,0.231,129.957,4
spotify:track:7LwALVmyDxRqnCpvmrGfrU,"Flash","Gado","Froid;Major RD;Baratapai",2022-08-17,186851,37,true,8jtopaclkzi6fkcxvnzy3t27q,2022-10-25T02:05:00Z,"hip hop brasileiro,boom bap,trap brasileiro,trap,trap funk","Froid",0.779,0.803,10,-3.842,0,0.301,0.313,0,0.139,0.816,144.972,4
spotify:track:2dJz1u4MSBGyzjGGC13KXO,"Aonde Tudo Acontece","Gado","Froid;Dalsin;Tribo Da Periferia",2022-08-17,250389,36,true,8jtopaclkzi6fkcxvnzy3t27q,2022-10-25T02:10:35Z,"hip hop brasileiro,boom bap,trap brasileiro","Froid",0.86,0.462,0,-7.711,0,0.0826,0.297,0,0.118,0.19,95.999,4
spotify:track:51cbyciSCfVVca1qkWLqCl,"Beijinho","Gado","Froid;Matheusinho",2022-08-17,149741,33,false,8jtopaclkzi6fkcxvnzy3t27q,2022-10-25T02:13:11Z,"hip hop brasileiro,boom bap,trap brasileiro","Froid",0.671,0.54,7,-7.321,0,0.236,0.697,0,0.134,0.575,89.669,3
spotify:track:0CzFnTIHMRtCMEUCfBVvM3,"Aff","Gado","Froid;Bless97;Baratapai",2022-08-17,169714,32,true,8jtopaclkzi6fkcxvnzy3t27q,2022-10-25T02:21:20Z,"hip hop brasileiro,boom bap,trap brasileiro","Froid",0.786,0.531,5,-6.582,0,0.253,0.687,0,0.0897,0.73,140.046,4
spotify:track:1LDFJcOogenTWus9mlKeJ0,"Dança pro Fim do Milênio","Gado","Froid",2022-08-17,200351,32,true,8jtopaclkzi6fkcxvnzy3t27q,2022-10-25T02:26:04Z,"hip hop brasileiro,boom bap,trap brasileiro","Froid",0.57,0.627,5,-6.299,0,0.24,0.536,0.0000223,0.144,0.59,138.961,4
spotify:track:4oesc6D2Cxz5olW02lFhYT,"Fanfic","Gado","Froid;Nardin;Makalister",2022-08-17,203056,36,true,8jtopaclkzi6fkcxvnzy3t27q,2022-10-25T02:27:50Z,"hip hop brasileiro,boom bap,trap brasileiro","Froid",0.692,0.546,1,-8.93,0,0.349,0.254,0,0.108,0.331,135.705,3
spotify:track:71jsF4OHVO3PgAHrD2d9u5,"Fantasmas","Gado","Froid;Makalister",2022-08-17,259711,45,false,8jtopaclkzi6fkcxvnzy3t27q,2022-10-25T02:37:50Z,"hip hop brasileiro,boom bap,trap brasileiro","Froid",0.717,0.636,0,-5.661,0,0.411,0.891,0.00000136,0.163,0.675,90.026,4
spotify:track:6xX70UkLaZu8gCeE2k7MOK,"R.S.S","237","Yunk Vino;Tibery;Ursão;Moyz",2020-02-14,196721,32,false,8jtopaclkzi6fkcxvnzy3t27q,2022-10-26T02:49:22Z,"trap brasileiro,trap,trap funk,hip hop brasileiro","Labbel Records",0.794,0.426,4,-10.204,0,0.148,0.718,0.00000189,0.126,0.146,121.968,4
spotify:track:1MECQ0rOcrH30Cl9Ro3ZWR,"Bling","237","Yunk Vino;Moyz",2020-02-14,140114,34,true,8jtopaclkzi6fkcxvnzy3t27q,2022-10-26T02:55:46Z,"trap brasileiro,trap,trap funk,hip hop brasileiro","Labbel Records",0.799,0.447,5,-10.536,0,0.308,0.616,0,0.233,0.584,120.075,4
spotify:track:0h7tR71kexXR4qB1hI8EEL,"Wave","237","Yunk Vino;Emiká",2020-02-14,191972,30,true,8jtopaclkzi6fkcxvnzy3t27q,2022-10-26T17:48:44Z,"trap brasileiro,trap,trap funk,hip hop brasileiro","Labbel Records",0.512,0.515,5,-10.256,1,0.0888,0.507,0,0.0924,0.257,80.01,5
spotify:track:2Cmeenm4zqdP24XgOAFPYt,"Fim","237","Yunk Vino;Moyz;Ursão",2020-02-14,184204,38,false,8jtopaclkzi6fkcxvnzy3t27q,2022-10-26T17:55:02Z,"trap brasileiro,trap,trap funk,hip hop brasileiro","Labbel Records",0.515,0.432,7,-12.404,0,0.319,0.322,0,0.181,0.181,135.502,4
spotify:track:7jyMfxf52FxHVZwkrbBo2C,"Pill","237 Deluxe","Yunk Vino;Ecologyk;Nagalli",2020-06-26,139399,25,true,8jtopaclkzi6fkcxvnzy3t27q,2022-10-26T18:00:37Z,"trap brasileiro,trap,trap funk,hip hop brasileiro","Labbel Records",0.63,0.547,9,-9.22,0,0.0377,0.0037,0,0.325,0.3,129.989,4
spotify:track:0uJVofbOhvogYQ2mRqsbaZ,"Rodeo","237 Deluxe","Yunk Vino;Nagalli",2020-06-26,126326,27,true,8jtopaclkzi6fkcxvnzy3t27q,2022-10-26T18:00:40Z,"trap brasileiro,trap,trap funk,hip hop brasileiro","Labbel Records",0.721,0.637,2,-8.194,0,0.0531,0.0765,0,0.291,0.455,125.056,4
spotify:track:6ec1iZdWm6YkUXsj4zkFMk,"Normal","237 Deluxe","Yunk Vino;Veigh;Scotz",2020-06-26,176019,35,true,8jtopaclkzi6fkcxvnzy3t27q,2022-10-26T18:06:45Z,"trap brasileiro,trap,trap funk,hip hop brasileiro","Labbel Records",0.602,0.525,6,-10.052,0,0.0679,0.0696,0,0.0775,0.663,180.067,3
spotify:track:76AqPXGvrA4Kc64ET6oaaI,"Check","237 Deluxe","Yunk Vino;Ecologyk;MC Igu",2020-06-26,177008,29,true,8jtopaclkzi6fkcxvnzy3t27q,2022-10-26T18:12:55Z,"trap brasileiro,trap,trap funk,hip hop brasileiro","Labbel Records",0.682,0.582,10,-9.53,0,0.099,0.0254,0,0.137,0.503,111.989,4
spotify:track:6bGwKHXHNLmTy6yt147FPh,"If You Know You Know","DAYTONA","Pusha T",2018-05-25,202120,55,true,8jtopaclkzi6fkcxvnzy3t27q,2022-10-28T01:52:17Z,"","Getting Out Our Dreams, Inc./Def Jam Recordings",0.46,0.697,6,-5.954,0,0.325,0.0186,0,0.362,0.701,153.426,4
spotify:track:7iEoaTyBCqLaAwJnOP1BTn,"The Games We Play","DAYTONA","Pusha T",2018-05-25,166120,58,true,8jtopaclkzi6fkcxvnzy3t27q,2022-10-28T01:55:35Z,"","Getting Out Our Dreams, Inc./Def Jam Recordings",0.695,0.796,5,-3.696,1,0.171,0.0713,0.0163,0.096,0.598,78.035,4
spotify:track:3HgA5R5alihocnOYE9ihpS,"Hard Piano","DAYTONA","Pusha T;Rick Ross",2018-05-25,195733,50,true,8jtopaclkzi6fkcxvnzy3t27q,2022-10-28T01:58:24Z,"southern hip hop","Getting Out Our Dreams, Inc./Def Jam Recordings",0.56,0.775,4,-3.774,0,0.18,0.035,0,0.21,0.212,82.2,4
spotify:track:4LKSaRoKNnlpKXTT663BrT,"Santeria","DAYTONA","Pusha T",2018-05-25,176026,51,true,8jtopaclkzi6fkcxvnzy3t27q,2022-10-28T02:05:14Z,"","Getting Out Our Dreams, Inc./Def Jam Recordings",0.621,0.678,8,-4.104,1,0.197,0.141,0,0.098,0.0883,88.231,4
spotify:track:2wgZiTHiSY7fOxDCYhoxS2,"Uzi 2","Calzone Tapes, Vol. 2","Recayd Mob;Derek;MC Igu",2018-01-19,207682,0,true,8jtopaclkzi6fkcxvnzy3t27q,2022-10-28T03:03:08Z,"trap brasileiro,trap,hip hop brasileiro,trap funk","Recayd Mob",0.734,0.498,11,-10.964,0,0.172,0.0312,0.0000052,0.106,0.0432,139.97,4
spotify:track:6t8JB157Ft5oUV674clNHc,"Spinner","Calzone Tapes, Vol. 2","Recayd Mob;Derek;N.A.N.A.;MC Igu;The Boy",2018-01-19,161306,0,true,8jtopaclkzi6fkcxvnzy3t27q,2022-10-28T03:17:32Z,"trap brasileiro,trap,hip hop brasileiro,trap funk","Recayd Mob",0.758,0.492,1,-11.39,1,0.122,0.0117,0.00000166,0.315,0.485,143.129,4
spotify:track:1T9QCaUxDug1j8fVW6s93m,"George Bush","Calzone Tapes, Vol. 2","Recayd Mob;MC Igu;Derek;Klyn;Jé",2018-01-19,276098,0,true,8jtopaclkzi6fkcxvnzy3t27q,2022-10-28T03:29:23Z,"trap brasileiro,trap,hip hop brasileiro,trap funk","Recayd Mob",0.796,0.687,9,-3.474,1,0.198,0.058,0,0.0859,0.108,119.911,4
spotify:track:0CSGVzqHcMrjPz0jztmzMk,"Gucci Yeah Yeah","Calzone Tapes, Vol. 2","Recayd Mob;Jé;Dfideliz;Lucas Spike;Klyn;MC Igu",2018-01-19,285286,0,true,8jtopaclkzi6fkcxvnzy3t27q,2022-10-28T03:36:46Z,"trap brasileiro,trap,hip hop brasileiro,trap funk","Recayd Mob",0.64,0.285,5,-13.088,0,0.409,0.282,0,0.086,0.211,170.162,4
spotify:track:1c8gk2PeTE04A1pIDH9YMk,"Rolling in the Deep","21","Adele",2011-01-24,228093,81,false,8jtopaclkzi6fkcxvnzy3t27q,2022-10-31T00:57:04Z,"o lado suave do pop","XL Recordings",0.73,0.769,8,-5.114,1,0.0298,0.138,0,0.0473,0.507,104.948,4
spotify:track:2A73XBDBQgmdXO8VsXPWIs,"Rumour Has It","21","Adele",2011-01-24,223266,69,false,8jtopaclkzi6fkcxvnzy3t27q,2022-10-31T01:00:46Z,"o lado suave do pop","XL Recordings",0.612,0.749,0,-5.014,1,0.0446,0.615,0,0.167,0.574,120.052,4
spotify:track:4oy98QoABnGKpvapDkI525,"Turning Tables","21","Adele",2011-01-24,250000,64,false,8jtopaclkzi6fkcxvnzy3t27q,2022-10-31T01:03:36Z,"o lado suave do pop","XL Recordings",0.353,0.446,0,-6.044,0,0.0285,0.95,0.0000135,0.132,0.211,155.476,4
spotify:track:73CMRj62VK8nUS4ezD2wvi,"Set Fire to the Rain","21","Adele",2011-01-24,242973,81,false,8jtopaclkzi6fkcxvnzy3t27q,2022-10-31T01:11:43Z,"o lado suave do pop","XL Recordings",0.603,0.67,2,-3.882,0,0.0249,0.00408,0.00000168,0.112,0.446,107.993,4
spotify:track:5AKAyMEL5LqCkafztPdBSI,"I'll Be Waiting","21","Adele",2011-01-24,241351,54,false,8jtopaclkzi6fkcxvnzy3t27q,2022-10-31T01:25:53Z,"o lado suave do pop","XL Recordings",0.547,0.848,2,-2.684,1,0.0367,0.049,0,0.114,0.749,160.063,4
spotify:track:1zwMYTA5nlNjZxYrvBB2pV,"Someone Like You","21","Adele",2011-01-24,285240,80,false,8jtopaclkzi6fkcxvnzy3t27q,2022-10-31T03:10:56Z,"o lado suave do pop","XL Recordings",0.556,0.319,9,-8.251,1,0.0281,0.893,0,0.0996,0.294,135.187,4
spotify:track:5QDGKcQLqOJvoiu8eScEaM,"Let Em' Know","T R A P S O U L","Bryson Tiller",2015-10-02,261878,78,true,8jtopaclkzi6fkcxvnzy3t27q,2022-10-31T05:12:25Z,"trap soul,r&b","TrapSoul/RCA Records",0.489,0.406,9,-11.44,1,0.232,0.0336,0,0.344,0.178,110.551,4
spotify:track:43PuMrRfbyyuz4QpZ3oAwN,"Exchange","T R A P S O U L","Bryson Tiller",2015-10-02,194613,79,true,8jtopaclkzi6fkcxvnzy3t27q,2022-10-31T05:17:15Z,"trap soul,r&b","TrapSoul/RCA Records",0.525,0.433,6,-10.598,1,0.185,0.107,0,0.135,0.276,160.108,4
spotify:track:5g30WoqK1Dv5Bnwpusp2vk,"For However Long","T R A P S O U L","Bryson Tiller",2015-10-02,124855,60,true,8jtopaclkzi6fkcxvnzy3t27q,2022-10-31T05:19:51Z,"trap soul,r&b","TrapSoul/RCA Records",0.584,0.644,5,-6.788,1,0.0782,0.417,0,0.19,0.415,100.033,4
spotify:track:2uYnktBpKbr8YuiLit7WiZ,"Open Interlude","T R A P S O U L","Bryson Tiller",2015-10-02,161946,54,true,8jtopaclkzi6fkcxvnzy3t27q,2022-10-31T05:24:56Z,"trap soul,r&b","TrapSoul/RCA Records",0.471,0.447,2,-12.319,0,0.217,0.708,0,0.0982,0.397,119.027,4
spotify:track:725fdnXEqS0Xs1sTvdNuHq,"Ten Nine Fourteen","T R A P S O U L","Bryson Tiller",2015-10-02,190177,48,true,8jtopaclkzi6fkcxvnzy3t27q,2022-10-31T05:28:16Z,"trap soul,r&b","TrapSoul/RCA Records",0.671,0.655,5,-9.443,0,0.22,0.453,0,0.233,0.814,105.099,4
spotify:track:5vjV8rtLO9H1XVMFTXSbnZ,"The Sequence","T R A P S O U L","Bryson Tiller",2015-10-02,194015,53,true,8jtopaclkzi6fkcxvnzy3t27q,2022-10-31T05:30:30Z,"trap soul,r&b","TrapSoul/RCA Records",0.529,0.498,1,-8.504,0,0.346,0.171,0,0.346,0.54,131.194,4
spotify:track:5Y87Aek2DGI5s4WNAh8zKR,"502 Come Up","T R A P S O U L","Bryson Tiller",2015-10-02,196111,51,true,8jtopaclkzi6fkcxvnzy3t27q,2022-10-31T05:39:39Z,"trap soul,r&b","TrapSoul/RCA Records",0.59,0.66,10,-5.559,0,0.11,0.192,0,0.108,0.418,119.059,4
spotify:track:2gq9iG0maBxkuZI7yfGJuv,"Overtime","T R A P S O U L","Bryson Tiller",2015-10-02,218261,66,true,8jtopaclkzi6fkcxvnzy3t27q,2022-10-31T05:49:44Z,"trap soul,r&b","TrapSoul/RCA Records",0.657,0.497,1,-7.689,1,0.112,0.254,0,0.367,0.593,106.049,4
spotify:track:5rgrBsAFYMun6yhtnLKRPz,"Right My Wrongs","T R A P S O U L","Bryson Tiller",2015-10-02,249318,81,false,8jtopaclkzi6fkcxvnzy3t27q,2022-10-31T05:53:06Z,"trap soul,r&b","TrapSoul/RCA Records",0.543,0.449,1,-8.065,1,0.0463,0.345,0,0.157,0.29,132.609,4
spotify:track:00KjOnN3U40e3lXFUOue7h,"10AM/Save The World (feat. Gucci Mane)","NOT ALL HEROES WEAR CAPES (Deluxe)","Metro Boomin;Gucci Mane",2018-11-06,226320,54,true,8jtopaclkzi6fkcxvnzy3t27q,2022-10-31T21:04:29Z,"southern hip hop,rap,trap","Republic Records",0.719,0.502,8,-8.835,0,0.234,0.257,0,0.189,0.432,136.025,4
spotify:track:6vG3Zv9VEA6YbJPJ6ar5Y7,"Lesbian (feat. Gunna & Young Thug)","NOT ALL HEROES WEAR CAPES (Deluxe)","Metro Boomin;Gunna;Young Thug",2018-11-06,206813,59,true,8jtopaclkzi6fkcxvnzy3t27q,2022-10-31T21:29:19Z,"rap melódico,rap,trap","Republic Records",0.799,0.406,6,-8.892,0,0.268,0.635,0,0.109,0.272,121,4
spotify:track:0NA5xAtDra50d0Lfs2uvoh,"Borrowed Love (feat. Swae Lee & WizKid)","NOT ALL HEROES WEAR CAPES (Deluxe)","Metro Boomin;Swae Lee;Wizkid",2018-11-06,230240,64,true,8jtopaclkzi6fkcxvnzy3t27q,2022-10-31T21:33:17Z,"afrobeats,afrobeat,afropop,azonto,afroswing,r&b afro,afropiano","Republic Records",0.521,0.593,11,-8.811,0,0.464,0.44,0,0.185,0.392,129.232,5
spotify:track:42k9e2hgl98IdgkXLg4pxs,"No More (feat. Travis Scott, Kodak Black & 21 Savage)","NOT ALL HEROES WEAR CAPES (Deluxe)","Metro Boomin;Travis Scott;Kodak Black;21 Savage",2018-11-06,265120,60,true,8jtopaclkzi6fkcxvnzy3t27q,2022-10-31T22:19:30Z,"rap","Republic Records",0.636,0.501,11,-7.26,0,0.329,0.413,0,0.339,0.196,82.309,4
spotify:track:5RkLziWH49zwhmc9gAqWx7,"Mágoa para Elefantes","2ª Via","Um Barril de Rap;Jacob",2015-12-28,224544,45,true,8jtopaclkzi6fkcxvnzy3t27q,2022-11-02T02:51:30Z,"hip hop brasileiro,boom bap","Um Barril de Rap",0.572,0.905,11,-5.261,0,0.377,0.599,0,0.154,0.644,108.492,5
spotify:track:3TKsA1I44XjHSHKvuEcFyr,"Eram os Deuses Astronautas","2ª Via","Um Barril de Rap;Atentado Napalm",2015-12-28,314232,42,true,8jtopaclkzi6fkcxvnzy3t27q,2022-11-03T23:35:24Z,"hip hop brasileiro,boom bap","Um Barril de Rap",0.534,0.419,6,-11.027,1,0.328,0.0962,0,0.351,0.629,135.533,4
spotify:track:3G30JsnV9idJQbWRxgLxlB,"Registro de Identidade","2ª Via","Um Barril de Rap",2015-12-28,278784,36,true,8jtopaclkzi6fkcxvnzy3t27q,2022-11-03T23:35:29Z,"hip hop brasileiro,boom bap","Um Barril de Rap",0.515,0.547,8,-11.875,1,0.242,0.633,0,0.258,0.567,146.056,4
spotify:track:100huh0IdlPoa3hiYpnLwQ,"Studio","O Bagulho É Trap","Jé;Derek",2020-02-28,168939,32,true,8jtopaclkzi6fkcxvnzy3t27q,2022-11-04T02:06:33Z,"trap brasileiro,trap,hip hop brasileiro,trap funk","Santi Music, Artefato",0.843,0.656,5,-5.859,0,0.0453,0.139,0.000156,0.186,0.191,107.989,4
spotify:track:4qUC7dNBX4Z9QZZidQ5cGA,"Laudo","O Bagulho É Trap","Jé",2020-02-28,110444,33,true,8jtopaclkzi6fkcxvnzy3t27q,2022-11-04T02:09:30Z,"trap brasileiro,trap,hip hop brasileiro","Santi Music, Artefato",0.929,0.7,8,-7.625,0,0.0905,0.0353,0,0.0892,0.954,140.002,4
spotify:track:5qEEAaLmldzSSFQjj6eJb3,"Diñero","O Bagulho É Trap","Jé",2020-02-28,192537,38,true,8jtopaclkzi6fkcxvnzy3t27q,2022-11-04T02:15:13Z,"trap brasileiro,trap,hip hop brasileiro","Santi Music, Artefato",0.821,0.593,2,-7.44,1,0.043,0.336,0,0.0871,0.368,120.047,4
spotify:track:6CjiS7g6UMSve4WpEUvngl,"Vida de Chefe","O Bagulho É Trap","Jé;Dfideliz",2020-02-28,171482,35,true,8jtopaclkzi6fkcxvnzy3t27q,2022-11-04T02:18:15Z,"trap brasileiro,trap,hip hop brasileiro,trap funk","Santi Music, Artefato",0.546,0.558,10,-8.228,0,0.282,0.218,0,0.353,0.545,167.934,3
spotify:track:2S0HXpdfGqxpeC2MsMVAyQ,"Champagne","O Bagulho É Trap","Jé",2020-02-28,175836,29,true,8jtopaclkzi6fkcxvnzy3t27q,2022-11-04T02:21:29Z,"trap brasileiro,trap,hip hop brasileiro","Santi Music, Artefato",0.863,0.5,5,-7.353,0,0.114,0.492,0,0.101,0.505,125.912,4
spotify:track:6KIKRz9eSTXdNsGUnomdtW,"Straight Outta Compton","Straight Outta Compton","N.W.A.",1988-08-08,258687,72,true,8jtopaclkzi6fkcxvnzy3t27q,2022-11-05T00:49:36Z,"hip hop old school,gangster rap,west coast hip hop,hip hop,rap,g-funk","Priority Records",0.834,0.878,8,-9.484,1,0.15,0.0461,0,0.334,0.418,102.848,4
spotify:track:5n8Aro6j1bEGIy7Tpo7FV7,"Fuck Tha Police","Straight Outta Compton","N.W.A.",1988-08-08,345717,71,true,8jtopaclkzi6fkcxvnzy3t27q,2022-11-05T01:14:49Z,"hip hop old school,gangster rap,west coast hip hop,hip hop,rap,g-funk","Priority Records",0.859,0.75,8,-8.325,0,0.303,0.0193,0,0.0538,0.857,98.691,4
spotify:track:1pOIpxfrQ8AszXZdKR3aH3,"Gangsta Gangsta","Straight Outta Compton","N.W.A.",1988-08-08,336917,64,true,8jtopaclkzi6fkcxvnzy3t27q,2022-11-05T01:20:24Z,"hip hop old school,gangster rap,west coast hip hop,hip hop,rap,g-funk","Priority Records",0.894,0.698,6,-8.264,0,0.275,0.0279,0.00000356,0.329,0.695,98.104,4
spotify:track:6wVScBh7XU6rAgIUrqboUB,"Something Like That","Straight Outta Compton","N.W.A.",1988-08-08,215923,43,true,8jtopaclkzi6fkcxvnzy3t27q,2022-11-05T01:42:54Z,"hip hop old school,gangster rap,west coast hip hop,hip hop,rap,g-funk","Priority Records",0.896,0.724,7,-7.049,1,0.308,0.0626,0,0.156,0.659,96.113,4
spotify:track:52IuMfbQa9aqRPz2oYPAI8,"Express Yourself","Straight Outta Compton","N.W.A.",1988-08-08,265101,62,true,8jtopaclkzi6fkcxvnzy3t27q,2022-11-05T01:45:40Z,"hip hop old school,gangster rap,west coast hip hop,hip hop,rap,g-funk","Priority Records",0.851,0.583,8,-11.022,0,0.286,0.0506,0,0.236,0.956,95.048,4
spotify:track:4YT8aYraXHbVxYeupvChSv,"I Ain't Tha 1","Straight Outta Compton","N.W.A.",1988-08-08,294944,44,true,8jtopaclkzi6fkcxvnzy3t27q,2022-11-05T01:55:56Z,"hip hop old school,gangster rap,west coast hip hop,hip hop,rap,g-funk","Priority Records",0.845,0.478,11,-7.501,0,0.353,0.0638,0,0.051,0.715,159.384,4
spotify:track:12G1TYIfbpvC0mdFFn4Pbg,"Dopeman - Remix","Straight Outta Compton","N.W.A.",1988-08-08,320172,49,true,8jtopaclkzi6fkcxvnzy3t27q,2022-11-05T02:05:29Z,"hip hop old school,gangster rap,west coast hip hop,hip hop,rap,g-funk","Priority Records",0.819,0.57,7,-9.313,1,0.374,0.00267,0,0.0692,0.694,176.241,4
spotify:track:0iQzC9nxzQZ5hVWlE5Lewy,"Something 2 Dance 2","Straight Outta Compton","N.W.A.",1988-08-08,203755,41,true,8jtopaclkzi6fkcxvnzy3t27q,2022-11-05T03:02:28Z,"hip hop old school,gangster rap,west coast hip hop,hip hop,rap,g-funk","Priority Records",0.896,0.566,6,-8.196,0,0.219,0.00503,0.00139,0.327,0.529,129.56,4
spotify:track:6wNUBZNWFxdUGof6vkaykE,"One For The Road","AM","Arctic Monkeys",2013-09-09,206051,71,false,8jtopaclkzi6fkcxvnzy3t27q,2022-11-06T18:53:56Z,"indie,garage rock","Domino Recording Co",0.415,0.668,0,-6.849,1,0.036,0.212,0.0615,0.27,0.842,180.048,4
spotify:track:1j9rezdE3YeC7yktZXC1em,"I Want It All","AM","Arctic Monkeys",2013-09-09,185406,67,false,8jtopaclkzi6fkcxvnzy3t27q,2022-11-06T18:59:45Z,"indie,garage rock","Domino Recording Co",0.499,0.81,5,-5.579,1,0.0347,0.000637,0.0748,0.0625,0.288,131.052,4
spotify:track:4atMrAadB7dS8xn9vfk9PQ,"Fireside","AM","Arctic Monkeys",2013-09-09,181049,70,false,8jtopaclkzi6fkcxvnzy3t27q,2022-11-06T19:34:07Z,"indie,garage rock","Domino Recording Co",0.538,0.953,9,-5.611,0,0.056,0.0234,0.00126,0.113,0.74,100.033,4
spotify:track:086myS9r57YsLbJpU0TgK9,"Why'd You Only Call Me When You're High?","AM","Arctic Monkeys",2013-09-09,161123,87,false,8jtopaclkzi6fkcxvnzy3t27q,2022-11-06T19:38:08Z,"indie,garage rock","Domino Recording Co",0.691,0.631,2,-6.478,1,0.0368,0.0483,0.0000113,0.104,0.8,92.004,4
spotify:track:0NdTUS4UiNYCNn5FgVqKQY,"Snap Out Of It","AM","Arctic Monkeys",2013-09-09,193030,82,false,8jtopaclkzi6fkcxvnzy3t27q,2022-11-06T19:40:20Z,"indie,garage rock","Domino Recording Co",0.728,0.638,5,-6.455,0,0.0336,0.249,0,0.116,0.872,130.014,4
spotify:track:2LGdO5MtFdyphi2EihANZG,"Knee Socks","AM","Arctic Monkeys",2013-09-09,257563,79,false,8jtopaclkzi6fkcxvnzy3t27q,2022-11-06T19:43:47Z,"indie,garage rock","Domino Recording Co",0.665,0.542,11,-8.323,0,0.033,0.123,0.00291,0.342,0.587,97.975,4
spotify:track:5XeFesFbtLpXzIVDNQP22n,"I Wanna Be Yours","AM","Arctic Monkeys",2013-09-09,183956,93,false,8jtopaclkzi6fkcxvnzy3t27q,2022-11-06T19:46:56Z,"indie,garage rock","Domino Recording Co",0.464,0.417,0,-9.345,0,0.0256,0.136,0.022,0.0974,0.479,67.528,4
spotify:track:6jVKJqRxVVQh41CXmfnosE,"Neguin","Dai a Cesar o Que É de Cesar","Cesar Mc;Pineapple StormTv;Djonga;Tibery;Felipe Artioli",2021-09-09,198181,0,false,8jtopaclkzi6fkcxvnzy3t27q,2022-11-07T00:58:18Z,"hip hop brasileiro,trap brasileiro,boom bap","Pineapple StormTV",0.435,0.661,10,-6.617,1,0.459,0.261,0,0.099,0.191,68.948,3
spotify:track:7AC44OGeO16I8PkqdmDNOv,"O Boombap Não Morre","Dai a Cesar o Que É de Cesar","Cesar Mc;Pineapple StormTv;Tibery;Felipe Artioli;Jogzz",2021-09-09,223043,0,false,8jtopaclkzi6fkcxvnzy3t27q,2022-11-07T01:07:02Z,"hip hop brasileiro,trap brasileiro,boom bap,trap","Pineapple StormTV",0.49,0.898,4,-6.337,0,0.545,0.338,0,0.0877,0.63,92.668,4
spotify:track:07OvVAqHyJi4ffgeLbAPUe,"Antes Que a Bala Perdida Me Ache","Dai a Cesar o Que É de Cesar","Cesar Mc;Pineapple StormTv;Tibery;Felipe Artioli;Emicida;Jaddy",2021-09-09,216000,0,true,8jtopaclkzi6fkcxvnzy3t27q,2022-11-07T01:07:16Z,"hip hop brasileiro,trap brasileiro,boom bap,nova mpb","Pineapple StormTV",0.501,0.76,8,-6.879,0,0.632,0.414,0,0.255,0.299,79.529,4
spotify:track:11s9e5nZrTXzdDTguBFtou,"Somebody's Gotta Die - 2014 Remaster","Life After Death (2014 Remastered Edition)","The Notorious B.I.G.",1997-03-04,266733,52,true,8jtopaclkzi6fkcxvnzy3t27q,2022-11-09T18:49:41Z,"hip hop old school,gangster rap,east coast hip hop,hip hop","Rhino Atlantic",0.488,0.905,8,-4.21,1,0.334,0.241,0,0.305,0.674,82.385,4
spotify:track:0ed6evAMZvewGh4UI9KkVU,"Kick in the Door - 2014 Remaster","Life After Death (2014 Remastered Edition)","The Notorious B.I.G.",1997-03-04,286186,57,true,8jtopaclkzi6fkcxvnzy3t27q,2022-11-09T19:01:20Z,"hip hop old school,gangster rap,east coast hip hop,hip hop","Rhino Atlantic",0.62,0.854,6,-5.578,1,0.628,0.103,0,0.402,0.671,179.801,4
spotify:track:1ry9AyQVzzK2iDt6vMY2ku,"Fuck You Tonight (feat. R. Kelly) - 2014 Remaster","Life After Death (2014 Remastered Edition)","The Notorious B.I.G.;R. Kelly",1997-03-04,345466,55,true,8jtopaclkzi6fkcxvnzy3t27q,2022-11-09T19:03:49Z,"hip hop old school,gangster rap,east coast hip hop,hip hop,r&b","Rhino Atlantic",0.578,0.57,5,-4.982,0,0.242,0.18,0,0.0632,0.716,177.772,4
spotify:track:2Uvwc7D5rhphlzfBDnpYpU,"I Love The Dough (feat. Jay-Z & Angela Winbush) - 2014 Remaster","Life After Death (2014 Remastered Edition)","The Notorious B.I.G.;Angela Winbush;JAŸ-Z",1997-03-04,311533,56,true,8jtopaclkzi6fkcxvnzy3t27q,2022-11-09T19:15:18Z,"hip hop old school,gangster rap,east coast hip hop,hip hop,quiet storm,new jack swing,rap","Rhino Atlantic",0.774,0.776,6,-5.331,1,0.304,0.178,0,0.283,0.654,99.071,4
spotify:track:0S736hkRjkdmuvbZuvx1sh,"What's Beef? - 2014 Remaster","Life After Death (2014 Remastered Edition)","The Notorious B.I.G.",1997-03-04,315360,54,true,8jtopaclkzi6fkcxvnzy3t27q,2022-11-09T19:19:20Z,"hip hop old school,gangster rap,east coast hip hop,hip hop","Rhino Atlantic",0.698,0.694,9,-4.88,1,0.198,0.0526,0.00000473,0.314,0.615,154.845,3
spotify:track:19FsxX4RthRMZGfXkImdCb,"Notorious Thugs - 2014 Remaster","Life After Death (2014 Remastered Edition)","The Notorious B.I.G.",1997-03-04,366880,74,true,8jtopaclkzi6fkcxvnzy3t27q,2022-11-09T21:33:42Z,"hip hop old school,gangster rap,east coast hip hop,hip hop","Rhino Atlantic",0.704,0.873,11,-4.057,0,0.144,0.121,0.00000512,0.24,0.742,154.914,4
spotify:track:1eQNHLMYtDFuC58a5Z3bIN,"Another (feat. Lil' Kim) - 2014 Remaster","Life After Death (2014 Remastered Edition)","The Notorious B.I.G.;Lil' Kim",1997-03-04,255306,45,true,8jtopaclkzi6fkcxvnzy3t27q,2022-11-09T21:48:34Z,"hip hop old school,gangster rap,east coast hip hop,hip hop","Rhino Atlantic",0.954,0.639,2,-5.02,1,0.0956,0.00993,0,0.0754,0.653,112.08,4
spotify:track:1Z7C8ClE8UEaH70jCCeJH2,"Ten Crack Commandments - 2014 Remaster","Life After Death (2014 Remastered Edition)","The Notorious B.I.G.",1997-03-04,204026,67,true,8jtopaclkzi6fkcxvnzy3t27q,2022-11-10T02:11:04Z,"hip hop old school,gangster rap,east coast hip hop,hip hop","Rhino Atlantic",0.612,0.85,1,-4.703,1,0.5,0.0393,0,0.255,0.781,173.497,4
spotify:track:30pqIwsiYrnPt6a9lUK9M4,"My Downfall (feat. DMC) - 2014 Remaster","Life After Death (2014 Remastered Edition)","The Notorious B.I.G.;Darryl ""DMC"" McDaniels",1997-03-04,326733,43,true,8jtopaclkzi6fkcxvnzy3t27q,2022-11-10T02:38:28Z,"hip hop old school,gangster rap,east coast hip hop,hip hop,rap metal,breakbeat","Rhino Atlantic",0.458,0.824,11,-4.224,0,0.519,0.188,0,0.112,0.499,86.331,4
spotify:track:6Wkehibq4hvtIoO75H43OR,"I.Crawl","Because the Internet","Childish Gambino",2013-12-10,209473,0,true,8jtopaclkzi6fkcxvnzy3t27q,2022-11-10T17:14:39Z,"","Glassnote Entertainment Group LLC",0.59,0.541,6,-8.818,1,0.0388,0.0448,0.0000064,0.122,0.335,132.952,4
spotify:track:0kErPGykp7EJo7L5fx8YjB,"I. The Worst Guys","Because the Internet","Childish Gambino;Chance the Rapper",2013-12-10,219739,0,true,8jtopaclkzi6fkcxvnzy3t27q,2022-11-10T17:23:31Z,"","Glassnote Entertainment Group LLC",0.589,0.639,5,-7.558,0,0.111,0.0565,0,0.0623,0.346,97.077,4
spotify:track:3hyyG3Rm7DdmDwG2ZHfxFR,"III. Telegraph Ave. (""Oakland"" by Lloyd)","Because the Internet","Childish Gambino",2013-12-10,210673,0,true,8jtopaclkzi6fkcxvnzy3t27q,2022-11-10T17:30:37Z,"","Glassnote Entertainment Group LLC",0.489,0.694,5,-9.586,0,0.246,0.156,0.0289,0.145,0.579,130.021,4
spotify:track:3x4I4nRuZp5NdtGvCPw6Ms,"IV. Sweatpants","Because the Internet","Childish Gambino;JasonMartin",2013-12-10,180675,1,true,8jtopaclkzi6fkcxvnzy3t27q,2022-11-10T17:34:36Z,"hyphy,west coast hip hop","Glassnote Entertainment Group LLC",0.712,0.463,1,-9.33,0,0.143,0.152,0,0.642,0.593,80.029,4
spotify:track:11A5ZxYAkWil1GzDQ0PnFm,"I. The Party","Because the Internet","Childish Gambino",2013-12-10,91292,0,true,8jtopaclkzi6fkcxvnzy3t27q,2022-11-10T17:42:11Z,"","Glassnote Entertainment Group LLC",0.49,0.567,6,-11.405,1,0.343,0.162,0.00402,0.139,0.372,155.55,4
spotify:track:7c5F8o848t9Nal1IN5QH1P,"I. Flight of the Navigator","Because the Internet","Childish Gambino",2013-12-10,344143,0,true,8jtopaclkzi6fkcxvnzy3t27q,2022-11-10T17:50:55Z,"","Glassnote Entertainment Group LLC",0.27,0.667,1,-10.742,0,0.047,0.0538,0.159,0.128,0.162,74.733,4
spotify:track:3Ku6ICItE1LKtsASrU5iOT,"II. Earth: The Oldest Computer (The Last Night)","Because the Internet","Childish Gambino;Azealia Banks",2013-12-10,282418,0,true,8jtopaclkzi6fkcxvnzy3t27q,2022-11-10T18:03:11Z,"ballroom,hip house","Glassnote Entertainment Group LLC",0.511,0.691,2,-7.246,1,0.0538,0.00439,0.000189,0.047,0.12,139.853,4
spotify:track:6C781pluv3BPxGHHCUJNYc,"Patiently Waiting","Get Rich Or Die Tryin'","50 Cent;Eminem",2003-02-06,288866,69,true,8jtopaclkzi6fkcxvnzy3t27q,2022-11-11T01:34:14Z,"hip hop old school,east coast hip hop,rap,hip hop","Shady Records",0.738,0.674,1,-2.299,1,0.28,0.275,0,0.344,0.575,78.929,4
spotify:track:6mcu7D7QuABVwUGDwovOEh,"If I Can't","Get Rich Or Die Tryin'","50 Cent",2003-02-06,196626,75,true,8jtopaclkzi6fkcxvnzy3t27q,2022-11-11T01:57:41Z,"hip hop old school,east coast hip hop","Shady Records",0.886,0.626,11,-2.528,0,0.277,0.265,0,0.024,0.856,93.989,4
spotify:track:5HDRg2qrvX9qb6COeuDwfs,"Back Down","Get Rich Or Die Tryin'","50 Cent",2003-02-06,243000,63,true,8jtopaclkzi6fkcxvnzy3t27q,2022-11-11T02:38:08Z,"hip hop old school,east coast hip hop","Shady Records",0.784,0.631,2,-2.399,1,0.199,0.228,0.00000344,0.0951,0.248,89.005,4
spotify:track:7nh0HBrSbnmCfAraHcg7vK,"Don't Push Me","Get Rich Or Die Tryin'","50 Cent;Lloyd Banks;Eminem",2003-02-06,248893,59,true,8jtopaclkzi6fkcxvnzy3t27q,2022-11-11T02:59:32Z,"hip hop old school,east coast hip hop,rap,hip hop","Shady Records",0.504,0.782,1,-3.006,1,0.342,0.0506,0,0.0787,0.66,170.606,4
spotify:track:42bC6jOAZnJ8Xw4VTwbmxH,"Dois Amores","QVVJFA?","Baco Exu do Blues",2022-01-26,211034,2,false,8jtopaclkzi6fkcxvnzy3t27q,2022-11-11T23:38:28Z,"hip hop brasileiro,trap brasileiro","Baco Exu Do Blues",0.578,0.505,0,-7.442,0,0.175,0.417,0.00733,0.105,0.486,115.931,4
spotify:track:2KN94SkmjXmGq6cE6gnV21,"Cigana","QVVJFA?","Baco Exu do Blues",2022-01-26,162051,1,false,8jtopaclkzi6fkcxvnzy3t27q,2022-11-11T23:41:32Z,"hip hop brasileiro,trap brasileiro","Baco Exu Do Blues",0.685,0.537,0,-6.773,0,0.0358,0.0418,0,0.153,0.526,117.004,4
spotify:track:6MvaRZ6JZgJuXz9b1CMB1y,"20 Ligações","QVVJFA?","Baco Exu do Blues",2022-01-26,193600,7,false,8jtopaclkzi6fkcxvnzy3t27q,2022-11-11T23:42:00Z,"hip hop brasileiro,trap brasileiro","Baco Exu Do Blues",0.688,0.389,0,-10.62,1,0.174,0.779,0.00000726,0.108,0.536,75.073,4
spotify:track:3nlhqZHMXG2A5UkW633wwx,"Samba in Paris","QVVJFA?","Baco Exu do Blues;Gloria Groove",2022-01-26,266250,5,false,8jtopaclkzi6fkcxvnzy3t27q,2022-11-11T23:54:01Z,"hip hop brasileiro,trap brasileiro,pop nacional,funk pop,pagode,funk","Baco Exu Do Blues",0.631,0.395,1,-8.16,1,0.205,0.681,0,0.348,0.442,95.702,4
spotify:track:3hqjvHfk55d0eBJUBICfC5,"Sei Partir","QVVJFA?","Baco Exu do Blues;Muse Maya",2022-01-26,176326,3,false,8jtopaclkzi6fkcxvnzy3t27q,2022-11-11T23:57:47Z,"hip hop brasileiro,trap brasileiro","Baco Exu Do Blues",0.685,0.32,8,-10.059,0,0.0505,0.71,0,0.111,0.245,98,4
spotify:track:43BqrLVlqqQFCTO9AwqHrP,"Inimigos","QVVJFA?","Baco Exu do Blues",2022-01-26,221538,0,false,8jtopaclkzi6fkcxvnzy3t27q,2022-11-12T00:05:00Z,"hip hop brasileiro,trap brasileiro","Baco Exu Do Blues",0.771,0.441,1,-8.198,1,0.366,0.322,0,0.121,0.355,129.764,4
spotify:track:08yKWK7e5Menig04qnVf3a,"4 da Manhã em Salvador","QVVJFA?","Baco Exu do Blues",2022-01-26,209620,0,false,8jtopaclkzi6fkcxvnzy3t27q,2022-11-12T00:11:19Z,"hip hop brasileiro,trap brasileiro","Baco Exu Do Blues",0.629,0.445,7,-8.038,0,0.372,0.508,0,0.215,0.251,78.965,4
spotify:track:4rETniM0BHt04sAScIRZPj,"Detalhe","Merci £","Sidoka;DogDu BEAT$",2020-02-18,151200,18,true,8jtopaclkzi6fkcxvnzy3t27q,2022-11-12T00:27:04Z,"trap brasileiro,trap,hip hop brasileiro,trap funk","Sidoka",0.799,0.591,3,-6.125,0,0.136,0.138,0,0.113,0.407,127.063,4
spotify:track:3HT8vat12R7Q7NnTSq5BsJ,"Não subestime, digamos","Merci £","Sidoka;Chris MC",2020-02-18,246256,19,true,8jtopaclkzi6fkcxvnzy3t27q,2022-11-12T00:37:29Z,"trap brasileiro,trap,hip hop brasileiro,trap funk","Sidoka",0.609,0.471,2,-14.49,1,0.299,0.0306,0,0.108,0.223,139.833,4
spotify:track:6nlFceaO8sXLd9jFlzVDWZ,"Calma (Calma, Calma)","Merci £","Sidoka",2020-02-18,207229,18,true,8jtopaclkzi6fkcxvnzy3t27q,2022-11-12T00:51:57Z,"trap brasileiro,trap,hip hop brasileiro,trap funk","Sidoka",0.666,0.506,7,-11.362,0,0.608,0.0641,0.00000192,0.0907,0.649,129.949,4
spotify:track:2xmjtAN1qKOABODfwzajli,"Eu Juro (Freestyle)","Merci £","Sidoka",2020-02-18,214935,16,true,8jtopaclkzi6fkcxvnzy3t27q,2022-11-12T00:54:44Z,"trap brasileiro,trap,hip hop brasileiro,trap funk","Sidoka",0.928,0.2,11,-15.371,1,0.501,0.503,0.0135,0.0963,0.513,134.122,4
spotify:track:2B8EVqp4f5XgnLptah4n77,"Klibrano","Merci £","Sidoka",2020-02-18,202849,16,true,8jtopaclkzi6fkcxvnzy3t27q,2022-11-12T01:01:59Z,"trap brasileiro,trap,hip hop brasileiro,trap funk","Sidoka",0.785,0.713,6,-7.859,1,0.282,0.222,0.00000323,0.0462,0.917,142.049,4
spotify:track:6djFOYzvzOjuKIFTbspsSE,"Kawasaki Ninja","Merci £","Sidoka",2020-02-18,275033,25,true,8jtopaclkzi6fkcxvnzy3t27q,2022-11-12T01:11:31Z,"trap brasileiro,trap,hip hop brasileiro,trap funk","Sidoka",0.669,0.66,0,-8.49,1,0.407,0.538,0.0000136,0.191,0.503,104.957,4
spotify:track:7ykSBYS2P8PaAdeN7PsSNh,"7K","True Religion","Yung Buda;Baby Gengar",2019-12-06,239076,0,true,8jtopaclkzi6fkcxvnzy3t27q,2022-11-14T16:18:13Z,"trap brasileiro,hip hop brasileiro","Sound Food Gang",0.478,0.655,3,-10.19,0,0.142,0.715,0.0188,0.11,0.0962,129.985,4
spotify:track:3hWbQT74BsoBP8R3JnRNVX,"Sem Sinal","True Religion","Yung Buda;Emiká;NIKITO Labrae;Zemaru",2019-12-06,381000,0,true,8jtopaclkzi6fkcxvnzy3t27q,2022-11-14T16:21:29Z,"trap brasileiro,hip hop brasileiro","Sound Food Gang",0.489,0.714,5,-6.554,0,0.0336,0.00633,0.000215,0.427,0.194,140.016,4
spotify:track:2Vof3tVBVKZ95dRpLaIIHc,"Hacker Dresscode","True Religion","Yung Buda",2019-12-06,146000,0,true,8jtopaclkzi6fkcxvnzy3t27q,2022-11-14T16:29:14Z,"trap brasileiro,hip hop brasileiro","Sound Food Gang",0.597,0.594,0,-6.876,1,0.067,0.147,0.00152,0.578,0.249,147.082,4
spotify:track:6GrEuQPDDpXbtodvOqKmvt,"Madrugada Dos Mortos","True Religion","Yung Buda;Killamoto",2019-12-06,193563,0,true,8jtopaclkzi6fkcxvnzy3t27q,2022-11-14T16:32:30Z,"trap brasileiro,hip hop brasileiro,trap metal","Sound Food Gang",0.678,0.526,8,-9.324,1,0.0763,0.0814,0.00285,0.124,0.104,123.95,4
spotify:track:31VOknKjFrEX47bZXzqcoF,"Next To Me","Evolve","Imagine Dragons",2017-06-23,230288,73,false,8jtopaclkzi6fkcxvnzy3t27q,2022-11-14T21:44:44Z,"","Kid Ina Korner / Interscope",0.301,0.672,2,-4.497,1,0.0625,0.28,0.000031,0.0609,0.384,169.512,3
spotify:track:28heol5hhOGj6KYbJrRteJ,"I Don’t Know Why","Evolve","Imagine Dragons",2017-06-23,190120,62,false,8jtopaclkzi6fkcxvnzy3t27q,2022-11-14T21:47:14Z,"","Kid Ina Korner / Interscope",0.716,0.641,2,-7.423,1,0.053,0.0066,0.00000991,0.185,0.0735,121.064,4
spotify:track:3zT2616WcD9Df5m21OsCX0,"Rise Up","Evolve","Imagine Dragons",2017-06-23,231720,68,false,8jtopaclkzi6fkcxvnzy3t27q,2022-11-14T22:01:48Z,"","Kid Ina Korner / Interscope",0.447,0.74,3,-6.606,1,0.0475,0.0122,0.000242,0.0958,0.103,93.763,4
spotify:track:3j9UIPpivEXyfV67agjXKH,"All About U (ft. Nate Dogg, Snoop Dogg, Fatal, Yani Hadati)","All Eyez On Me","2Pac;Yaki Kadafi;Snoop Dogg;Nate Dogg;Fatal",1996-02-13,276813,67,true,8jtopaclkzi6fkcxvnzy3t27q,2022-11-17T19:30:46Z,"hip hop old school,gangster rap,west coast hip hop,g-funk,hip hop,rap,hip hop alemão","Amaru Entertainment, Inc./Interscope Records",0.856,0.793,2,-4.003,1,0.134,0.0655,0,0.314,0.761,103.208,4
spotify:track:43P5sm3VJt3zLUhDk9kDDB,"Skandalouz (ft. Nate Dogg)","All Eyez On Me","2Pac;Nate Dogg",1996-02-13,248693,57,true,8jtopaclkzi6fkcxvnzy3t27q,2022-11-17T19:38:15Z,"hip hop old school,gangster rap,west coast hip hop,g-funk,hip hop","Amaru Entertainment, Inc./Interscope Records",0.709,0.912,10,-5.067,0,0.262,0.0149,0,0.315,0.781,92.705,4
spotify:track:6LwrEZNkvFTOypNwSLjuaJ,"2 Of Amerikaz Most Wanted (ft. Snoop Doggy Dogg)","All Eyez On Me","2Pac;Snoop Dogg",1996-02-13,246533,75,true,8jtopaclkzi6fkcxvnzy3t27q,2022-11-18T02:10:53Z,"hip hop old school,gangster rap,west coast hip hop,g-funk,hip hop,rap","Amaru Entertainment, Inc./Interscope Records",0.849,0.904,8,-4.78,1,0.138,0.0248,0.0000511,0.0545,0.854,99.258,4
spotify:track:7xeh81c3bxTgqUgy2WN56u,"No More Pain","All Eyez On Me","2Pac",1996-02-13,374800,57,true,8jtopaclkzi6fkcxvnzy3t27q,2022-11-18T02:15:04Z,"hip hop old school,gangster rap,west coast hip hop,g-funk,hip hop","Amaru Entertainment, Inc./Interscope Records",0.712,0.906,9,-5.979,0,0.0913,0.0186,0.0788,0.33,0.856,77.01,4
spotify:track:3QT55sRs0R7AVFhBxSxrZN,"Tradin' War Stories (ft. C-BO, CPO, Outlawz, The Storm)","All Eyez On Me","2Pac;Storm;C-Bo;Outlawz;C-PO",1996-02-13,329826,56,true,8jtopaclkzi6fkcxvnzy3t27q,2022-11-20T00:03:43Z,"hip hop old school,gangster rap,west coast hip hop,g-funk,hip hop","Amaru Entertainment, Inc./Interscope Records",0.702,0.803,9,-5.793,1,0.26,0.476,0,0.173,0.508,86.494,4
spotify:track:70uktTEq3AiRQAtqdl20qG,"I Ain't Mad At Cha (ft. Danny Boy)","All Eyez On Me","2Pac;Danny Boy",1996-02-13,293666,62,true,8jtopaclkzi6fkcxvnzy3t27q,2022-11-20T00:16:06Z,"hip hop old school,gangster rap,west coast hip hop,g-funk,hip hop","Amaru Entertainment, Inc./Interscope Records",0.737,0.682,5,-5.872,0,0.258,0.0149,0.00000536,0.401,0.671,170.215,4
spotify:track:5kLt3PlMzxw2xdRZuNXEgn,"What's Ya Phone # (ft. Danny Boy)","All Eyez On Me","2Pac;Danny Boy",1996-02-13,309520,48,true,8jtopaclkzi6fkcxvnzy3t27q,2022-11-20T00:23:11Z,"hip hop old school,gangster rap,west coast hip hop,g-funk,hip hop","Amaru Entertainment, Inc./Interscope Records",0.73,0.945,1,-5.074,1,0.276,0.000328,0.0000296,0.034,0.72,120.009,4
spotify:track:3aL7uOGU9S77L4pfFr43Es,"Thug Passion (ft. Jewell, Outlawz, The Storm)","All Eyez On Me","2Pac;Jewell;Storm;Outlawz",1996-02-13,307640,57,true,8jtopaclkzi6fkcxvnzy3t27q,2022-11-20T20:56:15Z,"hip hop old school,gangster rap,west coast hip hop,g-funk,hip hop","Amaru Entertainment, Inc./Interscope Records",0.773,0.801,7,-3.81,1,0.236,0.159,0,0.267,0.642,92.004,4
spotify:track:4FzMYYcuQg10kBzXgauodD,"Run Tha Streetz (ft. Michel'le, Storm, Mutah)","All Eyez On Me","2Pac;Storm;Mutah;Michel'le",1996-02-13,316400,62,true,8jtopaclkzi6fkcxvnzy3t27q,2022-11-20T21:21:36Z,"hip hop old school,gangster rap,west coast hip hop,g-funk,hip hop,new jack swing,quiet storm","Amaru Entertainment, Inc./Interscope Records",0.791,0.781,10,-4.315,0,0.23,0.114,0.00000243,0.171,0.689,166.965,4
spotify:track:71XCHbCxGNvTjZqupUf0h1,"Mr. Carter","Tha Carter III","Lil Wayne;JAŸ-Z",2008-01-01,316266,56,true,8jtopaclkzi6fkcxvnzy3t27q,2022-11-22T02:19:33Z,"rap,hip hop,east coast hip hop","CM/Republic",0.485,0.71,7,-6.288,1,0.364,0.0444,0,0.35,0.473,170.942,4
spotify:track:2nxhcDALb0SGjAxaP6E7Cf,"Dr. Carter","Tha Carter III","Lil Wayne",2008-01-01,264493,38,true,8jtopaclkzi6fkcxvnzy3t27q,2022-11-22T02:40:16Z,"rap,hip hop","CM/Republic",0.532,0.509,7,-11.937,1,0.397,0.0606,0,0.261,0.279,132.065,3
spotify:track:6q2E39lHDt7ImGt8fRlb8p,"Tie My Hands","Tha Carter III","Lil Wayne;Robin Thicke",2008-01-01,319400,41,true,8jtopaclkzi6fkcxvnzy3t27q,2022-11-22T02:50:45Z,"rap,hip hop","CM/Republic",0.812,0.448,11,-7.438,0,0.189,0.355,0.0000198,0.112,0.212,89.966,4
spotify:track:5jnxxpX2834SB6LJ0S73Uz,"Lollipop","Tha Carter III","Lil Wayne;Static Major",2008-01-01,299333,76,true,8jtopaclkzi6fkcxvnzy3t27q,2022-11-27T01:51:13Z,"rap,hip hop","CM/Republic",0.829,0.428,0,-9.469,1,0.0831,0.056,0.00413,0.137,0.45,148.075,4
spotify:track:1mncfOKAZ9HAfvSQzz0SNz,"DontGetIt","Tha Carter III","Lil Wayne",2008-01-01,592000,39,true,8jtopaclkzi6fkcxvnzy3t27q,2022-11-27T02:12:04Z,"rap,hip hop","CM/Republic",0.676,0.632,4,-7.325,0,0.263,0.0896,0,0.15,0.225,76.577,4
spotify:track:5iKrRedwPO8IvXaJTbXr8F,"Action","Tha Carter III","Lil Wayne",2008-01-01,223306,31,true,8jtopaclkzi6fkcxvnzy3t27q,2022-11-27T02:23:51Z,"rap,hip hop","CM/Republic",0.647,0.545,1,-8.811,1,0.232,0.023,0,0.184,0.578,86.038,4
spotify:track:3K6DAo9Gc5kboVoYi1Grkp,"I'm Me","Tha Carter III","Lil Wayne",2008-01-01,294933,49,true,8jtopaclkzi6fkcxvnzy3t27q,2022-11-27T02:31:59Z,"rap,hip hop","CM/Republic",0.536,0.815,11,-4.383,0,0.272,0.0286,0,0.225,0.202,150.925,4
spotify:track:43Nl8oCx5pidP7SsQS32n3,"Pensa Memo Se Compensa","Sou Rock N' Roll","Dfideliz;Pedro Lotto;WEY",2019-12-06,117850,36,true,8jtopaclkzi6fkcxvnzy3t27q,2022-11-27T02:59:41Z,"trap brasileiro,hip hop brasileiro,trap,trap funk","White Monkey Recordings",0.816,0.533,3,-8.898,0,0.113,0.237,0,0.11,0.414,118.015,4
spotify:track:6fAQeVfTkFzLwPFIZGMOpA,"Hoje Eu Tô Bem","Sou Rock N' Roll","Dfideliz;Gaab;Paiva Prod",2019-12-06,163102,40,true,8jtopaclkzi6fkcxvnzy3t27q,2022-11-27T03:16:12Z,"trap brasileiro,hip hop brasileiro,trap,trap funk,pagode,funk","White Monkey Recordings",0.74,0.685,11,-5.231,0,0.05,0.253,0,0.124,0.205,120.996,4
spotify:track:1BZFtp67yVcQv2uM8FvaZu,"C&R Interlúdio I","Castelos & Ruínas","BK;JXNV$",2016-03-21,134489,0,false,8jtopaclkzi6fkcxvnzy3t27q,2022-12-01T21:47:38Z,"hip hop brasileiro,boom bap,trap brasileiro","Pirâmide Perdida Records",0.576,0.507,9,-7.674,0,0.512,0.693,0.00109,0.123,0.622,190.303,4
spotify:track:6SmZgYXem0UdN5vye7h4r5,"Visão Ampla","Castelos & Ruínas","BK;El Lif Beatz",2016-03-21,195883,1,false,8jtopaclkzi6fkcxvnzy3t27q,2022-12-01T21:56:55Z,"hip hop brasileiro,boom bap,trap brasileiro","Pirâmide Perdida Records",0.694,0.781,7,-4.799,1,0.364,0.192,0.0000281,0.12,0.642,86.857,4
spotify:track:0qIrSkp1n31dZdqOyBFIfW,"Pirâmide","Castelos & Ruínas","BK;JXNV$",2016-03-21,199135,0,false,8jtopaclkzi6fkcxvnzy3t27q,2022-12-01T22:09:43Z,"hip hop brasileiro,boom bap,trap brasileiro","Pirâmide Perdida Records",0.829,0.588,6,-6.212,1,0.339,0.205,0.0000174,0.333,0.451,91.954,4
spotify:track:0PuB4UCd7xlvRcqEIvGLvM,"Não Me Espere","Castelos & Ruínas","BK;Goribeatzz",2016-03-21,250727,1,false,8jtopaclkzi6fkcxvnzy3t27q,2022-12-01T22:19:07Z,"hip hop brasileiro,boom bap,trap brasileiro","Pirâmide Perdida Records",0.686,0.823,5,-4.657,1,0.276,0.39,0.0000368,0.144,0.498,89.833,4
spotify:track:47PieBHqNxpbLZqsDAUCI4,"O Próximo Nascer do Sol","Castelos & Ruínas","BK;JXNV$",2016-03-21,186806,1,false,8jtopaclkzi6fkcxvnzy3t27q,2022-12-02T01:32:33Z,"hip hop brasileiro,boom bap,trap brasileiro","Pirâmide Perdida Records",0.618,0.732,4,-5.594,0,0.374,0.622,0,0.141,0.434,89.843,3
spotify:track:4ESyFOxTunYQhFOtephj8k,"Remédios e Drogas","Ícone","Derek;Sotam",2020-02-13,241768,19,true,8jtopaclkzi6fkcxvnzy3t27q,2022-12-02T03:06:05Z,"trap brasileiro,trap,hip hop brasileiro,trap funk,boom bap","Derek Luccas",0.517,0.503,0,-11.066,1,0.0495,0.811,0.208,0.194,0.0955,106.015,4
spotify:track:2urz4IhD425XxrqX9umuVy,"Me Sinto Sozinho","Ícone","Derek;Lucas Silveira",2020-02-13,206189,20,true,8jtopaclkzi6fkcxvnzy3t27q,2022-12-02T03:09:31Z,"trap brasileiro,trap,hip hop brasileiro,trap funk,rock brasileiro","Derek Luccas",0.722,0.738,9,-6.232,1,0.293,0.446,0,0.368,0.661,96.019,4
spotify:track:0inMM2vnUnuQ4vSVwEX6YC,"Lounge","Ícone","Derek;Dfideliz",2020-02-13,118117,24,true,8jtopaclkzi6fkcxvnzy3t27q,2022-12-02T03:11:51Z,"trap brasileiro,trap,hip hop brasileiro,trap funk","Derek Luccas",0.874,0.769,11,-4.821,1,0.0684,0.47,0,0.11,0.543,123.073,4
spotify:track:5XJf0R0vUkcnefAVtFRtsh,"No Cap","Ícone","Derek;A$AP ANT",2020-02-13,170669,20,true,8jtopaclkzi6fkcxvnzy3t27q,2022-12-02T03:14:36Z,"trap brasileiro,trap,hip hop brasileiro,trap funk,cloud rap","Derek Luccas",0.8,0.726,8,-7.238,1,0.0964,0.36,0.00000263,0.571,0.43,130.072,4
spotify:track:1wecSmpky15Y3OeuXlBynh,"Fé Fé Fé","Ícone","Derek;Jé",2020-02-13,146598,25,true,8jtopaclkzi6fkcxvnzy3t27q,2022-12-02T03:17:49Z,"trap brasileiro,trap,hip hop brasileiro,trap funk","Derek Luccas",0.771,0.747,0,-5.412,0,0.0558,0.386,0.000102,0.329,0.223,114.051,4
spotify:track:2bWitKKwJqjsQN68nhkSiq,"Ferrari, Pt. 2","Ícone","Derek",2020-02-13,176688,25,true,8jtopaclkzi6fkcxvnzy3t27q,2022-12-02T03:20:48Z,"trap brasileiro,trap,hip hop brasileiro,trap funk","Derek Luccas",0.64,0.559,0,-7.023,1,0.0466,0.747,0.000108,0.307,0.249,107.928,4
spotify:track:10QoaVwkMEQPgqq21cw4Iq,"Bandido Artista","Ícone","Derek;MC Igu;Dalsin",2020-02-13,214693,27,true,8jtopaclkzi6fkcxvnzy3t27q,2022-12-02T03:26:41Z,"trap brasileiro,trap,hip hop brasileiro,trap funk,boom bap","Derek Luccas",0.565,0.691,10,-7.402,1,0.415,0.0644,0,0.12,0.411,82.602,4
spotify:track:3lcEVP5beEkAFiFIG5D0QF,"The Town","Kiss Land (Deluxe)","The Weeknd",2013-09-10,307346,51,false,8jtopaclkzi6fkcxvnzy3t27q,2022-12-03T14:32:10Z,"","The Weeknd/Lyric",0.625,0.523,1,-8.227,0,0.0369,0.366,0.00000254,0.0826,0.191,139.964,4
spotify:track:3FvDYk5IC5Um84kK5FbJGR,"Adaptation","Kiss Land (Deluxe)","The Weeknd",2013-09-10,283933,48,false,8jtopaclkzi6fkcxvnzy3t27q,2022-12-03T14:42:39Z,"","The Weeknd/Lyric",0.642,0.792,11,-6.799,0,0.0688,0.159,0.000553,0.305,0.623,114.96,4
spotify:track:4w1dIZxwO83XpKo5wgLhkk,"Belong To The World","Kiss Land (Deluxe)","The Weeknd",2013-09-10,307173,46,false,8jtopaclkzi6fkcxvnzy3t27q,2022-12-03T14:48:27Z,"","The Weeknd/Lyric",0.503,0.858,5,-6.27,0,0.0578,0.00392,0,0.119,0.361,121.007,4
spotify:track:4ER9305DBAmJqj2P96TfBr,"Live For","Kiss Land (Deluxe)","The Weeknd;Drake",2013-09-10,222666,45,true,8jtopaclkzi6fkcxvnzy3t27q,2022-12-03T14:57:27Z,"rap","The Weeknd/Lyric",0.624,0.68,0,-7.64,1,0.112,0.517,0,0.114,0.227,75.983,4
spotify:track:5OmX5lXxZ5sQgPuSHDn293,"Wanderlust","Kiss Land (Deluxe)","The Weeknd",2013-09-10,306773,50,false,8jtopaclkzi6fkcxvnzy3t27q,2022-12-03T15:03:08Z,"","The Weeknd/Lyric",0.637,0.652,1,-5.237,0,0.0435,0.0664,0.177,0.0714,0.0725,115.923,4
spotify:track:5FUn6vN4PDHXxqnb5LQhJQ,"Kiss Land","Kiss Land (Deluxe)","The Weeknd",2013-09-10,455333,59,true,8jtopaclkzi6fkcxvnzy3t27q,2022-12-03T15:08:13Z,"","The Weeknd/Lyric",0.324,0.852,11,-6.675,0,0.109,0.0415,0,0.0609,0.4,121.886,4
spotify:track:3ZhnXFSunfOPWSqfLLQA9W,"Pretty","Kiss Land (Deluxe)","The Weeknd",2013-09-10,375400,46,true,8jtopaclkzi6fkcxvnzy3t27q,2022-12-03T16:24:48Z,"","The Weeknd/Lyric",0.571,0.685,11,-6.829,0,0.0397,0.0355,0.0000343,0.315,0.328,126.044,4
spotify:track:7FeSiBUEyqxlKvjGbfwKku,"Tears In The Rain","Kiss Land (Deluxe)","The Weeknd",2013-09-10,444653,50,false,8jtopaclkzi6fkcxvnzy3t27q,2022-12-03T16:26:19Z,"","The Weeknd/Lyric",0.655,0.636,1,-7.841,1,0.0452,0.109,0.23,0.0842,0.191,160.01,4
spotify:track:3WQJYn3CIvy7CDLdwq18zi,"1010","O MENINO QUE QUERIA SER DEUS","Djonga;Coyote Beatz",2018-03-16,237789,0,false,8jtopaclkzi6fkcxvnzy3t27q,2022-12-03T18:03:37Z,"hip hop brasileiro,boom bap,trap brasileiro","Ceia",0.654,0.827,2,-5.39,1,0.498,0.455,0,0.0894,0.508,129.701,4
spotify:track:5MjB4phpJsKhm8yCXdTIDN,"SOLTO","O MENINO QUE QUERIA SER DEUS","Djonga;Hot;Coyote Beatz",2018-03-16,219178,8,false,8jtopaclkzi6fkcxvnzy3t27q,2022-12-04T03:01:18Z,"hip hop brasileiro,boom bap,trap brasileiro","Ceia",0.69,0.732,6,-3.562,0,0.37,0.225,0,0.124,0.92,171.964,4
spotify:track:660jt1ifpZZJK6j4g9GX0Q,"CORRA","O MENINO QUE QUERIA SER DEUS","Djonga;Coyote Beatz;Paige",2018-03-16,219466,3,false,8jtopaclkzi6fkcxvnzy3t27q,2022-12-04T03:02:22Z,"hip hop brasileiro,boom bap,trap brasileiro","Ceia",0.63,0.566,7,-5.776,1,0.211,0.256,0,0.101,0.255,80.314,4
spotify:track:16OuDZsWmdLr4w97edKyJ6,"ESTOURO","O MENINO QUE QUERIA SER DEUS","Djonga;Coyote Beatz;Karol Conká",2018-03-16,211829,0,false,8jtopaclkzi6fkcxvnzy3t27q,2022-12-04T03:02:42Z,"hip hop brasileiro,boom bap,trap brasileiro,pop nacional","Ceia",0.762,0.777,10,-4.573,0,0.385,0.378,0,0.336,0.547,129.823,4
spotify:track:2YskSejLUmb5lvghVyTdsa,"ETERNO - Remake","O MENINO QUE QUERIA SER DEUS","Djonga;Coyote Beatz",2018-03-16,226389,0,false,8jtopaclkzi6fkcxvnzy3t27q,2022-12-04T03:02:49Z,"hip hop brasileiro,boom bap,trap brasileiro","Ceia",0.625,0.775,3,-4.644,0,0.335,0.179,0,0.488,0.322,69.633,5
spotify:track:2Hd7uGbl8PX0IxyX59VFOg,"The Beach","TAKE TIME","GIVĒON",2020-03-27,205663,72,false,8jtopaclkzi6fkcxvnzy3t27q,2022-12-04T03:10:16Z,"r&b","Epic/Not So Fast",0.649,0.509,3,-9.502,0,0.0659,0.181,0.000655,0.932,0.223,99.813,4
spotify:track:51Ful1v7b81FchIFFTAQ05,"World We Created","TAKE TIME","GIVĒON",2020-03-27,193466,61,false,8jtopaclkzi6fkcxvnzy3t27q,2022-12-04T03:15:17Z,"r&b","Epic/Not So Fast",0.589,0.507,0,-7.085,1,0.0661,0.271,0,0.335,0.33,144.137,4
spotify:track:4rHIfYRQw6ittRQXAlurk0,"Favorite Mistake","TAKE TIME","GIVĒON",2020-03-27,172907,64,false,8jtopaclkzi6fkcxvnzy3t27q,2022-12-04T03:19:27Z,"r&b","Epic/Not So Fast",0.535,0.409,7,-9.517,0,0.0855,0.777,0,0.129,0.138,170.123,4
spotify:track:3FAJ6O0NOHQV8Mc5Ri6ENp,"Heartbreak Anniversary","TAKE TIME","GIVĒON",2020-03-27,198371,79,false,8jtopaclkzi6fkcxvnzy3t27q,2022-12-04T03:27:38Z,"r&b","Epic/Not So Fast",0.449,0.465,0,-8.964,1,0.0791,0.524,0.00000102,0.303,0.543,89.087,3
spotify:track:6qBFSepqLCuh5tehehc1bd,"Like I Want You","TAKE TIME","GIVĒON",2020-03-27,260776,79,false,8jtopaclkzi6fkcxvnzy3t27q,2022-12-04T03:32:20Z,"r&b","Epic/Not So Fast",0.678,0.355,10,-7.757,0,0.0627,0.759,0.0000706,0.114,0.438,119.772,3
spotify:track:2aF1GZKxTCgGzUqmTppyUM,"Intro","Rap dos Novos Bandidos","Sant;LP Beatzz",2021-10-14,69084,0,true,8jtopaclkzi6fkcxvnzy3t27q,2022-12-04T18:18:23Z,"hip hop brasileiro,boom bap","Sant",0.728,0.722,8,-4.956,0,0.243,0.529,0.00156,0.564,0.961,126.092,4
spotify:track:6HSx2nxBFMXatkZxMRhdfm,"Prantos","Rap dos Novos Bandidos","Sant;LP Beatzz",2021-10-14,127714,0,true,8jtopaclkzi6fkcxvnzy3t27q,2022-12-04T18:19:51Z,"hip hop brasileiro,boom bap","Sant",0.895,0.58,6,-9.556,1,0.307,0.217,0.0013,0.197,0.582,140.038,4
spotify:track:72BLgAUeyFgAX8T033l8Wv,"Puxa o Gatilho Primeiro","Rap dos Novos Bandidos","Sant;LP Beatzz",2021-10-14,91682,0,true,8jtopaclkzi6fkcxvnzy3t27q,2022-12-04T18:21:05Z,"hip hop brasileiro,boom bap","Sant",0.771,0.471,2,-7.857,1,0.271,0.205,0.00000128,0.402,0.518,138.904,4
spotify:track:0bzamqO2m3hYJ9fp53RfDf,"Do Falcão","Rap dos Novos Bandidos","Sant;LP Beatzz",2021-10-14,108719,0,true,8jtopaclkzi6fkcxvnzy3t27q,2022-12-04T18:30:23Z,"hip hop brasileiro,boom bap","Sant",0.832,0.473,9,-9.588,1,0.217,0.398,0.0016,0.144,0.306,123.916,4
spotify:track:1Z1s0dee8Mzh5aVrD4nz5S,"Gestão","Rap dos Novos Bandidos","Sant;LP Beatzz",2021-10-14,222420,0,true,8jtopaclkzi6fkcxvnzy3t27q,2022-12-04T18:35:47Z,"hip hop brasileiro,boom bap","Sant",0.648,0.495,6,-6.629,0,0.306,0.0814,0.00655,0.123,0.521,126.498,5
spotify:track:5pR3zRLe6o0NqHKWmcwWyN,"Pertence ao Crime","Rap dos Novos Bandidos","Sant;LP Beatzz",2021-10-14,165797,0,true,8jtopaclkzi6fkcxvnzy3t27q,2022-12-04T18:38:27Z,"hip hop brasileiro,boom bap","Sant",0.868,0.386,10,-12.354,0,0.288,0.333,0.0136,0.0804,0.114,123.014,4
spotify:track:4x96ZVUti5pKCpiImokxB4,"AQL SLV","Rap dos Novos Bandidos","Sant;LP Beatzz;SD9;VND;Tiago Mac",2021-10-14,295672,0,true,8jtopaclkzi6fkcxvnzy3t27q,2022-12-04T18:45:48Z,"hip hop brasileiro,boom bap,grime,drill","Sant",0.852,0.53,4,-7.411,0,0.238,0.497,0,0.0836,0.698,138.045,4
spotify:track:09WdBiVA9nKkZlT0J8ZQ7r,"Aliens","Além dos Satélites: Missão Renova","Duzz;Rod Rizz;Thai Flow",2021-11-30,269444,31,true,8jtopaclkzi6fkcxvnzy3t27q,2022-12-04T18:59:18Z,"trap brasileiro,hip hop brasileiro,trap,rap de anime,boom bap","Duzz",0.952,0.558,11,-9.342,0,0.12,0.433,0,0.0896,0.384,109.957,4
spotify:track:7oF2kecK1EqF3dntQp9l0v,"Desisto de Mim","Além dos Satélites: Missão Renova","Duzz",2021-11-30,161239,25,true,8jtopaclkzi6fkcxvnzy3t27q,2022-12-04T19:06:21Z,"trap brasileiro,hip hop brasileiro,trap","Duzz",0.705,0.659,9,-9.462,1,0.0355,0.0722,0.0000216,0.199,0.102,119.958,4
spotify:track:64bHKTYYY7CKUU2P2BIlqW,"Outono","Além dos Satélites: Missão Renova","Duzz;Kweller",2021-11-30,173499,26,true,8jtopaclkzi6fkcxvnzy3t27q,2022-12-04T19:09:33Z,"trap brasileiro,hip hop brasileiro,trap","Duzz",0.792,0.532,2,-8.687,1,0.0311,0.783,0,0.113,0.618,129.968,4
spotify:track:730O3aaMIixTgQhCz3P8Tg,"Flores Mortas","Além dos Satélites: Missão Renova","Duzz;kamaitachi;Rodrigo Zin",2021-11-30,240001,38,true,8jtopaclkzi6fkcxvnzy3t27q,2022-12-04T19:14:00Z,"trap brasileiro,hip hop brasileiro,trap,rap de anime","Duzz",0.796,0.558,0,-6.688,0,0.0744,0.755,0,0.11,0.456,89.98,4
spotify:track:4D3bPYkvtHHZW2cBavfZlB,"Scarface","Além dos Satélites: Missão Renova","Duzz",2021-11-30,171666,31,true,8jtopaclkzi6fkcxvnzy3t27q,2022-12-04T19:22:39Z,"trap brasileiro,hip hop brasileiro,trap","Duzz",0.684,0.402,9,-10.558,0,0.164,0.195,0.00000268,0.1,0.247,179.974,4
spotify:track:6mJBRoSG1bG8CaUl9vdKUh,"Ciclo","Além dos Satélites: Missão Renova","Duzz;Kant",2021-11-30,197647,25,true,8jtopaclkzi6fkcxvnzy3t27q,2022-12-04T19:25:41Z,"trap brasileiro,hip hop brasileiro,trap,trap funk","Duzz",0.913,0.537,3,-9.07,0,0.126,0.534,0,0.0996,0.489,135.969,4
spotify:track:4YoWlj8iaC4NtCyBwcZPec,"Sentença","Além dos Satélites: Missão Renova","Duzz;Klyn",2021-11-30,186697,23,true,8jtopaclkzi6fkcxvnzy3t27q,2022-12-04T19:33:51Z,"trap brasileiro,hip hop brasileiro,trap","Duzz",0.618,0.58,5,-9.156,0,0.152,0.0184,0,0.229,0.0373,136.862,4
spotify:track:79WVcQDpoeeHryMZJhXoSh,"Nunca Viram Xhottvs","Além dos Satélites: Missão Renova","Duzz;Sos",2021-11-30,231015,25,true,8jtopaclkzi6fkcxvnzy3t27q,2022-12-04T19:38:30Z,"trap brasileiro,hip hop brasileiro,trap","Duzz",0.821,0.575,5,-8.07,0,0.0643,0.0314,0,0.111,0.776,159.993,4
spotify:track:1plSDrYIpmTu9QQVAYbEEj,"100R$","Além dos Satélites: Missão Renova","Duzz;Ecologyk;Baco Exu do Blues",2021-11-30,178285,23,true,8jtopaclkzi6fkcxvnzy3t27q,2022-12-04T19:42:48Z,"trap brasileiro,hip hop brasileiro,trap","Duzz",0.475,0.618,8,-10.348,0,0.388,0.232,0.000434,0.108,0.421,62.891,4
spotify:track:06HlHWnLXo55pweIrEcqR8,"Bitcoins","Além dos Satélites: Missão Renova","Duzz;Sueth;Sos",2021-11-30,245172,23,true,8jtopaclkzi6fkcxvnzy3t27q,2022-12-04T19:50:12Z,"trap brasileiro,hip hop brasileiro,trap,trap funk","Duzz",0.83,0.487,1,-8.669,0,0.39,0.171,0,0.172,0.465,145.008,4
spotify:track:2j5OJvnVFDDGUi5KK9RvVV,"Vizinha Vish","Além dos Satélites: Missão Renova","Duzz;Sobs;Mc Pedrinho",2021-11-30,218235,19,true,8jtopaclkzi6fkcxvnzy3t27q,2022-12-04T23:28:09Z,"trap brasileiro,hip hop brasileiro,trap,trap funk,funk","Duzz",0.755,0.58,11,-7.848,0,0.136,0.221,0,0.707,0.543,102.005,4
spotify:track:7bFNJWl7gOu6rlEN82uP6c,"Filme","Além dos Satélites: Missão Renova","Duzz;OkGucciBoy;Geho",2021-11-30,225000,20,true,8jtopaclkzi6fkcxvnzy3t27q,2022-12-04T23:33:20Z,"trap brasileiro,hip hop brasileiro,trap","Duzz",0.831,0.553,1,-8.876,1,0.0854,0.0846,0,0.111,0.14,99.935,4
spotify:track:2f890KojcQGbMvT5dLqdNw,"Owyeah","Além dos Satélites: Missão Renova","Duzz;Tasha & Tracie",2021-11-30,204260,26,true,8jtopaclkzi6fkcxvnzy3t27q,2022-12-04T23:36:41Z,"trap brasileiro,hip hop brasileiro,trap","Duzz",0.729,0.59,6,-10.291,1,0.38,0.263,0,0.136,0.764,172.694,5
spotify:track:5NzMNxf9hNo7RP4VH08oEG,"Lâmpadas","Além dos Satélites: Missão Renova","Duzz;Ecologyk;Samantha Machado",2021-11-30,189714,23,true,8jtopaclkzi6fkcxvnzy3t27q,2022-12-04T23:39:41Z,"trap brasileiro,hip hop brasileiro,trap,eletronic,brazilian bass","Duzz",0.679,0.691,8,-8.166,0,0.0305,0.539,0,0.295,0.486,104.988,4
spotify:track:0xCItkHzeBlE19tUIs6m5N,"Missão Tom Cruise","Além dos Satélites: Missão Renova","Duzz;Kweller",2021-11-30,167923,26,true,8jtopaclkzi6fkcxvnzy3t27q,2022-12-04T23:41:19Z,"trap brasileiro,hip hop brasileiro,trap","Duzz",0.733,0.67,11,-5.543,1,0.0905,0.0828,0,0.15,0.751,156.019,4
spotify:track:2pb6VcMKQcvp6SSperMbu0,"Veneza","Além dos Satélites: Missão Renova","Duzz;Froid;Dalua;MATHINVOKER",2021-11-30,284862,29,true,8jtopaclkzi6fkcxvnzy3t27q,2022-12-04T23:53:41Z,"trap brasileiro,hip hop brasileiro,trap,boom bap,trap funk","Duzz",0.856,0.464,10,-7.035,0,0.164,0.692,0,0.0918,0.548,109.951,4
spotify:track:7bXQImbAJzi0ivSjQDZdp2,"Olhos","Além dos Satélites: Missão Renova","Duzz;JD On Tha Track",2021-11-30,210883,25,true,8jtopaclkzi6fkcxvnzy3t27q,2022-12-05T00:02:23Z,"trap brasileiro,hip hop brasileiro,trap","Duzz",0.743,0.675,11,-7.265,0,0.0359,0.146,0,0.209,0.598,140.002,4
spotify:track:67vrmPygrZ9giGqHUSReAT,"Accordion","Madvillainy","Madvillain;Madlib;MF DOOM",2004-03-24,118853,61,true,8jtopaclkzi6fkcxvnzy3t27q,2022-12-12T22:15:06Z,"rap experimental,hip hop alternativo,jazz rap,plunderphonics,east coast hip hop","Stones Throw Records",0.578,0.631,9,-6.518,0,0.309,0.0243,0,0.0665,0.716,96.332,4
spotify:track:4WM1hvYr2NC6bQnQXcj3sH,"Meat Grinder","Madvillainy","Madvillain;Madlib;MF DOOM",2004-03-24,131866,64,true,8jtopaclkzi6fkcxvnzy3t27q,2022-12-12T22:18:02Z,"rap experimental,hip hop alternativo,jazz rap,plunderphonics,east coast hip hop","Stones Throw Records",0.571,0.717,6,-8.333,1,0.336,0.359,0.00000312,0.797,0.881,87.54,4
spotify:track:1QmVaiJKcXUMMBfd1fonI0,"America's Most Blunted (feat. Quasimoto)","Madvillainy","Madvillain;Madlib;MF DOOM;Quasimoto",2004-03-24,234040,53,true,8jtopaclkzi6fkcxvnzy3t27q,2022-12-12T22:24:13Z,"rap experimental,hip hop alternativo,jazz rap,plunderphonics,east coast hip hop,hip hop underground","Stones Throw Records",0.624,0.896,9,-7.915,1,0.47,0.349,0,0.969,0.652,95.97,4
spotify:track:0V3nTTKA24XKCayp8igU4l,"Curls","Madvillainy","Madvillain;Madlib;MF DOOM",2004-03-24,95506,56,false,8jtopaclkzi6fkcxvnzy3t27q,2022-12-12T22:34:18Z,"rap experimental,hip hop alternativo,jazz rap,plunderphonics,east coast hip hop","Stones Throw Records",0.533,0.724,7,-8.954,0,0.311,0.275,0.00000459,0.118,0.504,89.862,4
spotify:track:7oFiFPltiQTBqVutyiSwvE,"Figaro","Madvillainy","Madvillain;Madlib;MF DOOM",2004-03-24,145706,60,true,8jtopaclkzi6fkcxvnzy3t27q,2022-12-14T16:03:39Z,"rap experimental,hip hop alternativo,jazz rap,plunderphonics,east coast hip hop","Stones Throw Records",0.836,0.812,2,-6.985,1,0.215,0.188,0.00000182,0.0982,0.769,92.009,4
spotify:track:43u5j2bJ6E9nZV3PbPAoAe,"Hardcore Hustle (feat. Wildchild)","Madvillainy","Madvillain;Madlib;MF DOOM;Wildchild",2004-03-24,81920,47,true,8jtopaclkzi6fkcxvnzy3t27q,2022-12-14T16:05:01Z,"rap experimental,hip hop alternativo,jazz rap,plunderphonics,east coast hip hop","Stones Throw Records",0.578,0.84,10,-7.435,0,0.345,0.482,0,0.48,0.529,95.565,4
spotify:track:7BQWkQjZ4RmzCehucHJmt3,"Eye (feat. Stacy Epps)","Madvillainy","Madvillain;Madlib;MF DOOM;Stacy Epps",2004-03-24,117773,52,false,8jtopaclkzi6fkcxvnzy3t27q,2022-12-14T16:09:59Z,"rap experimental,hip hop alternativo,jazz rap,plunderphonics,east coast hip hop","Stones Throw Records",0.408,0.529,10,-9.503,0,0.497,0.093,0.0317,0.231,0.604,187.424,4
spotify:track:21O0XXPEWPtePt5RMY93Ob,"All Caps","Madvillainy","Madvillain;Madlib;MF DOOM",2004-03-24,130479,71,true,8jtopaclkzi6fkcxvnzy3t27q,2022-12-14T16:13:47Z,"rap experimental,hip hop alternativo,jazz rap,plunderphonics,east coast hip hop","Stones Throw Records",0.358,0.889,1,-8.045,1,0.335,0.266,0.0000146,0.172,0.666,85.61,4
spotify:track:2teH8BAM9q2oSmBre5hiQM,"Great Day","Madvillainy","Madvillain;Madlib;MF DOOM",2004-03-24,136920,53,false,8jtopaclkzi6fkcxvnzy3t27q,2022-12-14T16:16:07Z,"rap experimental,hip hop alternativo,jazz rap,plunderphonics,east coast hip hop","Stones Throw Records",0.428,0.69,11,-8.205,0,0.119,0.686,0.000127,0.498,0.688,86.163,4
spotify:track:1IM5em8ceA9Ukorn9xf19w,"Rhinestone Cowboy","Madvillainy","Madvillain;Madlib;MF DOOM",2004-03-24,239826,53,true,8jtopaclkzi6fkcxvnzy3t27q,2022-12-14T16:18:33Z,"rap experimental,hip hop alternativo,jazz rap,plunderphonics,east coast hip hop","Stones Throw Records",0.31,0.692,0,-7.227,1,0.249,0.298,0.00158,0.321,0.404,142.388,3
spotify:track:6ujdLuZXkyp4yKOZSE64nM,"pink panties","The Melodic Blue (Deluxe)","Baby Keem",2022-10-28,163508,46,true,8jtopaclkzi6fkcxvnzy3t27q,2022-12-27T10:53:39Z,"","pgLang/Columbia",0.653,0.547,8,-6.324,1,0.171,0.00898,0,0.116,0.248,93.631,4
spotify:track:4b9IYvyeGOy5xRdbJhKL4j,"issues","The Melodic Blue (Deluxe)","Baby Keem",2022-10-28,219813,46,true,8jtopaclkzi6fkcxvnzy3t27q,2022-12-27T11:05:22Z,"","pgLang/Columbia",0.832,0.541,3,-8.324,0,0.0684,0.568,0.00118,0.111,0.233,131.994,4
spotify:track:4K70ll19WPq5cIpCG1zuCy,"south africa","The Melodic Blue (Deluxe)","Baby Keem",2022-10-28,174502,44,true,8jtopaclkzi6fkcxvnzy3t27q,2022-12-27T11:10:26Z,"","pgLang/Columbia",0.924,0.459,5,-6.203,1,0.0541,0.00701,0,0.139,0.548,117.857,4
spotify:track:6hBBbDwrZijEoI5D790ojD,"lost souls","The Melodic Blue (Deluxe)","Baby Keem",2022-10-28,269727,45,true,8jtopaclkzi6fkcxvnzy3t27q,2022-12-27T11:15:22Z,"","pgLang/Columbia",0.736,0.307,1,-8.346,0,0.431,0.42,0.000132,0.153,0.203,170.022,4
spotify:track:7r0eNlqQs7QpWfG2zQuVC4,"cocoa (with Don Toliver)","The Melodic Blue (Deluxe)","Baby Keem;Don Toliver",2022-10-28,229608,46,true,8jtopaclkzi6fkcxvnzy3t27q,2022-12-27T11:18:14Z,"","pgLang/Columbia",0.822,0.696,4,-5.8,0,0.117,0.0415,0,0.0801,0.568,153.988,4
spotify:track:1Kmkp970rVmzoQLJfOvkYo,"scars","The Melodic Blue (Deluxe)","Baby Keem",2022-10-28,266010,46,true,8jtopaclkzi6fkcxvnzy3t27q,2022-12-27T11:25:44Z,"","pgLang/Columbia",0.75,0.696,10,-6.685,0,0.0425,0.246,0.0000466,0.122,0.386,124.005,4
spotify:track:5zEsv2Uz9r7J5pGpCRdeTx,"hooligan","The Melodic Blue (Deluxe)","Baby Keem",2022-10-28,156774,61,true,8jtopaclkzi6fkcxvnzy3t27q,2022-12-27T16:15:09Z,"","pgLang/Columbia",0.602,0.701,5,-5.604,0,0.09,0.263,0.00000102,0.112,0.375,124.033,4
spotify:track:1ivTl05rU3ATT3F4Uu3gea,"no sense","The Melodic Blue (Deluxe)","Baby Keem",2022-10-28,173333,56,true,8jtopaclkzi6fkcxvnzy3t27q,2022-12-27T16:18:26Z,"","pgLang/Columbia",0.755,0.524,0,-7.925,0,0.508,0.515,0.0101,0.15,0.867,180.013,4
spotify:track:3eI3GbmhTl5iVqobDHPtBZ,"vent","The Melodic Blue (Deluxe)","Baby Keem",2022-10-28,136572,46,true,8jtopaclkzi6fkcxvnzy3t27q,2022-12-27T16:20:22Z,"","pgLang/Columbia",0.898,0.377,9,-5.491,1,0.0912,0.0134,0.00000224,0.115,0.272,113.881,4
spotify:track:2DYb8YmLv3bOUYokRT8KjJ,"16","The Melodic Blue (Deluxe)","Baby Keem",2022-10-28,156040,49,true,8jtopaclkzi6fkcxvnzy3t27q,2022-12-27T16:23:36Z,"","pgLang/Columbia",0.703,0.78,1,-4.987,1,0.139,0.0913,0.00000185,0.124,0.567,94.028,4
spotify:track:754hhnczVNu3ibRaoAcujX,"killstreaks (with Don Toliver & PinkPantheress)","The Melodic Blue (Deluxe)","Baby Keem;Don Toliver;PinkPantheress",2022-10-28,215679,57,true,8jtopaclkzi6fkcxvnzy3t27q,2022-12-27T16:29:12Z,"bedroom pop","pgLang/Columbia",0.777,0.574,4,-5.565,0,0.0386,0.0542,0.0000187,0.155,0.0603,108.003,4
spotify:track:4y956Vqc68NtoH6Xpy91X2,"Balão 2","Vida Cara","Orochi;Kizzy;TkN;Luchinha Jr",2023-01-09,252173,57,true,8jtopaclkzi6fkcxvnzy3t27q,2023-01-10T10:44:22Z,"trap brasileiro,hip hop brasileiro,trap funk,trap","Mainstreet Records",0.571,0.666,1,-5.61,0,0.0529,0.18,0,0.112,0.302,137.734,4
spotify:track:3AdKHZtW6IapFJRgYmBTgv,"Criminal","Vida Cara","Orochi;Baco Exu do Blues;Djonga;Galdino;RUXN",2023-01-09,288000,46,true,8jtopaclkzi6fkcxvnzy3t27q,2023-01-10T10:55:05Z,"trap brasileiro,hip hop brasileiro,trap funk,trap,boom bap","Mainstreet Records",0.522,0.709,5,-5.474,0,0.2,0.21,0,0.0993,0.512,120.225,4
spotify:track:1zioySGQhaje7vzdTihgmf,"City Of God","Vida Cara","Orochi;Trippie Redd;Ajaxx;Pugli;Galdino",2023-01-09,171549,43,true,8jtopaclkzi6fkcxvnzy3t27q,2023-01-10T11:07:50Z,"trap brasileiro,hip hop brasileiro,trap funk,trap,rap melódico","Mainstreet Records",0.657,0.783,2,-3.546,1,0.25,0.158,0,0.133,0.326,139.729,4
spotify:track:2PwxSh4DECcdJyUuMkAovC,"Droga e Festa","Vida Cara","Orochi;Dfideliz;Caio Luccas;TkN;RUXN",2023-01-09,194198,49,true,8jtopaclkzi6fkcxvnzy3t27q,2023-01-10T11:18:50Z,"trap brasileiro,hip hop brasileiro,trap funk,trap","Mainstreet Records",0.717,0.592,9,-7.019,0,0.0949,0.292,0,0.0962,0.269,130.976,4
spotify:track:3CwSGsw1rxv3WsUI3X95ch,"Lugar na mesa","ICARUS","BK;L7NNON;JXNV$;Gigantes",2022-11-17,179488,1,false,8jtopaclkzi6fkcxvnzy3t27q,2023-01-23T01:11:56Z,"hip hop brasileiro,boom bap,trap brasileiro,trap funk,trap,funk carioca","Gigantes",0.808,0.588,8,-4.916,1,0.0581,0.0426,0.000685,0.136,0.111,124.994,4
spotify:track:1L1yQkU69NiYAC2oFqft90,"Continuação de um sonho","ICARUS","BK;JXNV$;Gigantes",2022-11-17,205690,5,true,8jtopaclkzi6fkcxvnzy3t27q,2023-01-23T01:12:01Z,"hip hop brasileiro,boom bap,trap brasileiro","Gigantes",0.697,0.682,0,-5.037,1,0.253,0.603,0,0.0802,0.377,91.03,4
spotify:track:2ujXYrpsgLUTt4683dBItA,"Tudo mudou e nada mudou","ICARUS","BK;JXNV$;Gigantes",2022-11-17,197120,1,false,8jtopaclkzi6fkcxvnzy3t27q,2023-01-23T01:12:08Z,"hip hop brasileiro,boom bap,trap brasileiro","Gigantes",0.639,0.695,7,-6.594,0,0.0566,0.118,0.0000856,0.112,0.229,140.003,4
spotify:track:6B9jl8ZF7qlrfioQOULLRF,"Foto armado","ICARUS","BK;Major RD;JXNV$;Gigantes",2022-11-17,144542,1,false,8jtopaclkzi6fkcxvnzy3t27q,2023-01-23T01:12:12Z,"hip hop brasileiro,boom bap,trap brasileiro,trap,trap funk","Gigantes",0.697,0.811,1,-5.157,1,0.298,0.297,0,0.0925,0.391,95.321,4
spotify:track:31ySVMbs7U8LOuy7w4McR9,"Só me ligar","ICARUS","BK;Julia Mestre;Sango;Gigantes",2022-11-17,193697,9,false,8jtopaclkzi6fkcxvnzy3t27q,2023-01-23T01:12:16Z,"hip hop brasileiro,boom bap,trap brasileiro,nova mpb","Gigantes",0.809,0.483,4,-5.972,0,0.0945,0.62,0.0000334,0.107,0.561,140.008,4
spotify:track:1CebYLBrQmCnib7ppAbaP8,"Luta e lucro","ICARUS","BK;JXNV$;Gigantes",2022-11-17,192085,1,false,8jtopaclkzi6fkcxvnzy3t27q,2023-01-23T01:12:21Z,"hip hop brasileiro,boom bap,trap brasileiro","Gigantes",0.514,0.66,0,-6.878,1,0.369,0.133,0.000113,0.146,0.218,81.828,5
spotify:track:34A67HYwwe91CyLaNVQ6JG,"Em nome do que sinto","ICARUS","BK;Bebé;Sango;Gigantes",2022-11-17,206378,2,false,8jtopaclkzi6fkcxvnzy3t27q,2023-01-23T01:12:24Z,"hip hop brasileiro,boom bap,trap brasileiro","Gigantes",0.462,0.686,10,-6.395,0,0.368,0.696,0,0.144,0.639,78.646,4
spotify:track:6RgXU5moRK2kNovhLQV0Yq,"Músicas de amor nunca mais","ICARUS","BK;Luccas Carlos;Nansy Silvvz;Gigantes",2022-11-17,202899,11,false,8jtopaclkzi6fkcxvnzy3t27q,2023-01-23T01:12:27Z,"hip hop brasileiro,boom bap,trap brasileiro,pop nacional","Gigantes",0.725,0.585,5,-5.675,0,0.109,0.244,0,0.11,0.409,113.151,5
spotify:track:4oeaIftdpT3JuZLcCkKmVE,"False Alarm","Starboy","The Weeknd",2016-11-25,220306,65,false,8jtopaclkzi6fkcxvnzy3t27q,2023-02-07T11:02:45Z,"","The Weeknd/Lyric",0.517,0.677,8,-6.373,0,0.0746,0.0324,0.0000337,0.189,0.192,173.978,4
spotify:track:00NAQYOP4AmWR549nnYJZu,"Secrets","Starboy","The Weeknd",2016-11-25,265600,67,false,8jtopaclkzi6fkcxvnzy3t27q,2023-02-07T11:15:03Z,"","The Weeknd/Lyric",0.664,0.771,0,-5.779,1,0.0533,0.0155,0.0000096,0.46,0.763,109.949,4
spotify:track:27BgDmciSjoxTG0almHTpZ,"Love To Lay","Starboy","The Weeknd",2016-11-25,223293,61,false,8jtopaclkzi6fkcxvnzy3t27q,2023-02-07T11:30:40Z,"","The Weeknd/Lyric",0.711,0.807,7,-5.052,0,0.0608,0.052,0,0.214,0.698,116.971,4
spotify:track:5Pdxr5nCZ7tbwUkJxHh2Or,"PRESENÇA VIP 2","Trap The Fato","Derek;Raffa Moreira;MC Igu;Jay Kay;TTF",2022-12-08,276224,39,true,8jtopaclkzi6fkcxvnzy3t27q,2023-05-04T16:09:45Z,"trap brasileiro,trap,hip hop brasileiro,trap funk","Derek",0.768,0.676,9,-6.705,1,0.183,0.00192,0.00000348,0.21,0.248,147.075,4
spotify:track:3caB4QzPmZnPxqCqyV4Xrt,"TRAP THE FATO NÓIS FEZ EM 5","Trap The Fato","Derek;Tchelo;Mattyahu;retroboy;TTF",2022-12-08,260656,44,true,8jtopaclkzi6fkcxvnzy3t27q,2023-05-04T16:09:50Z,"trap brasileiro,trap,hip hop brasileiro,trap funk","Derek",0.846,0.671,11,-3.7,0,0.237,0.0672,0,0.286,0.708,143.022,4
spotify:track:4wUCxzI3ou8a6hxOgDQ9zW,"ESSA VADIA ME ESTIGA","Trap The Fato","Derek;retroboy;TTF",2022-12-08,192240,49,true,8jtopaclkzi6fkcxvnzy3t27q,2023-05-04T16:09:55Z,"trap brasileiro,trap,hip hop brasileiro,trap funk","Derek",0.912,0.419,1,-6.891,1,0.144,0.234,0,0.126,0.174,121.961,4
spotify:track:1uu28Lfdt5B5JBvvKWV5qq,"NÓIS TA FORGANO","Trap The Fato","Derek;Kyan;Celo1st;Neckklace;TTF",2022-12-08,164892,53,true,8jtopaclkzi6fkcxvnzy3t27q,2023-05-04T16:09:59Z,"trap brasileiro,trap,hip hop brasileiro,trap funk","Derek",0.793,0.708,0,-4.708,0,0.188,0.13,0,0.121,0.258,139.999,4
spotify:track:0lTB6yrGZpsoD7LXYL4Q50,"TUDO FREE","Trap The Fato","Derek;Celo1st;TTF",2022-12-08,174222,36,true,8jtopaclkzi6fkcxvnzy3t27q,2023-05-04T16:10:07Z,"trap brasileiro,trap,hip hop brasileiro,trap funk","Derek",0.856,0.509,10,-7.218,1,0.0505,0.384,0,0.103,0.62,135.004,4
spotify:track:324wgKqxmlBvkoZbooIo6N,"DE JET NO PORSHE","Trap The Fato","Derek;Tchelo;retroboy;TTF",2022-12-08,197818,38,true,8jtopaclkzi6fkcxvnzy3t27q,2023-05-04T16:10:11Z,"trap brasileiro,trap,hip hop brasileiro,trap funk","Derek",0.74,0.815,2,-4.572,1,0.241,0.181,0,0.192,0.467,145.005,4
spotify:track:77E2yxzMXqIdZ2hUyCwAeq,"BATEU, FUDEU","Trap The Fato","Derek;Lil Fire 666;Neckklace;Slanderr;TTF",2022-12-08,126641,38,true,8jtopaclkzi6fkcxvnzy3t27q,2023-05-04T16:10:16Z,"trap brasileiro,trap,hip hop brasileiro,trap funk","Derek",0.766,0.493,8,-6.075,1,0.354,0.328,0.00000115,0.148,0.349,76.492,4
spotify:track:4J53px209KDQCnsQTEsMJO,"TRAP THE FATO","Trap The Fato","Derek;Leviano;Brandão85;éoTGL;TTF",2022-12-08,216329,54,true,8jtopaclkzi6fkcxvnzy3t27q,2023-05-04T16:10:29Z,"trap brasileiro,trap,hip hop brasileiro,trap funk","Derek",0.785,0.471,11,-9.856,1,0.377,0.081,0,0.441,0.473,136.932,4
spotify:track:2vSPKk5slzaLidS7iFk4Wc,"ENERGY","Trap The Fato","Derek;retroboy;TTF",2022-12-08,256396,38,true,8jtopaclkzi6fkcxvnzy3t27q,2023-05-04T16:10:33Z,"trap brasileiro,trap,hip hop brasileiro,trap funk","Derek",0.611,0.785,9,-4.062,0,0.0321,0.0736,0,0.424,0.266,131.983,4
spotify:track:3If4E7IHtcn8FENV0DxsZs,"R.I.P VON","Trap The Fato","Derek;Big Rush;TTF",2022-12-08,247816,33,true,8jtopaclkzi6fkcxvnzy3t27q,2023-05-04T16:10:38Z,"trap brasileiro,trap,hip hop brasileiro,trap funk","Derek",0.781,0.811,10,-6.037,0,0.0633,0.0435,0.00879,0.135,0.371,157.021,4
spotify:track:5IWzGFDIlKS0YHlgKRDXMW,"Exodia","Mixtape Rock Danger de Verão","Rock Danger;Major RD;Btrem;MG CDD;$amuka;Derxan;LEALL;Babidi;991Didi",2023-02-06,178285,44,true,8jtopaclkzi6fkcxvnzy3t27q,2023-05-04T16:11:38Z,"boom bap,trap brasileiro,hip hop brasileiro,trap,trap funk,grime,jersey club","Rock Danger",0.562,0.713,1,-6.88,0,0.382,0.669,0,0.108,0.52,138.623,4
spotify:track:2fwDJWwEr9gKzVZAP3gjM9,"Melhor Só","Contradições","KayBlack;Baco Exu do Blues;Marquinho no Beat",2023-03-31,229326,53,false,8jtopaclkzi6fkcxvnzy3t27q,2023-05-04T16:11:52Z,"trap brasileiro,trap funk,trap,hip hop brasileiro,funk","WM Brazil",0.605,0.386,5,-9.965,0,0.166,0.272,0,0.107,0.55,142.133,4
spotify:track:3u9PAti8muEXXvEjeFpQK0,"WHARF TALK (feat. A$AP Rocky)","CALL ME IF YOU GET LOST: The Estate Sale","Tyler, The Creator;A$AP Rocky",2023-03-31,204109,65,true,8jtopaclkzi6fkcxvnzy3t27q,2023-05-04T16:12:43Z,"rap","Columbia",0.788,0.744,11,-6.022,1,0.069,0.189,0.0000574,0.196,0.681,96.445,4
spotify:track:6OfOzTitafSnsaunQLuNFw,"DOGTOOTH","CALL ME IF YOU GET LOST: The Estate Sale","Tyler, The Creator",2023-03-31,161041,68,true,8jtopaclkzi6fkcxvnzy3t27q,2023-05-04T16:12:48Z,"","Columbia",0.706,0.648,8,-6.348,1,0.324,0.505,0,0.215,0.802,77.533,4
spotify:track:410ZZP746AQeiywhKvXWCo,"SORRY NOT SORRY","CALL ME IF YOU GET LOST: The Estate Sale","Tyler, The Creator",2023-03-31,206049,66,true,8jtopaclkzi6fkcxvnzy3t27q,2023-05-04T16:12:53Z,"","Columbia",0.481,0.797,6,-4.094,0,0.201,0.404,0,0.368,0.495,96.237,3
spotify:track:3iGod79PRwrU4zaqPLfOeP,"Sportlife","Sobre Drill, Crimes & Futebol: EP","Thxuzz",2022-12-11,172982,38,true,8jtopaclkzi6fkcxvnzy3t27q,2023-05-04T16:13:43Z,"boom bap,grime,drill,trap brasileiro","M10 Records ©",0.786,0.793,4,-8.006,0,0.392,0.63,0,0.097,0.36,145.092,4
spotify:track:6TJwkQdNZPTNcfFKbxjuxt,"10 & Faixa","Sobre Drill, Crimes & Futebol: EP","Thxuzz;Osémio Boémio",2022-12-11,135255,26,true,8jtopaclkzi6fkcxvnzy3t27q,2023-05-04T16:13:48Z,"boom bap,grime,drill,trap brasileiro,hip-hop português","M10 Records ©",0.765,0.573,8,-10.343,1,0.128,0.089,0.00087,0.0848,0.344,143.111,4
spotify:track:73W3MxxTA0XatZjoETfenP,"Regras da Loja","Lógos","Nill;BK;CrimeNow",2019-08-22,230831,0,false,8jtopaclkzi6fkcxvnzy3t27q,2023-05-04T16:14:01Z,"boom bap,hip hop brasileiro","Sound Food Gang",0.773,0.612,10,-5.243,0,0.184,0.424,0,0.336,0.312,130.006,4
spotify:track:11jGPID89nljt5OdP1hoxQ,"3AM (PXT4 RASA)","3AM (PXT4 RASA)","Sotam;Matheus Muniz",2023-03-30,122048,51,true,8jtopaclkzi6fkcxvnzy3t27q,2023-05-04T16:14:12Z,"boom bap,trap brasileiro","KZN Records",0.883,0.469,2,-8.653,1,0.394,0.695,0.00000276,0.156,0.602,130.05,4
spotify:track:2LACCpFwBMjEHa3BqcYLVk,"Propósitos","Propósitos","Thxuzz;PJ HOUDINI",2022-09-27,216338,26,true,8jtopaclkzi6fkcxvnzy3t27q,2023-05-04T16:14:22Z,"boom bap,grime,drill,trap brasileiro,trap,trap funk,hip hop brasileiro","M10 Records ©",0.759,0.78,1,-3.922,1,0.204,0.214,0,0.12,0.584,141.918,4
spotify:track:0d16iGBlngyLHsldWzvahM,"BRAZIL","BRAZIL","Kyan;Mu540;DJ Ery",2022-11-25,124564,1,false,8jtopaclkzi6fkcxvnzy3t27q,2023-05-04T16:14:35Z,"trap brasileiro,trap funk,trap,hip hop brasileiro,funk,funk bruxaria","Ceia Ent.",0.83,0.783,9,-6.563,1,0.286,0.313,0,0.288,0.776,144.979,4
spotify:track:1BvHPr0BvtUwtnpARfRXqs,"Evoque","Evoque","Kyan;Mu540",2022-12-16,123733,55,true,8jtopaclkzi6fkcxvnzy3t27q,2023-05-04T16:14:41Z,"trap brasileiro,trap funk,trap,hip hop brasileiro","Kyan",0.573,0.798,6,-5.786,1,0.477,0.323,0.00000126,0.199,0.835,97.586,5
spotify:track:3aC9IY1oAAb0WeFeYebriD,"Batman","SYRE","Jaden",2017-11-17,184929,44,true,8jtopaclkzi6fkcxvnzy3t27q,2023-05-04T16:15:27Z,"","MSFTS/Roc Nation",0.676,0.585,3,-7.161,1,0.101,0.255,0.0000014,0.118,0.253,139.939,4
spotify:track:5j3QqRGflS4o5jbsFSwKW1,"Six Days - Remix","The Fast And The Furious: Tokyo Drift (Original Motion Picture Soundtrack)","DJ Shadow;Mos Def",2006-06-20,232000,74,false,8jtopaclkzi6fkcxvnzy3t27q,2023-05-04T16:15:35Z,"trip hop,plunderphonics,downtempo,east coast hip hop,hip hop old school,hip hop","Universal (MT)",0.641,0.943,5,-6.254,0,0.264,0.0351,0.000259,0.328,0.718,171.811,4
spotify:track:2vkQpbnoCLv8dJg4LNzYFj,"There It Go! (The Whistle Song) [From ""Fast & Furious: Tokyo Drift""]","Furious and Fast (Soundtrack Inspired by the Franchise)","Tough Rhymes",2019-07-08,181000,39,true,8jtopaclkzi6fkcxvnzy3t27q,2023-05-04T16:16:07Z,"","Small Screen Sounds",0.949,0.647,1,-10.888,1,0.225,0.0508,0.00014,0.108,0.55,99.953,4
spotify:track:0V27gagyF2eB5jAmeleJao,"O Que Sobra Disso Tudo","Castelos & Ruínas","BK;JXNV$;Luccas Carlos",2016-03-21,159984,0,false,8jtopaclkzi6fkcxvnzy3t27q,2023-05-04T16:16:41Z,"hip hop brasileiro,boom bap,trap brasileiro,pop nacional","Pirâmide Perdida Records",0.806,0.714,11,-6.804,0,0.323,0.143,0.00000178,0.171,0.471,133.029,4
spotify:track:3ktTWpYdXrYApH54cBo4Ap,"Conexões de Máfia (feat. Rich The Kid)","Conexões de Máfia (feat. Rich The Kid)","Matuê;Rich The Kid",2023-04-30,221538,66,true,8jtopaclkzi6fkcxvnzy3t27q,2023-05-04T16:17:08Z,"trap brasileiro,trap,hip hop brasileiro,trap funk","Sony Music Entertainment",0.771,0.577,6,-6.944,0,0.0461,0.393,0,0.256,0.691,116.96,4
spotify:track:7zKqmAHGY8zm2UA4wT5ant,"Perdoa Por Tudo Vida","Dos Prédios","Veigh;Toledo;Supernova Ent;Bvga Beatz",2022-11-18,160000,0,true,8jtopaclkzi6fkcxvnzy3t27q,2023-05-04T16:17:22Z,"trap brasileiro,trap funk,trap,hip hop brasileiro","Supernova Entertainment",0.689,0.32,1,-10.649,0,0.464,0.468,0,0.0847,0.662,113.936,4
spotify:track:5ffDENIdtByAZxHpuuj9li,"Vida Chique","Dos Prédios","Veigh;Nick Nash;Wylo;Nagalli;Supernova Ent;Kaash Paige",2022-11-18,210545,1,true,8jtopaclkzi6fkcxvnzy3t27q,2023-05-04T16:17:41Z,"trap brasileiro,trap funk,trap,hip hop brasileiro","Supernova Entertainment",0.599,0.462,4,-6.677,0,0.388,0.557,0,0.249,0.566,106.959,4
spotify:track:6jNmKNnk07DcGaP2tr3V0B,"Foto do Corte","Foto do Corte","Veigh;Nagalli",2021-08-04,175000,51,true,8jtopaclkzi6fkcxvnzy3t27q,2023-05-04T16:17:54Z,"trap brasileiro,trap funk,trap,hip hop brasileiro","Supernova Ent.",0.739,0.47,2,-11.559,0,0.256,0.208,0,0.112,0.881,144.064,3
spotify:track:0Lzwqj5NRVmxQvDLhm0G2C,"Londres Freestyle (Bônus)","Dos Prédios","Veigh;Supernova Ent;Viper;Nagalli",2022-11-18,128000,0,true,8jtopaclkzi6fkcxvnzy3t27q,2023-05-04T16:18:06Z,"trap brasileiro,trap funk,trap,hip hop brasileiro","Supernova Entertainment",0.834,0.532,0,-10.891,1,0.334,0.0363,0,0.155,0.67,89.958,3
spotify:track:0Lv1yqE8zkffbocnMcY8vN,"COSTA QUENTE","COSTA QUENTE","Flacko;Kyan",2023-04-20,166285,0,true,8jtopaclkzi6fkcxvnzy3t27q,2023-05-04T16:18:34Z,"trap brasileiro,trap,hip hop brasileiro,trap funk","Flacko",0.842,0.523,3,-11.001,0,0.364,0.342,0,0.157,0.737,140.08,4
spotify:track:05Fff7jWoNhpUuA1QVfL5R,"Nei Sei","Clout","Derek;NOG",2019-06-16,155153,31,true,8jtopaclkzi6fkcxvnzy3t27q,2023-05-06T04:17:59Z,"trap brasileiro,trap,hip hop brasileiro,trap funk,funk consciente,funk","Derek Luccas",0.68,0.693,0,-7.504,1,0.179,0.2,0,0.08,0.401,117.713,4
spotify:track:5tMRrpz7VxhKUKWA1CbA7Y,"Tempos Difíceis","Único","Tivityn;hoffmxn",2022-02-22,155235,3,true,8jtopaclkzi6fkcxvnzy3t27q,2023-05-25T18:24:25Z,"trap brasileiro,trap","Olha o 14 Aê",0.864,0.378,5,-11.415,1,0.195,0.117,0.00000919,0.225,0.579,133.059,4
spotify:track:39MK3d3fonIP8Mz9oHCTBB,"Annihilate (Spider-Man: Across the Spider-Verse) (Metro Boomin & Swae Lee, Lil Wayne, Offset)","METRO BOOMIN PRESENTS SPIDER-MAN: ACROSS THE SPIDER-VERSE (SOUNDTRACK FROM AND INSPIRED BY THE MOTION PICTURE)","Metro Boomin;Swae Lee;Lil Wayne;Offset",2023-06-02,231746,74,false,8jtopaclkzi6fkcxvnzy3t27q,2023-06-11T19:28:25Z,"rap,hip hop","Republic Records",0.591,0.5,11,-6.206,0,0.0529,0.22,0,0.175,0.201,145.819,4
spotify:track:6Ec5LeRzkisa5KJtwLfOoW,"Am I Dreaming (Metro Boomin & A$AP Rocky, Roisee)","METRO BOOMIN PRESENTS SPIDER-MAN: ACROSS THE SPIDER-VERSE (SOUNDTRACK FROM AND INSPIRED BY THE MOTION PICTURE)","Metro Boomin;A$AP Rocky;Roisee",2023-06-02,256026,81,false,8jtopaclkzi6fkcxvnzy3t27q,2023-06-11T19:33:05Z,"rap","Republic Records",0.6,0.537,9,-7.777,0,0.0362,0.0468,0.0038,0.206,0.126,90.061,4
spotify:track:0B6g379TMw0nYGXA7y5xHz,"All The Way Live (Spider-Man: Across the Spider-Verse) (Metro Boomin & Future, Lil Uzi Vert)","METRO BOOMIN PRESENTS SPIDER-MAN: ACROSS THE SPIDER-VERSE (SOUNDTRACK FROM AND INSPIRED BY THE MOTION PICTURE)","Metro Boomin;Future;Lil Uzi Vert",2023-06-02,245240,65,false,8jtopaclkzi6fkcxvnzy3t27q,2023-06-11T19:38:27Z,"rap,rap melódico,rage rap","Republic Records",0.775,0.555,9,-7.283,0,0.154,0.177,0.00352,0.208,0.271,135.004,4
spotify:track:3X6qK1LdMkSOhklwRa2ZfG,"Danger (Spider) (Offset & JID)","METRO BOOMIN PRESENTS SPIDER-MAN: ACROSS THE SPIDER-VERSE (SOUNDTRACK FROM AND INSPIRED BY THE MOTION PICTURE)","Offset;JID",2023-06-02,205266,60,false,8jtopaclkzi6fkcxvnzy3t27q,2023-06-11T19:41:22Z,"","Republic Records",0.836,0.692,8,-6.248,0,0.126,0.0335,0.000504,0.201,0.288,143.384,4
spotify:track:6HexNTb392JS071DoTGo0y,"Hummingbird (Metro Boomin & James Blake)","METRO BOOMIN PRESENTS SPIDER-MAN: ACROSS THE SPIDER-VERSE (SOUNDTRACK FROM AND INSPIRED BY THE MOTION PICTURE)","Metro Boomin;James Blake",2023-06-02,319493,68,false,8jtopaclkzi6fkcxvnzy3t27q,2023-06-11T19:44:51Z,"","Republic Records",0.596,0.63,6,-7.807,1,0.102,0.378,0.00407,0.19,0.24,81.408,4
spotify:track:5rurggqwwudn9clMdcchxT,"Calling (Spider-Man: Across the Spider-Verse) (Metro Boomin & Swae Lee, NAV, feat. A Boogie Wit da Hoodie)","METRO BOOMIN PRESENTS SPIDER-MAN: ACROSS THE SPIDER-VERSE (SOUNDTRACK FROM AND INSPIRED BY THE MOTION PICTURE)","Metro Boomin;Swae Lee;NAV;A Boogie Wit da Hoodie",2023-06-02,219453,73,false,8jtopaclkzi6fkcxvnzy3t27q,2023-06-11T19:48:15Z,"rap melódico","Republic Records",0.636,0.537,0,-7.902,1,0.0817,0.481,0,0.113,0.199,140.133,4
spotify:track:722tgOgdIbNe3BEyLnejw4,"Black Skinhead","Yeezus","Kanye West",2013-06-18,188013,75,true,8jtopaclkzi6fkcxvnzy3t27q,2023-06-20T00:52:36Z,"rap","Rock The World/IDJ/Kanye/LP6",0.766,0.809,1,-6.123,1,0.279,0.0011,0,0.168,0.325,130.127,4
spotify:track:0HMCdlOPJkAGlB0MlSWIcO,"I Am A God","Yeezus","Kanye West",2013-06-18,231506,63,true,8jtopaclkzi6fkcxvnzy3t27q,2023-06-20T01:02:13Z,"rap","Rock The World/IDJ/Kanye/LP6",0.51,0.532,4,-7.405,0,0.0715,0.0367,0.000794,0.165,0.305,111.885,4
spotify:track:4cAgkb0ifwn0FSHGXnr4F6,"New Slaves","Yeezus","Kanye West",2013-06-18,256093,68,true,8jtopaclkzi6fkcxvnzy3t27q,2023-06-20T01:08:55Z,"rap","Rock The World/IDJ/Kanye/LP6",0.506,0.59,1,-4.322,1,0.076,0.165,0.0000109,0.096,0.359,141.099,4
spotify:track:5nIu0VwPOsjkF61zfevLKh,"Hold My Liquor","Yeezus","Kanye West",2013-06-18,326946,68,true,8jtopaclkzi6fkcxvnzy3t27q,2023-06-20T01:08:59Z,"rap","Rock The World/IDJ/Kanye/LP6",0.497,0.322,8,-10.358,1,0.0333,0.0194,0.00000772,0.115,0.04,106.976,4
spotify:track:52NmkyHsGsHGb1UX8fTkMg,"I'm In It","Yeezus","Kanye West",2013-06-18,234853,60,true,8jtopaclkzi6fkcxvnzy3t27q,2023-06-20T01:13:18Z,"rap","Rock The World/IDJ/Kanye/LP6",0.485,0.604,1,-4.591,1,0.345,0.141,0,0.0668,0.45,170.337,4
spotify:track:05CTjmZKjZoCKQvM1Ldq9M,"Parade on Cleveland (feat. Drake)","BUSINESS IS BUSINESS","Young Thug;Drake",2023-06-23,228266,64,true,8jtopaclkzi6fkcxvnzy3t27q,2023-06-23T12:07:44Z,"rap,rap melódico,trap","300 Entertainment/Atl",0.526,0.283,3,-13.127,0,0.566,0.447,0.00000512,0.111,0.354,165.991,1
spotify:track:2Okh2n1EHlGhviAYv75MOB,"Cars Bring Me Out (feat. Future)","BUSINESS IS BUSINESS","Young Thug;Future",2023-06-23,202933,52,true,8jtopaclkzi6fkcxvnzy3t27q,2023-06-23T12:35:48Z,"rap,rap melódico,trap","300 Entertainment/Atl",0.759,0.741,10,-6.065,0,0.171,0.0192,0,0.145,0.69,100.054,4
spotify:track:612Gkl43RQdwlzKGPgkudm,"Uncle M","BUSINESS IS BUSINESS","Young Thug",2023-06-23,140000,48,true,8jtopaclkzi6fkcxvnzy3t27q,2023-06-23T12:44:19Z,"rap,rap melódico,trap","300 Entertainment/Atl",0.699,0.62,9,-6.664,1,0.069,0.0153,0,0.213,0.266,142.104,4
spotify:track:1KUZ33cOqk3X4Ezk0aZnVp,"Peaches & Eggplants (feat. 21 Savage)","Peaches & Eggplants (feat. 21 Savage)","Young Nudy;21 Savage",2023-02-27,203813,64,true,8jtopaclkzi6fkcxvnzy3t27q,2023-06-23T20:28:04Z,"","PDE Records/RCA Records",0.911,0.536,4,-7.884,0,0.282,0.00897,0.00000373,0.111,0.584,146.014,4
spotify:track:1w8Lg3IQp5Ll5PPMNp3BtY,"Print na Briga","Rockstar Mixtape","Raffa Moreira",2016-10-30,118360,32,false,8jtopaclkzi6fkcxvnzy3t27q,2023-07-09T02:01:20Z,"trap brasileiro,hip hop brasileiro,trap","Raffa Moreira",0.618,0.498,5,-8.226,1,0.18,0.267,0,0.105,0.209,134.866,5
spotify:track:4z5ndDJGY09CaYBEuudIfP,"Afff","Rockstar Mixtape","Raffa Moreira",2016-10-30,161776,13,false,8jtopaclkzi6fkcxvnzy3t27q,2023-07-09T02:01:25Z,"trap brasileiro,hip hop brasileiro,trap","Raffa Moreira",0.561,0.696,9,-6.302,0,0.307,0.655,0.0000013,0.145,0.183,136.323,4
spotify:track:4hKLzFvNwHF6dPosGT30ed,"Novo Balanço","Dos Prédios Deluxe","Veigh;Bvga Beatz;Prod Malax;Supernova Ent",2023-05-19,140322,71,true,8jtopaclkzi6fkcxvnzy3t27q,2023-07-09T02:01:34Z,"trap brasileiro,trap funk,trap,hip hop brasileiro","Supernova Entertainment Under Exclusive License to UnitedMasters",0.836,0.499,3,-5.82,0,0.0563,0.669,0,0.134,0.65,124.05,4
spotify:track:39xOREhViooEYFpmnKTdrl,"Engana Dizendo Que Ama","Dos Prédios Deluxe","Veigh;Tz da Coronel;Toledo;Nagalli;Bvga Beatz;Supernova Ent",2023-05-19,188497,71,true,8jtopaclkzi6fkcxvnzy3t27q,2023-07-09T02:01:39Z,"trap brasileiro,trap funk,trap,hip hop brasileiro","Supernova Entertainment Under Exclusive License to UnitedMasters",0.789,0.356,6,-10.396,0,0.362,0.542,0,0.145,0.532,111.937,4
spotify:track:3hLoH18k4pP6eXEljzNHHr,"Tendenciosa","Dos Prédios Deluxe","Veigh;Derek;Nagalli;Honaiser;Toledo;Supernova Ent",2023-05-19,195073,59,true,8jtopaclkzi6fkcxvnzy3t27q,2023-07-09T02:01:43Z,"trap brasileiro,trap funk,trap,hip hop brasileiro","Supernova Entertainment Under Exclusive License to UnitedMasters",0.716,0.45,1,-10.427,1,0.452,0.11,0,0.151,0.648,112.972,4
spotify:track:3d1im1pw3WLuEty2k9XzTr,"Clickbait","Dos Prédios Deluxe","Veigh;Niink;Bvga Beatz;JHXW;Supernova Ent",2023-05-19,161344,63,true,8jtopaclkzi6fkcxvnzy3t27q,2023-07-09T02:01:48Z,"trap brasileiro,trap funk,trap,hip hop brasileiro","Supernova Entertainment Under Exclusive License to UnitedMasters",0.899,0.544,0,-6.674,0,0.32,0.391,0,0.138,0.753,119.022,4
spotify:track:7qrQs4rPGCXnwNyLn2YVCT,"Devolve as Correntes / Invisível","Dos Prédios Deluxe","Veigh;Nagalli;Toledo;Bvga Beatz;Honaiser;Supernova Ent",2023-05-19,140860,63,true,8jtopaclkzi6fkcxvnzy3t27q,2023-07-09T02:01:52Z,"trap brasileiro,trap funk,trap,hip hop brasileiro","Supernova Entertainment Under Exclusive License to UnitedMasters",0.543,0.414,8,-10.167,0,0.482,0.295,0,0.129,0.352,87.374,4
spotify:track:6ubWrh2GuyKMpQrzOynRjD,"Hora Errada","Dos Prédios Deluxe","Veigh;Caio Luccas;Nagalli;Honaiser;Bvga Beatz;Supernova Ent",2023-05-19,210000,60,true,8jtopaclkzi6fkcxvnzy3t27q,2023-07-09T02:01:56Z,"trap brasileiro,trap funk,trap,hip hop brasileiro","Supernova Entertainment Under Exclusive License to UnitedMasters",0.728,0.575,5,-7.85,0,0.244,0.518,0,0.101,0.639,128.035,4
spotify:track:42GcjriRK6srwHkfbkBqVl,"Blood On The Leaves","Yeezus","Kanye West",2013-06-18,359800,68,true,8jtopaclkzi6fkcxvnzy3t27q,2023-07-09T02:02:25Z,"rap","Rock The World/IDJ/Kanye/LP6",0.397,0.69,2,-4.108,0,0.195,0.395,0,0.101,0.36,172.073,4
spotify:track:5nPOM0nFRAJ3XI8xCxNAzO,"Guilt Trip","Yeezus","Kanye West",2013-06-18,243746,63,true,8jtopaclkzi6fkcxvnzy3t27q,2023-07-09T02:02:33Z,"rap","Rock The World/IDJ/Kanye/LP6",0.439,0.666,4,-6.078,0,0.0754,0.159,0.00000956,0.129,0.579,137.9,4
spotify:track:5lzlMq5i4IlnN9S5PiPssP,"99 Não É 100","Rock Danger Worldwide/Chile","Rock Danger;Big Bllakk;LEALL;Major RD;Derxan;Pedro Apoema",2022-11-22,194816,45,true,8jtopaclkzi6fkcxvnzy3t27q,2023-07-09T02:03:25Z,"boom bap,trap brasileiro,hip hop brasileiro,trap,trap funk,grime,drill","Rock Danger",0.664,0.814,10,-6.156,0,0.15,0.185,0.0000137,0.151,0.738,139.534,4
spotify:track:39JRmdKFka1Oe09FoOCPI4,"Selah","JESUS IS KING","Kanye West",2019-10-25,164619,61,false,8jtopaclkzi6fkcxvnzy3t27q,2023-07-09T02:04:16Z,"rap","Getting Out Our Dreams II / Def Jam Recordings",0.482,0.618,9,-5.673,0,0.197,0.647,0.000859,0.32,0.146,90.076,3
spotify:track:2L0WWUx6C4j4nnuj5VFi0w,"Won't You (Be There)","Welcome Reality +","NERO",2011,243400,32,false,8jtopaclkzi6fkcxvnzy3t27q,2023-07-10T11:25:50Z,"dubstep,dub","EMI",0.215,0.69,4,-3.556,0,0.0479,0.0139,0.332,0.125,0.0361,140.399,4
spotify:track:4Tw3GI2MiqXP65X0Z8rP7U,"I Love It (feat. Charli XCX)","THIS IS... ICONA POP","Icona Pop;Charli xcx",2013-08-23,155733,54,false,8jtopaclkzi6fkcxvnzy3t27q,2023-07-10T11:27:13Z,"hyperpop,art pop","Record Company TEN/Big Beat/ATL",0.731,0.886,1,-3.228,1,0.027,0.0281,0.0000041,0.226,0.796,125.992,4
spotify:track:19MbwSLaYgAtyicNUMYYgl,"Empathy","Vava Voom","Bassnectar",2012-04-10,260573,0,false,8jtopaclkzi6fkcxvnzy3t27q,2023-07-10T11:36:46Z,"dubstep,bass music,dub","Amorphous Music",0.367,0.974,11,-3.016,1,0.0775,0.0000157,0.38,0.113,0.311,139.945,4
spotify:track:6bBnV1J4thy0w6v8b5qXP4,"Yeezy Slide ""FREESTYLE 01""","Yeezy Slide ""FREESTYLE 01""","LEALL;Derek;Rock Danger;$amuka;Big Bllakk",2023-07-10,196056,49,true,8jtopaclkzi6fkcxvnzy3t27q,2023-07-11T11:02:21Z,"boom bap,hip hop brasileiro,trap brasileiro,grime,trap,trap funk,drill","Rock Danger",0.848,0.542,2,-5.981,1,0.275,0.157,0,0.1,0.322,141.898,4
spotify:track:3M0lSi5WW79CXQamgSBIjx,"Swim","Chase Atlantic","Chase Atlantic",2017-10-04,228786,86,true,8jtopaclkzi6fkcxvnzy3t27q,2023-07-11T12:47:42Z,"","Warner Records",0.666,0.542,8,-6.429,1,0.0392,0.27,0,0.0765,0.0771,120.134,4
spotify:track:4FKHFcKf0wmowGWbvfLrTn,"Mas Existe um Lugar - Remix","Mas Existe um Lugar (Remix)","Cryzin;Manoel Gomes;Kaio Viana;Noemi Leal",2023-07-07,183652,42,true,8jtopaclkzi6fkcxvnzy3t27q,2023-07-12T17:57:45Z,"trap brasileiro,piseiro,brega,seresta,arrocha,forró,funk","DK Produções",0.533,0.436,2,-10.09,1,0.308,0.215,0,0.221,0.33,78.843,5
spotify:track:39R6cRdd97zQZrrENuZMGI,"total 90!","UM Quebrada Inteligente","Kyan;Mu540",2023-07-13,185178,0,true,8jtopaclkzi6fkcxvnzy3t27q,2023-07-13T11:07:54Z,"trap brasileiro,trap funk,trap,hip hop brasileiro","UM Quebrada Inteligente",0.892,0.833,5,-3.79,0,0.399,0.298,0,0.0786,0.638,140.018,4
spotify:track:6uBfSJZQ27gCDVne6xhDmO,"um quebrada inteligente!","UM Quebrada Inteligente","Kyan;Mu540",2023-07-13,116820,1,true,8jtopaclkzi6fkcxvnzy3t27q,2023-07-13T11:14:10Z,"trap brasileiro,trap funk,trap,hip hop brasileiro","UM Quebrada Inteligente",0.621,0.827,8,-4.537,1,0.479,0.3,0,0.189,0.852,150.093,4
spotify:track:3QIA1Kfl592xCUnN6It6Qs,"gucci con tacchini!","UM Quebrada Inteligente","Kyan;Mu540",2023-07-13,162365,1,true,8jtopaclkzi6fkcxvnzy3t27q,2023-07-13T11:17:51Z,"trap brasileiro,trap funk,trap,hip hop brasileiro","UM Quebrada Inteligente",0.907,0.786,3,-3.697,0,0.461,0.606,0,0.237,0.527,129.979,4
spotify:track:2HKkqPRwK207KezeMbiTTA,"Desfile Bélico","Esculpido a Machado","LEALL;VND;Putodiparis",2021-03-02,163943,42,false,8jtopaclkzi6fkcxvnzy3t27q,2023-07-13T11:36:22Z,"boom bap,hip hop brasileiro,trap brasileiro,grime","LEALL",0.645,0.644,9,-7.143,0,0.343,0.167,0,0.123,0.362,142.255,4
spotify:track:1Vy9Wn5sbiduZKBqBlH3Mc,"Ballena","Perdas & Ganhos","Vulgo FK;MC PH;Veigh;Pedro Lotto;Fepache",2023-07-14,200000,71,false,8jtopaclkzi6fkcxvnzy3t27q,2023-07-14T16:08:38Z,"trap brasileiro,trap funk,trap,funk,hip hop brasileiro,funk consciente","Som Livre",0.664,0.508,9,-7.684,0,0.33,0.307,0,0.126,0.228,120.313,4
spotify:track:4Fd1cs4q4oA95DmqiPSXhO,"Mantém o Pique","Mantém o Pique","Ryu, The Runner;Neckklace;Salve Crazy",2023-05-12,163880,55,true,8jtopaclkzi6fkcxvnzy3t27q,2023-07-18T17:57:53Z,"trap brasileiro,trap,trap funk,hip hop brasileiro","Ryu, the Runner",0.886,0.43,8,-9.155,1,0.249,0.259,0,0.183,0.519,134.048,4
spotify:track:4M4Qz8n6B3yS6cllfOkT1M,"Sincero Foda-Se","OUTRO ROLÊ","FBC;VHOOR;WRM",2021-02-26,167702,22,true,8jtopaclkzi6fkcxvnzy3t27q,2023-07-20T22:36:45Z,"hip hop brasileiro,miami bass,boom bap,trap brasileiro","WRM",0.777,0.666,2,-4.868,1,0.266,0.477,0,0.0879,0.261,143.935,4
spotify:track:0k1sI81KiPXrRxR9kz7nkZ,"Levar a Sério","OUTRO ROLÊ","FBC;VHOOR;WRM",2021-02-26,146898,29,true,8jtopaclkzi6fkcxvnzy3t27q,2023-07-20T22:37:22Z,"hip hop brasileiro,miami bass,boom bap,trap brasileiro","WRM",0.735,0.692,9,-6.144,0,0.298,0.434,0,0.183,0.514,143.719,4
spotify:track:36r6OXr6WBLVNS5tNiB8hp,"Salamaleiko","Rock Danger Worldwide/Chile","Rock Danger;Major RD;LEALL;Big Bllakk;Derxan;Pedro Apoema;Gustavo Tod",2022-11-22,189187,41,true,8jtopaclkzi6fkcxvnzy3t27q,2023-07-25T11:17:55Z,"boom bap,trap brasileiro,hip hop brasileiro,trap,trap funk,grime,drill","Rock Danger",0.692,0.721,6,-6.468,1,0.32,0.177,0.00000245,0.249,0.491,142.587,4
spotify:track:2o3NKh8bYMKSkJmBTQo5B5,"Primeiro Lugar do Pódio","Primeiro Lugar do Pódio","EHXIS;Mu540;Kyan",2023-03-16,123515,1,false,8jtopaclkzi6fkcxvnzy3t27q,2023-07-25T11:24:30Z,"trap brasileiro,trap funk,trap,hip hop brasileiro","Kyan",0.775,0.553,10,-7.447,1,0.227,0.615,0,0.094,0.708,140.119,4
spotify:track:44BxyVXPdLMW4dIPicL9jM,"Fantástico Mundo da Oakley - Bonus Track","UM Quebrada Inteligente","Kyan;Mu540",2023-07-13,200000,1,true,8jtopaclkzi6fkcxvnzy3t27q,2023-07-25T11:24:44Z,"trap brasileiro,trap funk,trap,hip hop brasileiro","UM Quebrada Inteligente",0.907,0.714,1,-4.16,1,0.163,0.448,0.0000366,0.0491,0.724,130.006,4
spotify:track:3xIoDkHkhKHC4t9OCK9RyJ,"Mítico Jovem","Essa é a Vida de um Corredor","Ryu, The Runner;6ee;Hobb The Goat;Salve Crazy",2023-03-03,139130,48,true,8jtopaclkzi6fkcxvnzy3t27q,2023-07-25T11:31:49Z,"trap brasileiro,trap,trap funk,hip hop brasileiro","Ryu, the Runner",0.879,0.469,1,-5.831,1,0.233,0.599,0,0.3,0.663,138.131,4
spotify:track:0hL9gOw6XBWsygEUcVjxEc,"HYAENA","UTOPIA","Travis Scott",2023-07-28,222085,68,true,8jtopaclkzi6fkcxvnzy3t27q,2023-07-28T10:52:43Z,"rap","Cactus Jack/Epic",0.608,0.754,8,-5.277,1,0.0719,0.0305,0,0.119,0.455,97.071,4
spotify:track:1PH2MDbcBAU094DlgTIND1,"THANK GOD","UTOPIA","Travis Scott",2023-07-28,184888,71,true,8jtopaclkzi6fkcxvnzy3t27q,2023-07-28T10:56:54Z,"rap","Cactus Jack/Epic",0.657,0.553,10,-7.08,0,0.0394,0.254,0,0.129,0.576,134.925,4
spotify:track:3KCNiDi9Pza6ZD8FggNoaw,"MODERN JAM (feat. Teezo Touchdown)","UTOPIA","Travis Scott;Teezo Touchdown",2023-07-28,255412,67,true,8jtopaclkzi6fkcxvnzy3t27q,2023-07-28T10:59:56Z,"rap","Cactus Jack/Epic",0.517,0.539,9,-6.474,0,0.038,0.000564,0.000014,0.537,0.531,108.984,4
spotify:track:4kjI1gwQZRKNDkw1nI475M,"MY EYES","UTOPIA","Travis Scott",2023-07-28,251249,81,true,8jtopaclkzi6fkcxvnzy3t27q,2023-07-28T11:06:33Z,"rap","Cactus Jack/Epic",0.455,0.621,0,-7.694,0,0.0517,0.651,0.00000259,0.123,0.28,119.043,4
spotify:track:7LSpFCvRZZot2AlmkUzy9k,"SIRENS","UTOPIA","Travis Scott",2023-07-28,204447,66,true,8jtopaclkzi6fkcxvnzy3t27q,2023-07-28T11:09:35Z,"rap","Cactus Jack/Epic",0.588,0.88,9,-6.117,0,0.0747,0.0976,0.000167,0.767,0.242,96.003,3
spotify:track:67nepsnrcZkowTxMWigSbb,"MELTDOWN (feat. Drake)","UTOPIA","Travis Scott;Drake",2023-07-28,246133,75,true,8jtopaclkzi6fkcxvnzy3t27q,2023-07-28T11:12:37Z,"rap","Cactus Jack/Epic",0.557,0.774,7,-5.275,0,0.351,0.012,0,0.396,0.397,111.975,4
spotify:track:42VsgItocQwOQC3XWZ8JNA,"FE!N (feat. Playboi Carti)","UTOPIA","Travis Scott;Playboi Carti",2023-07-28,191700,86,true,8jtopaclkzi6fkcxvnzy3t27q,2023-07-28T11:19:12Z,"rap,rage rap","Cactus Jack/Epic",0.569,0.882,3,-2.777,0,0.06,0.0316,0,0.142,0.201,148.038,4
spotify:track:0OEe83mMZ5kaNw5uZQ7ilG,"DELRESTO (ECHOES) (feat. Beyoncé)","UTOPIA","Travis Scott;Beyoncé",2023-07-28,274137,60,false,8jtopaclkzi6fkcxvnzy3t27q,2023-07-28T11:22:12Z,"rap","Cactus Jack/Epic",0.674,0.609,2,-6.306,0,0.045,0.461,0,0.328,0.509,116.066,4
spotify:track:0lodMO0qK83vfPiiD7FMEt,"TOPIA TWINS (feat. Rob49 & 21 Savage)","UTOPIA","Travis Scott;Rob49;21 Savage",2023-07-28,223173,73,true,8jtopaclkzi6fkcxvnzy3t27q,2023-07-28T11:29:57Z,"rap","Cactus Jack/Epic",0.715,0.567,1,-4.481,0,0.0865,0.06,0,0.0655,0.332,160.098,4
spotify:track:4GL9GMX9t7Qkprvf1YighZ,"CIRCUS MAXIMUS (feat. The Weeknd & Swae Lee)","UTOPIA","Travis Scott;The Weeknd;Swae Lee",2023-07-28,258842,67,true,8jtopaclkzi6fkcxvnzy3t27q,2023-07-28T11:34:33Z,"rap","Cactus Jack/Epic",0.682,0.764,1,-6.314,1,0.0327,0.000779,0.0089,0.373,0.248,125.018,4
spotify:track:2Q0aElTZQtEUsoiaQfizu6,"PARASAIL (feat. Yung Lean & Dave Chappelle)","UTOPIA","Travis Scott;Yung Lean;Dave Chappelle",2023-07-28,154964,59,false,8jtopaclkzi6fkcxvnzy3t27q,2023-07-28T11:39:02Z,"rap,cloud rap,comédia","Cactus Jack/Epic",0.361,0.395,5,-8.51,0,0.0429,0.858,0.00356,0.211,0.208,75.923,3
spotify:track:0bkV1iQHSxBaksUqgEkcbc,"SKITZO (feat. Young Thug)","UTOPIA","Travis Scott;Young Thug",2023-07-28,366592,67,true,8jtopaclkzi6fkcxvnzy3t27q,2023-07-28T11:42:51Z,"rap,rap melódico,trap","Cactus Jack/Epic",0.472,0.551,5,-7.219,0,0.25,0.103,0,0.345,0.347,83.25,4
spotify:track:7EiUtdeoWcKqLi5ELZCjYf,"LOST FOREVER (feat. Westside Gunn)","UTOPIA","Travis Scott;Westside Gunn",2023-07-28,163071,62,true,8jtopaclkzi6fkcxvnzy3t27q,2023-07-28T11:47:11Z,"rap,boom bap,hip hop alternativo,jazz rap,rap experimental","Cactus Jack/Epic",0.645,0.803,1,-4.223,1,0.227,0.085,0,0.101,0.314,89.499,4
spotify:track:0a4SMs889NwP8oWI7Vemle,"LOOOVE (feat. Kid Cudi)","UTOPIA","Travis Scott;Kid Cudi",2023-07-28,226715,63,true,8jtopaclkzi6fkcxvnzy3t27q,2023-07-28T11:55:49Z,"rap","Cactus Jack/Epic",0.678,0.739,3,-4.358,1,0.044,0.0712,0,0.388,0.108,110.967,4
spotify:track:1i9lZvlaDdWDPyXEE95aiq,"TELEKINESIS (feat. SZA & Future)","UTOPIA","Travis Scott;SZA;Future",2023-07-28,353754,77,true,8jtopaclkzi6fkcxvnzy3t27q,2023-07-28T12:02:42Z,"rap,r&b","Cactus Jack/Epic",0.458,0.535,5,-4.854,0,0.0281,0.575,0,0.168,0.216,82.826,4
spotify:track:48yfdCj8t8WuoITwpSXRcQ,"Beyoncé 2","EVDC DELUXE","Ryu, The Runner;Yunk Vino;Stef;Stuani",2023-07-28,188160,55,true,8jtopaclkzi6fkcxvnzy3t27q,2023-07-28T12:20:24Z,"trap brasileiro,trap,trap funk,hip hop brasileiro","Som Livre",0.757,0.495,10,-8.163,0,0.0352,0.339,0,0.363,0.352,124.958,4
spotify:track:3IbztmgBw5OwtVhKfzhuWp,"Modelo","EVDC DELUXE","Ryu, The Runner;MC Igu;Brandão85;Stuani",2023-07-28,168000,52,true,8jtopaclkzi6fkcxvnzy3t27q,2023-07-28T12:24:50Z,"trap brasileiro,trap,trap funk,hip hop brasileiro","Som Livre",0.73,0.453,2,-10.385,0,0.0606,0.527,0.00000433,0.119,0.324,139.969,4
spotify:track:7FeXGEbUn4rpi75W6wN3mU,"Ela fica de cara","EVDC DELUXE","Ryu, The Runner;MC Igu;Stuani",2023-07-28,145454,45,true,8jtopaclkzi6fkcxvnzy3t27q,2023-07-28T12:29:27Z,"trap brasileiro,trap,trap funk,hip hop brasileiro","Som Livre",0.866,0.434,1,-10.936,0,0.22,0.52,0,0.144,0.678,132.065,4
spotify:track:5QxjPkDZUpgYBHRDAwKauj,"Me Sinto Oruam","EVDC DELUXE","Ryu, The Runner;Leviano;Prod.Chipzz",2023-07-28,142500,53,true,8jtopaclkzi6fkcxvnzy3t27q,2023-07-28T12:36:03Z,"trap brasileiro,trap,trap funk,hip hop brasileiro","Som Livre",0.765,0.472,11,-10.879,0,0.277,0.544,0,0.0891,0.722,127.95,4
spotify:track:17VbWFGwifCcaQ695LA45D,"FYE","EVDC DELUXE","Ryu, The Runner;Veigh;Niink;6ee",2023-07-28,151278,51,true,8jtopaclkzi6fkcxvnzy3t27q,2023-07-28T12:43:22Z,"trap brasileiro,trap,trap funk,hip hop brasileiro","Som Livre",0.955,0.392,0,-6.755,1,0.274,0.127,0,0.131,0.771,128.006,4
spotify:track:18CtlrryJwqsvSOyd9GBim,"É o paco ou berro?","EVDC DELUXE","Ryu, The Runner;Senndy;Emitê Único;Elipe",2023-07-28,184615,42,true,8jtopaclkzi6fkcxvnzy3t27q,2023-07-28T12:47:30Z,"trap brasileiro,trap,trap funk,hip hop brasileiro","Som Livre",0.837,0.519,1,-8.612,1,0.0803,0.0795,0.0114,0.11,0.129,129.979,4
spotify:track:6LXh4OUxSya8fGLl82yaOj,"Aventura","ERREJOTACULTDRILL, Vol. 2 - Esquema Novo","Big Bllakk;Rock Danger;$amuka;Juyè;Beat do Ávila",2023-07-28,140793,51,true,8jtopaclkzi6fkcxvnzy3t27q,2023-07-28T13:28:00Z,"boom bap,grime,hip hop brasileiro,drill,trap brasileiro,trap,trap funk","Rock Danger",0.595,0.678,6,-7.57,0,0.402,0.77,0.000198,0.75,0.799,88.85,5
spotify:track:0SjJA0HfTrNLu2qWQfHbbM,"Perigo e Adrenalina","ERREJOTACULTDRILL, Vol. 2 - Esquema Novo","Big Bllakk;Rock Danger;LEALL;$amuka",2023-07-28,175652,40,true,8jtopaclkzi6fkcxvnzy3t27q,2023-07-28T13:33:01Z,"boom bap,grime,hip hop brasileiro,drill,trap brasileiro,trap,trap funk","Rock Danger",0.617,0.641,6,-8.878,0,0.453,0.282,0,0.121,0.864,138.458,4
spotify:track:1yo1X1hXegVB46w7CJxk9A,"Vem Fácil","ERREJOTACULTDRILL, Vol. 2 - Esquema Novo","Big Bllakk;Rock Danger;$amuka;Erick Di",2023-07-28,161666,38,true,8jtopaclkzi6fkcxvnzy3t27q,2023-07-28T13:36:44Z,"boom bap,grime,hip hop brasileiro,drill,trap brasileiro,trap,trap funk","Rock Danger",0.523,0.686,11,-6.049,0,0.255,0.0319,0.000291,0.359,0.532,143.976,4
spotify:track:1zPrPaYao8QKaGRimp68ZM,"Chove Chuva","ERREJOTACULTDRILL, Vol. 2 - Esquema Novo","Big Bllakk;Rock Danger;Sant;$amuka;Babidi",2023-07-28,170802,45,true,8jtopaclkzi6fkcxvnzy3t27q,2023-07-28T13:45:44Z,"boom bap,grime,hip hop brasileiro,drill,trap brasileiro,trap,trap funk","Rock Danger",0.469,0.7,6,-5.577,0,0.335,0.32,0.00106,0.191,0.437,90.281,5
spotify:track:3Y6qQIIkR3Nu5FcqDT473m,"Concreto","ERREJOTACULTDRILL, Vol. 2 - Esquema Novo","Big Bllakk;Rock Danger;$amuka",2023-07-28,136666,38,true,8jtopaclkzi6fkcxvnzy3t27q,2023-07-28T13:47:27Z,"boom bap,grime,hip hop brasileiro,drill,trap brasileiro,trap,trap funk","Rock Danger",0.8,0.753,4,-6.377,0,0.245,0.716,0.0344,0.129,0.612,144.083,4
spotify:track:6kSQTkWxLhDUbfVCBU8NSc,"O Retorno do Boombap - Bônus","ERREJOTACULTDRILL, Vol. 2 - Esquema Novo","Big Bllakk;Rock Danger;MG CDD;Babidi",2023-07-28,134831,36,true,8jtopaclkzi6fkcxvnzy3t27q,2023-07-28T14:00:12Z,"boom bap,grime,hip hop brasileiro,drill,trap brasileiro,trap,trap funk","Rock Danger",0.581,0.571,10,-5.684,0,0.311,0.111,0.0000173,0.075,0.339,177.843,4
spotify:track:6AIOAo6lOe9qvoy76LH17j,"Reduto de Malandro","Autodomínio","pumapjl;SonoTWS",2023-07-28,101333,56,true,8jtopaclkzi6fkcxvnzy3t27q,2023-07-28T14:04:57Z,"boom bap,hip hop brasileiro","Tired Of People",0.471,0.949,0,-6.6,1,0.242,0.0263,0,0.825,0.751,91.572,4
spotify:track:6Ubs7xNWOPnr3tgLFCaCf3,"O Que É Meu Ninguém Me Tira","Autodomínio","pumapjl;SonoTWS",2023-07-28,63614,56,true,8jtopaclkzi6fkcxvnzy3t27q,2023-07-28T14:25:32Z,"boom bap,hip hop brasileiro","Tired Of People",0.748,0.741,1,-4.529,1,0.27,0.0267,0.0438,0.167,0.382,166.08,4
spotify:track:33zbOXJSwW7uf4VXXWow2O,"the ends","Birds In The Trap Sing McKnight","Travis Scott",2016-09-16,201263,64,true,8jtopaclkzi6fkcxvnzy3t27q,2023-08-09T15:20:46Z,"rap","Cactus Jack / Epic",0.585,0.737,4,-4.121,0,0.191,0.0661,0,0.0904,0.0497,171.853,4
spotify:track:2Zy7XVdxyZQB8xp5xbpJdl,"way back","Birds In The Trap Sing McKnight","Travis Scott",2016-09-16,272500,66,true,8jtopaclkzi6fkcxvnzy3t27q,2023-08-09T15:20:53Z,"rap","Cactus Jack / Epic",0.396,0.554,0,-5.048,1,0.0488,0.222,0,0.612,0.17,117.384,4
spotify:track:177WEvlLsCc0FzCTWslawr,"outside","Birds In The Trap Sing McKnight","Travis Scott",2016-09-16,176488,58,true,8jtopaclkzi6fkcxvnzy3t27q,2023-08-09T16:03:52Z,"rap","Cactus Jack / Epic",0.758,0.616,2,-3.471,1,0.311,0.503,0,0.103,0.494,165.906,4
spotify:track:76gcXhY3Zv6wW0BTe9nHJo,"TIL FURTHER NOTICE (feat. James Blake & 21 Savage)","UTOPIA","Travis Scott;James Blake;21 Savage",2023-07-28,314836,75,true,8jtopaclkzi6fkcxvnzy3t27q,2023-08-15T13:42:16Z,"rap","Cactus Jack/Epic",0.65,0.659,3,-6.522,0,0.123,0.174,0.00772,0.126,0.154,76.985,4
spotify:track:06W0pTzzF4h3F710ktH8vi,"DESCONSIDERA","OgEMr","Froid;Ecologyk;Leviano;éoTGL",2023-08-18,182485,32,true,8jtopaclkzi6fkcxvnzy3t27q,2023-08-18T12:14:53Z,"hip hop brasileiro,boom bap,trap brasileiro,trap,trap funk","Froid",0.78,0.608,5,-7.803,0,0.0807,0.327,0,0.107,0.582,117.007,4
spotify:track:7bppoyQ2c9gz6mSZIxY4d2,"BABY MAMA","OgEMr","Froid;Ecologyk;Vitão;éoTGL",2023-08-18,184014,29,true,8jtopaclkzi6fkcxvnzy3t27q,2023-08-18T12:17:59Z,"hip hop brasileiro,boom bap,trap brasileiro,trap,pop nacional,trap funk","Froid",0.6,0.468,2,-7.999,0,0.137,0.584,0,0.0995,0.526,59.877,4
spotify:track:1EhzIMCP5OUPxsHSdAIJTD,"GRECIA II","OgEMr","Froid;Ecologyk",2023-08-18,243706,27,true,8jtopaclkzi6fkcxvnzy3t27q,2023-08-18T12:42:57Z,"hip hop brasileiro,boom bap,trap brasileiro,trap","Froid",0.8,0.538,9,-7.595,0,0.156,0.156,0.000269,0.0856,0.267,130.037,4
spotify:track:2jW83SYmIQex3kDHBX7yQN,"DUNK","OgEMr","Froid;Ecologyk",2023-08-18,100937,25,true,8jtopaclkzi6fkcxvnzy3t27q,2023-08-18T12:45:13Z,"hip hop brasileiro,boom bap,trap brasileiro,trap","Froid",0.64,0.652,2,-8.413,1,0.296,0.038,0.000405,0.122,0.189,97.341,4
spotify:track:5oidbmbRWgd9DtvBwuZd3Z,"PRODUTO CARO","OgEMr","Froid;Ecologyk;Tchelo",2023-08-18,143697,26,true,8jtopaclkzi6fkcxvnzy3t27q,2023-08-18T12:46:49Z,"hip hop brasileiro,boom bap,trap brasileiro,trap,trap funk","Froid",0.788,0.608,6,-7.127,1,0.236,0.059,0,0.104,0.279,75.991,4
spotify:track:4P5JjVyCPebFlhETcpPQlk,"Grime de Puto","Grime de Puto","Derxan;Beat do Ávila",2022-02-11,178723,49,true,8jtopaclkzi6fkcxvnzy3t27q,2023-08-18T20:58:43Z,"boom bap,grime,hip hop brasileiro","FIGA DIGITAL",0.587,0.805,6,-7.44,0,0.391,0.0925,0,0.189,0.833,137.162,4
spotify:track:4xDwCYhobDehSBGUmd5H6Y,"FEEL NOTHING","DISPOSE","The Plot In You",2018-02-16,216826,74,true,8jtopaclkzi6fkcxvnzy3t27q,2023-08-20T20:37:29Z,"metalcore","Fearless Records",0.448,0.825,4,-5.307,0,0.0621,0.00353,0,0.108,0.226,144.17,4
spotify:track:1yBlyZQzktJsyEabR5YMSx,"Contatos","Contatos","Kayuá;BK;CHS",2017-06-13,252622,25,true,8jtopaclkzi6fkcxvnzy3t27q,2023-08-24T16:03:23Z,"hip hop brasileiro,boom bap,trap brasileiro","KAYUÁ",0.715,0.741,8,-7.944,1,0.605,0.153,0,0.0791,0.6,121.994,4
spotify:track:10OyIs6KCOmDO19J5wWFPx,"Call Out My Name - Live","Live At SoFi Stadium","The Weeknd",2023-03-03,242899,57,false,8jtopaclkzi6fkcxvnzy3t27q,2023-08-25T13:06:47Z,"","The Weeknd/Lyric",0.263,0.57,2,-6.824,0,0.0417,0.0151,0.00000536,0.927,0.119,93.345,4
spotify:track:3uxc6B7LaEeOdLe4WWzME8,"Faz Completo, Chefe","Faz Completo, Chefe","Mc IG;DJ WN",2023-08-10,127228,49,false,8jtopaclkzi6fkcxvnzy3t27q,2023-08-29T23:36:15Z,"funk,trap funk,funk consciente","WM Brazil",0.714,0.373,4,-8.01,0,0.0917,0.593,0.00202,0.0897,0.703,165.935,4
spotify:track:3ZMozUaivImKgfeDEJaQR6,"Lilith","Gênesis","RickSan;K8TIE",2023-05-31,242213,0,false,8jtopaclkzi6fkcxvnzy3t27q,2023-08-30T15:34:59Z,"","Vionce",0.522,0.668,2,-5.67,0,0.0476,0.36,0.0000291,0.101,0.306,74.986,4
spotify:track:716PQM0u5KAK2ZewFFvWNX,"O Que Você Quer De Mim?","O Que Você Quer De Mim?","DJ Zullu;Lil Gabi;JF",2023-08-29,177230,31,false,8jtopaclkzi6fkcxvnzy3t27q,2023-09-01T12:37:47Z,"funk,funk carioca,trap brasileiro,trap funk,hip hop brasileiro","FUTURE",0.789,0.341,2,-13.777,0,0.0504,0.471,0,0.24,0.442,129.916,4
spotify:track:0XHJ2LfnrETLopLCt6xBY6,"Vida Cara","Vida Cara","Orochi;Chefin;DomLaike;Kizzy",2023-01-09,307692,60,true,8jtopaclkzi6fkcxvnzy3t27q,2023-09-01T13:35:42Z,"trap brasileiro,hip hop brasileiro,trap funk,trap,funk","Mainstreet Records",0.713,0.582,1,-5.727,0,0.0518,0.377,0,0.0991,0.191,116.919,4
spotify:track:7qE3yPi9s1SdhSVEuOfFw4,"X6","Vida Cara","Orochi;BK;MD Chefe;TkN;Buccy",2023-01-09,293009,47,true,8jtopaclkzi6fkcxvnzy3t27q,2023-09-01T16:00:54Z,"trap brasileiro,hip hop brasileiro,trap funk,trap,boom bap","Mainstreet Records",0.47,0.739,8,-6.343,1,0.175,0.323,0,0.111,0.425,103.004,4
spotify:track:7mfTJHuQRA3swODT3GXx59,"Jogos e Apostas","Vida Cara","Orochi;PL Quest;RUXN;Galdino",2023-01-09,183265,44,true,8jtopaclkzi6fkcxvnzy3t27q,2023-09-01T16:00:57Z,"trap brasileiro,hip hop brasileiro,trap funk,trap","Mainstreet Records",0.436,0.8,2,-4.816,1,0.142,0.127,0,0.11,0.455,148.173,4
spotify:track:2O9hsVDgcwTUWTV8oluw3A,"Trndsttr - Lucian Remix","Trndsttr (Lucian Remix)","Black Coast;M. Maggie;Lucian",2016-02-18,179658,0,false,8jtopaclkzi6fkcxvnzy3t27q,2023-09-11T21:48:52Z,"future bass","Ultra Records",0.794,0.476,2,-4.337,0,0.0558,0.354,0.00307,0.332,0.471,129.827,4
spotify:track:2rJvc7nSYWBKAuNUMx1Cr2,"Don't Like.1","Kanye West Presents Good Music Cruel Summer","Kanye West;Chief Keef;Pusha T;Big Sean;Jadakiss",2012-01-01,283653,60,true,8jtopaclkzi6fkcxvnzy3t27q,2023-09-13T15:12:28Z,"rap,drill de chicago,drill,east coast hip hop","Getting Out Our Dreams Inc. (G.O.O.D.) Music / IDJ",0.656,0.612,6,-5.415,0,0.225,0.0094,0,0.146,0.626,132.072,4
spotify:track:7lY80jq9loXF9fc2mW3OB3,"Reino na Terra","Um Toque de Malandragem","MC Ryan SP;Tz da Coronel;Tizi Kilates;Dallass;Rocco",2023-09-12,191867,34,false,8jtopaclkzi6fkcxvnzy3t27q,2023-09-17T23:10:55Z,"funk,funk consciente,trap funk,trap brasileiro,trap,hip hop brasileiro","WM Brazil",0.676,0.639,3,-4.742,0,0.181,0.214,0,0.149,0.568,139.791,4
spotify:track:0s3C4DJOZNabDL7FW9tlCo,"Freestyle #TPJ 2","Freestyle #TPJ 2","Kamas Skuh",2022-06-02,89626,34,true,8jtopaclkzi6fkcxvnzy3t27q,2023-09-20T21:53:37Z,"rap francês,drill","Skuh Music",0.835,0.74,1,-8.194,1,0.415,0.332,0,0.0865,0.809,140.048,4
spotify:track:5Op5O7reTZPg4HmeTtipt4,"Balti 4","Balti 4","Gotti Maras",2020-07-10,173538,17,true,8jtopaclkzi6fkcxvnzy3t27q,2023-09-20T22:04:47Z,"drill,rap francês","LUCID RECORDS",0.604,0.503,9,-7.498,1,0.517,0.313,0,0.0942,0.337,86.519,4
spotify:track:4rXLjWdF2ZZpXCVTfWcshS,"fukumean","a Gift & a Curse","Gunna",2023-06-16,125040,81,true,8jtopaclkzi6fkcxvnzy3t27q,2023-09-25T00:23:08Z,"rap melódico","300 Entertainment",0.847,0.622,1,-6.747,0,0.0903,0.119,0,0.285,0.22,130.001,4
spotify:track:7r6PigmGzlB3YPB7wvBBbi,"No Church In The Wild","Watch The Throne","JAŸ-Z;Kanye West;Frank Ocean;THE-DREAM",2011-08-08,272506,80,true,8jtopaclkzi6fkcxvnzy3t27q,2023-09-25T12:37:29Z,"hip hop,east coast hip hop,rap,r&b","Roc Nation/RocAFella/IDJ",0.654,0.75,8,-7.509,0,0.105,0.244,0.0178,0.167,0.557,92.773,4
spotify:track:0eaVIYo2zeOaGJeqZ5TwYz,"No Pole","Love Sick (Deluxe)","Don Toliver",2023-02-28,187613,89,true,8jtopaclkzi6fkcxvnzy3t27q,2023-09-26T13:58:49Z,"","Cactus Jack / Atlantic",0.328,0.631,5,-5.169,0,0.0465,0.0714,0,0.567,0.382,85.262,4
spotify:track:5hUYsaOyMY32yjRXeuQwGj,"Mirror","Tha Carter IV (Complete Edition)","Lil Wayne;Bruno Mars",2011-08-29,228093,79,true,8jtopaclkzi6fkcxvnzy3t27q,2023-09-27T11:54:21Z,"rap,hip hop","CM/Republic",0.328,0.622,5,-7.291,0,0.0866,0.858,0,0.104,0.401,74.267,4
spotify:track:075akCXHwRdqMJvBhjBVWa,"Casaco De Grife","Essa Minha Vida Bandida","Dfideliz;Leviano;Galdino;RUXN;Deluca",2023-05-29,124878,42,false,8jtopaclkzi6fkcxvnzy3t27q,2023-09-29T11:10:12Z,"trap brasileiro,hip hop brasileiro,trap,trap funk","Virgin Music Label And Artist Services (S&D)",0.845,0.433,1,-6.9,1,0.215,0.0104,0,0.116,0.273,123.009,4
spotify:track:0jFEunmpCB3mRsi8E6aWKT,"Twerk","Essa Minha Vida Bandida","Dfideliz;Luccas Carlos;Nagalli;Toledo;THEU$;Honaiser",2023-05-29,187200,39,false,8jtopaclkzi6fkcxvnzy3t27q,2023-09-29T11:10:21Z,"trap brasileiro,hip hop brasileiro,trap,trap funk,pop nacional","Virgin Music Label And Artist Services (S&D)",0.787,0.56,7,-8.626,0,0.1,0.143,0,0.112,0.175,100.059,4
spotify:track:4VQOUertHGuID2EgEzVF30,"Intriga","Essa Minha Vida Bandida","Dfideliz;Mc Luanna;Nagalli;Toledo;Honaiser",2023-05-29,152380,46,false,8jtopaclkzi6fkcxvnzy3t27q,2023-09-29T11:10:25Z,"trap brasileiro,hip hop brasileiro,trap,trap funk","Virgin Music Label And Artist Services (S&D)",0.76,0.492,5,-11.26,0,0.497,0.246,0,0.102,0.409,125.838,4
spotify:track:1zroec1I5pmKanj3VQp6ou,"Preto Rico 2","Essa Minha Vida Bandida","Dfideliz;Nagalli;Neckklace;Neconbeat",2023-05-29,120000,29,false,8jtopaclkzi6fkcxvnzy3t27q,2023-09-29T11:10:29Z,"trap brasileiro,hip hop brasileiro,trap,trap funk","Virgin Music Label And Artist Services (S&D)",0.873,0.566,5,-11.767,0,0.336,0.112,0,0.109,0.114,128.013,4
spotify:track:2uud5NMBzVYWIxh0v6IcrF,"Meia Noite","Essa Minha Vida Bandida","Dfideliz;MC Joãozinho VT;Menor MC;Nagalli;Toledo;Viper",2023-05-29,176000,50,false,8jtopaclkzi6fkcxvnzy3t27q,2023-09-29T11:10:32Z,"trap brasileiro,hip hop brasileiro,trap,trap funk,funk,funk consciente","Virgin Music Label And Artist Services (S&D)",0.814,0.519,9,-6.13,0,0.191,0.467,0,0.117,0.27,119.806,5
spotify:track:2nN2jjTbuMi8firQoOD2EG,"Vudu","Essa Minha Vida Bandida","Dfideliz;Celo1st",2023-05-29,131250,30,false,8jtopaclkzi6fkcxvnzy3t27q,2023-09-29T11:10:35Z,"trap brasileiro,hip hop brasileiro,trap,trap funk","Virgin Music Label And Artist Services (S&D)",0.915,0.589,0,-7.389,1,0.303,0.0618,0,0.1,0.686,128.002,4
spotify:track:3YR1mrL8fhZyv6w7A9HwVg,"Sinto Mó Saudade","Essa Minha Vida Bandida","Dfideliz;Azevedo;SV;Galdino;meLLo",2023-05-29,190000,32,false,8jtopaclkzi6fkcxvnzy3t27q,2023-09-29T11:10:39Z,"trap brasileiro,hip hop brasileiro,trap,trap funk","Virgin Music Label And Artist Services (S&D)",0.75,0.59,8,-9.106,0,0.206,0.235,0,0.0985,0.792,120.052,4
spotify:track:0YFqKxV9uNu6LUeYkLOKRS,"On Time (with John Legend)","HEROES & VILLAINS","Metro Boomin;John Legend",2022-12-02,168920,64,true,8jtopaclkzi6fkcxvnzy3t27q,2023-09-29T11:13:57Z,"o lado suave do pop,neo soul","Republic Records",0.358,0.601,5,-6.7,0,0.048,0.749,0.000407,0.313,0.497,82.513,3
spotify:track:0vjeOZ3Ft5jvAi9SBFJm1j,"Superhero (Heroes & Villains) [with Future & Chris Brown]","HEROES & VILLAINS","Metro Boomin;Future;Chris Brown",2022-12-02,182666,80,true,8jtopaclkzi6fkcxvnzy3t27q,2023-09-29T11:14:00Z,"rap,r&b","Republic Records",0.709,0.583,5,-5.298,0,0.204,0.138,0.00000297,0.195,0.533,116.624,4
spotify:track:2Hh3ETdQKrmSI3QS0hme7g,"Too Many Nights (feat. Don Toliver & with Future)","HEROES & VILLAINS","Metro Boomin;Future;Don Toliver",2022-12-02,199920,85,true,8jtopaclkzi6fkcxvnzy3t27q,2023-09-29T11:14:03Z,"rap","Republic Records",0.573,0.668,7,-4.356,0,0.0467,0.189,0.0000401,0.109,0.145,87.973,4
spotify:track:1pacwLXyRO47ka0v6LTIiY,"Raindrops (Insane) [with Travis Scott]","HEROES & VILLAINS","Metro Boomin;Travis Scott",2022-12-02,188586,72,true,8jtopaclkzi6fkcxvnzy3t27q,2023-09-29T11:14:07Z,"rap","Republic Records",0.804,0.539,7,-5.949,0,0.0391,0.0972,0,0.347,0.12,111.975,4
spotify:track:2dHHgzDwk4BJdRwy9uXhTO,"Creepin' (with The Weeknd & 21 Savage)","HEROES & VILLAINS","Metro Boomin;The Weeknd;21 Savage",2022-12-02,221520,83,true,8jtopaclkzi6fkcxvnzy3t27q,2023-09-29T11:14:19Z,"","Republic Records",0.716,0.613,1,-6.018,0,0.0522,0.391,0,0.0813,0.157,97.914,4
spotify:track:4WuOWVnAqvEQxgSRrspBgt,"Niagara Falls (Foot or 2) [with Travis Scott & 21 Savage]","HEROES & VILLAINS","Metro Boomin;Travis Scott;21 Savage",2022-12-02,207306,74,true,8jtopaclkzi6fkcxvnzy3t27q,2023-09-29T11:14:25Z,"rap","Republic Records",0.667,0.648,2,-5.117,1,0.284,0.175,0.000155,0.147,0.254,87.975,4
spotify:track:3LLoZcwEjjApTTTtUdTNDo,"Karma","Para Todos os Garotos que já Mamei","N.I.N.A;Pineapple StormTv;Mc Luanna",2023-08-31,177230,62,true,8jtopaclkzi6fkcxvnzy3t27q,2023-09-29T11:14:49Z,"hip hop brasileiro,trap brasileiro","Pineapple Storm",0.516,0.651,0,-7.283,1,0.187,0.592,0.0000946,0.114,0.374,99.699,3
spotify:track:04WxWo7XeVyx22xEsrWRUb,"GOD'S COUNTRY","UTOPIA","Travis Scott",2023-07-28,127991,63,true,8jtopaclkzi6fkcxvnzy3t27q,2023-09-29T11:15:05Z,"rap","Cactus Jack/Epic",0.624,0.65,2,-5.819,1,0.0358,0.0229,0.0000121,0.145,0.138,150.048,4
spotify:track:02K2VtGdUG5fUlAQATEgE6,"SHAQ & KOBE","SHAQ & KOBE","Rick Ross;Meek Mill",2023-09-29,219617,46,true,8jtopaclkzi6fkcxvnzy3t27q,2023-10-03T14:17:20Z,"southern hip hop,rap","Maybach Music Group under exclusive license to gamma.",0.493,0.737,10,-4.757,0,0.496,0.194,0,0.254,0.482,173.579,4
spotify:track:5pa98gAoNUMbjFwtEzj5qK,"Sobrevivendo ao Inferno","Eu Também Sou um Anjo","VND;KOPO;wavybil",2021-08-27,73125,54,false,8jtopaclkzi6fkcxvnzy3t27q,2023-10-03T15:02:02Z,"boom bap,hip hop brasileiro,grime","KOPO",0.476,0.573,10,-7.747,0,0.0336,0.552,0.0000128,0.129,0.695,63.449,4
spotify:track:1O1UFctsYibDVbIJbbm7oa,"Eu Também Sou um Anjo","Eu Também Sou um Anjo","VND;KOPO;Babidi;Derxan",2021-08-27,130909,45,false,8jtopaclkzi6fkcxvnzy3t27q,2023-10-03T15:02:21Z,"boom bap,hip hop brasileiro,grime","KOPO",0.716,0.544,0,-9.802,0,0.129,0.0332,0.000128,0.109,0.844,132.038,4
spotify:track:3oENzGnFyS2sQnvkmBXr8J,"Bx Drill 2","Bx Drill 2","Gotti Maras",2021-01-08,151285,23,true,8jtopaclkzi6fkcxvnzy3t27q,2023-10-04T21:52:05Z,"drill,rap francês","LUCID RECORDS",0.886,0.644,7,-7.193,1,0.627,0.171,0,0.102,0.675,139.903,4
spotify:track:1udwFobQ1JoOdWPQrp2b6u,"Surround Sound (feat. 21 Savage & Baby Tate)","The Forever Story (Extended Version)","JID;21 Savage;Baby Tate",2022-10-31,229938,78,true,8jtopaclkzi6fkcxvnzy3t27q,2023-10-05T00:54:04Z,"","Dreamville/Interscope",0.574,0.567,7,-7.126,0,0.465,0.164,0,0.258,0.526,75.965,4
spotify:track:2MHedU6XCsTFfXu6k8JFWZ,"BLAH BLAH","Trap The Fato Deluxe","Derek;Baco Exu do Blues",2023-10-06,202718,36,true,8jtopaclkzi6fkcxvnzy3t27q,2023-10-06T11:20:13Z,"trap brasileiro,trap,hip hop brasileiro,trap funk","Universal Music Ltda.",0.816,0.746,1,-9.473,1,0.195,0.326,0,0.787,0.557,102.984,4
spotify:track:1RuqE9yKztjJcEL9D5MFM1,"VIVÊNCIAS DO TRAP","Trap The Fato Deluxe","Derek;Jé;Yunk Vino;Nagalli",2023-10-06,157714,50,true,8jtopaclkzi6fkcxvnzy3t27q,2023-10-06T11:25:29Z,"trap brasileiro,trap,hip hop brasileiro,trap funk","Universal Music Ltda.",0.852,0.454,8,-7.307,1,0.0696,0.0385,0.00000287,0.126,0.39,139.927,4
spotify:track:2hB98xPNhpahju25eLttyz,"NOVINHA MANDRAKA","Trap The Fato Deluxe","Derek;Mc Luanna;Nagalli",2023-10-06,178758,34,true,8jtopaclkzi6fkcxvnzy3t27q,2023-10-06T11:32:33Z,"trap brasileiro,trap,hip hop brasileiro,trap funk","Universal Music Ltda.",0.834,0.6,1,-7.326,1,0.563,0.253,0,0.231,0.352,144.895,4
spotify:track:7jfg7BUARxTAMcJvtvKrKE,"TAPINHA NO GRELO","Trap The Fato Deluxe","Derek;Dfideliz;A$HP;Nagalli",2023-10-06,256488,34,true,8jtopaclkzi6fkcxvnzy3t27q,2023-10-06T11:57:24Z,"trap brasileiro,trap,hip hop brasileiro,trap funk","Universal Music Ltda.",0.705,0.705,8,-7.176,1,0.278,0.0906,0,0.344,0.267,130.952,4
spotify:track:187fbaIQgtr7TrOBwCyEM0,"EU ENTENDO","Trap The Fato Deluxe","Derek;M'DEP",2023-10-06,230204,34,true,8jtopaclkzi6fkcxvnzy3t27q,2023-10-06T12:23:23Z,"trap brasileiro,trap,hip hop brasileiro,trap funk","Universal Music Ltda.",0.745,0.403,6,-7.556,0,0.0941,0.304,0.0000102,0.118,0.401,98.027,4
spotify:track:4yGqOPTvqiCLwRP8g1zkEs,"OK OK FREESTYLE PT.2","Trap The Fato Deluxe","Derek;Stef",2023-10-06,222043,29,true,8jtopaclkzi6fkcxvnzy3t27q,2023-10-06T12:26:24Z,"trap brasileiro,trap,hip hop brasileiro,trap funk","Universal Music Ltda.",0.635,0.47,4,-12.993,0,0.0424,0.355,0,0.183,0.615,146.968,4
spotify:track:03lLiKHLJNYmOcnyfJP4fI,"BALACLAVA","Trap The Fato Deluxe","Derek;Ras Akin;Leozin",2023-10-06,243692,33,true,8jtopaclkzi6fkcxvnzy3t27q,2023-10-06T12:49:19Z,"trap brasileiro,trap,hip hop brasileiro,trap funk","Universal Music Ltda.",0.755,0.61,11,-7.913,0,0.04,0.582,0,0.149,0.263,129.943,4
spotify:track:7KTeincxdoQhp2sw8hlsRY,"BRAZIL BOYS","Trap The Fato Deluxe","Derek;G4 Boyz",2023-10-06,162684,31,true,8jtopaclkzi6fkcxvnzy3t27q,2023-10-06T12:49:25Z,"trap brasileiro,trap,hip hop brasileiro,trap funk,asakaa,drill,drill do brooklyn,drill reino unido,drill de nova iorque,hip hop ganês","Universal Music Ltda.",0.76,0.47,1,-5.329,1,0.474,0.0762,0.00000168,0.106,0.214,74.424,4
spotify:track:59XgYFAlA8GyjOAaNQF29E,"ÓPIO","Trap The Fato Deluxe","Derek;Slipmami",2023-10-06,209245,42,true,8jtopaclkzi6fkcxvnzy3t27q,2023-10-06T12:49:28Z,"trap brasileiro,trap,hip hop brasileiro,trap funk","Universal Music Ltda.",0.841,0.582,9,-6.462,0,0.0467,0.585,0,0.209,0.572,116.977,4
spotify:track:3lv3FZwHzcHvVIUaqujVey,"NA ONDA","Trap The Fato Deluxe","Derek;Duquesa;Kafé",2023-10-06,251428,39,true,8jtopaclkzi6fkcxvnzy3t27q,2023-10-06T12:56:49Z,"trap brasileiro,trap,hip hop brasileiro,trap funk","Universal Music Ltda.",0.615,0.461,9,-8.031,0,0.11,0.501,0.00000916,0.128,0.357,83.898,4
spotify:track:54FV2rMVwLusAVnzROB0c1,"Mesma História","Vida Cara (Deluxe)","Orochi;Caio Luccas;Pedro Lotto;Mainstreet;Galdino;Ribb",2023-10-06,163636,67,true,8jtopaclkzi6fkcxvnzy3t27q,2023-10-06T13:53:01Z,"trap brasileiro,hip hop brasileiro,trap funk,trap,funk consciente","Mainstreet Records",0.464,0.615,1,-5.943,0,0.164,0.594,0,0.135,0.486,70.047,4
spotify:track:6WgbUmH1yKA2YJ5NY2upOA,"Amor Eu Tô no Estúdio","Vida Cara (Deluxe)","Orochi;MC GP;MC Ryan SP;Mainstreet;RUXN;Ribb",2023-10-06,164571,64,true,8jtopaclkzi6fkcxvnzy3t27q,2023-10-06T13:56:43Z,"trap brasileiro,hip hop brasileiro,trap funk,trap,funk,funk consciente","Mainstreet Records",0.535,0.614,6,-5.877,1,0.0451,0.0492,0,0.103,0.244,139.792,3
spotify:track:6sqibU9Tq9ZXYxY2DthWsT,"Zero Bala","Vida Cara (Deluxe)","Orochi;Kizzy;RUXN;Mainstreet;Ajaxx;H4lfmeasures",2023-10-06,144000,40,true,8jtopaclkzi6fkcxvnzy3t27q,2023-10-06T14:19:20Z,"trap brasileiro,hip hop brasileiro,trap funk,trap","Mainstreet Records",0.626,0.697,5,-4.944,0,0.0781,0.0885,0,0.38,0.507,139.764,4
spotify:track:38r9CzTvjFuEC4PrzRI78K,"Floripa","Vida Cara (Deluxe)","Orochi;Leviano;Shenlong;Feek;SV;Mainstreet;Dallass;Kizzy",2023-10-06,340425,40,true,8jtopaclkzi6fkcxvnzy3t27q,2023-10-06T14:28:51Z,"trap brasileiro,hip hop brasileiro,trap funk,trap","Mainstreet Records",0.518,0.819,11,-3.638,0,0.0698,0.11,0,0.155,0.321,140.808,4
spotify:track:1JHWUKjEkO4gMSsdpgAqOy,"Mil Motivos","Vida Cara (Deluxe)","Orochi;Mainstreet;RUXN",2023-10-06,149538,37,true,8jtopaclkzi6fkcxvnzy3t27q,2023-10-06T14:46:39Z,"trap brasileiro,hip hop brasileiro,trap funk,trap","Mainstreet Records",0.591,0.73,0,-5.16,1,0.149,0.395,0,0.1,0.55,129.917,4
spotify:track:12A2LExOGBY6aM9euKv2cJ,"Bottega Veneta","Vida Cara (Deluxe)","Orochi;Mainstreet;RUXN;H4lfmeasures;MATHINVOKER",2023-10-06,145454,36,true,8jtopaclkzi6fkcxvnzy3t27q,2023-10-06T14:48:44Z,"trap brasileiro,hip hop brasileiro,trap funk,trap","Mainstreet Records",0.669,0.689,5,-6.948,0,0.0971,0.114,0,0.0975,0.259,99.008,4
spotify:track:6lzDAEAXPa17dwTmYXImwD,"Pobre é o diabo","Músicas Para Fumar Balão","Pineapple StormTv;Derxan;Big Bllakk;Pedro Apoema",2023-04-20,141428,42,true,8jtopaclkzi6fkcxvnzy3t27q,2023-10-07T15:05:24Z,"hip hop brasileiro,trap brasileiro,boom bap,grime,drill","Pineapple Storm",0.845,0.626,7,-8.227,1,0.225,0.0232,0.000113,0.118,0.541,112.033,5
spotify:track:22WV03i2lBbwNVCE1g671p,"151 Rum","DiCaprio 2","JID",2018-11-26,156780,69,true,8jtopaclkzi6fkcxvnzy3t27q,2023-10-08T18:59:49Z,"","J. Cole/ DreamVille",0.756,0.867,7,-3.626,1,0.162,0.155,0.00285,0.33,0.666,129.983,4
spotify:track:2Q7rCzhuWFdVgUCbQYPZkL,"RAVE","Trap The Fato Deluxe","Derek;DESSIIIK",2023-10-06,144000,25,true,8jtopaclkzi6fkcxvnzy3t27q,2023-10-09T11:39:54Z,"trap brasileiro,trap,hip hop brasileiro,trap funk","Universal Music Ltda.",0.759,0.676,5,-6.114,1,0.145,0.576,0.0000013,0.119,0.53,140.035,4
spotify:track:53d5THIukxStMHSJrGOOvu,"7 NOVINHA PRA 2 MLK - BONUS TRACK","Trap The Fato Deluxe","Derek;Emitê Único;Senndy",2023-10-06,180923,54,true,8jtopaclkzi6fkcxvnzy3t27q,2023-10-09T11:45:18Z,"trap brasileiro,trap,hip hop brasileiro,trap funk","Universal Music Ltda.",0.806,0.636,1,-4.919,1,0.201,0.00397,0,0.637,0.303,129.991,4
spotify:track:3jwlXvfPNOiATnucQH6BrO,"Iluminado","Vida Cara","Orochi;Trippie Redd;Ajaxx;DJ Nemo NTR",2023-01-09,236065,49,true,8jtopaclkzi6fkcxvnzy3t27q,2023-10-09T11:51:39Z,"trap brasileiro,hip hop brasileiro,trap funk,trap,rap melódico,funk consciente","Mainstreet Records",0.7,0.662,1,-5.716,1,0.0883,0.15,0,0.0951,0.708,121.996,4
spotify:track:1SylEOuzfmCDlkAVrjwcUV,"Amém","Vida Cara","Orochi;Tz da Coronel;Kizzy",2023-01-09,209387,44,true,8jtopaclkzi6fkcxvnzy3t27q,2023-10-09T11:51:46Z,"trap brasileiro,hip hop brasileiro,trap funk,trap","Mainstreet Records",0.559,0.635,2,-7.373,1,0.0486,0.231,0,0.365,0.238,97.875,4
spotify:track:0IDrhhTieZacVGhcWEl3bL,"O Tempo É Professor","Vida Cara","Orochi;Oruam;Mvk;RUXN;Kizzy",2023-01-09,260338,51,true,8jtopaclkzi6fkcxvnzy3t27q,2023-10-09T11:51:49Z,"trap brasileiro,hip hop brasileiro,trap funk,trap,funk","Mainstreet Records",0.434,0.644,4,-7.503,0,0.0775,0.123,0,0.11,0.274,113.884,4
spotify:track:3OuekU6OiqgQH5aE1CIGXz,"Neuroses","Vida Cara","Orochi;Azevedo;Shenlong;Kizzy",2023-01-09,231000,43,true,8jtopaclkzi6fkcxvnzy3t27q,2023-10-09T11:52:05Z,"trap brasileiro,hip hop brasileiro,trap funk,trap","Mainstreet Records",0.477,0.529,7,-7.172,1,0.111,0.07,0.0000159,0.114,0.297,159.997,1
spotify:track:4N5X9gkfB7PUV8iE1P7pon,"Afrodisíaco","Vida Cara","Orochi;Vulgo FK;Dallass;Kizzy",2023-01-09,244500,43,true,8jtopaclkzi6fkcxvnzy3t27q,2023-10-09T11:52:21Z,"trap brasileiro,hip hop brasileiro,trap funk,trap,funk","Mainstreet Records",0.604,0.629,2,-5.161,0,0.181,0.784,0,0.123,0.514,99.974,4
spotify:track:1WD3DB710SmoFjhASWo10D,"Pixadão","Vida Cara","Orochi;L7NNON;MC Paulin da Capital;RUXN;Mainstreet",2023-01-09,310344,0,true,8jtopaclkzi6fkcxvnzy3t27q,2023-10-09T11:52:42Z,"trap brasileiro,hip hop brasileiro,trap funk,trap,funk carioca,funk consciente,funk","Mainstreet Records",0.639,0.67,9,-5.716,0,0.322,0.0991,0,0.129,0.474,174.025,4
spotify:track:5geU4byUA1hnQofQPOsPDS,"Sereia","Vida Cara","Orochi;MC Ryan SP;Oruam;Xamã;Neo Beats;Kizzy;Mainstreet",2023-01-09,294418,69,true,8jtopaclkzi6fkcxvnzy3t27q,2023-10-09T11:52:44Z,"trap brasileiro,hip hop brasileiro,trap funk,trap,funk,funk consciente","Mainstreet Records",0.651,0.661,9,-5.08,1,0.147,0.276,0,0.105,0.505,114.528,5
spotify:track:63ih7IytiVEosEaJPuYu9x,"Perdas (Introdução)","Perdas & Ganhos","Vulgo FK;Wall Hein;Yokame",2023-07-14,191144,53,false,8jtopaclkzi6fkcxvnzy3t27q,2023-10-09T11:57:38Z,"trap brasileiro,trap funk,trap,funk,hip hop brasileiro","Som Livre",0.627,0.571,7,-12.14,0,0.402,0.314,0,0.101,0.0931,140.13,4
spotify:track:0Mrnt1YqVuW2bqmwu4VxDt,"Amen (feat. Teezo Touchdown)","For All The Dogs","Drake;Teezo Touchdown",2023-10-06,141212,60,true,8jtopaclkzi6fkcxvnzy3t27q,2023-10-09T12:10:06Z,"rap","OVO/Republic",0.646,0.605,0,-7.59,1,0.188,0.0636,0,0.253,0.309,90.156,3
spotify:track:06hxY2kZGdTHsrFZ9rJqNF,"Sodoma","Sodoma","ADL;Doist;Sant;Favela Cria",2018-02-15,369989,0,true,8jtopaclkzi6fkcxvnzy3t27q,2023-10-09T16:17:42Z,"hip hop brasileiro,boom bap","Favela Cria",0.687,0.729,6,-9.765,1,0.512,0.407,0,0.144,0.692,119.351,4
spotify:track:5QUZjrm4nF5SrT1JEQbhV0,"O Que Separa os Homens dos Meninos","O Que Separa os Homens dos Meninos, Vol. 1","Sant;#VVAR;Mc Marechal",2015-07-23,204000,52,true,8jtopaclkzi6fkcxvnzy3t27q,2023-10-09T16:23:38Z,"hip hop brasileiro,boom bap","VVAR",0.641,0.635,9,-10.05,1,0.868,0.796,0,0.104,0.66,80.483,4
spotify:track:1x4ADGTpBnBaMz4LEUl7Xn,"PORNSTAR","Trap The Fato Deluxe","Derek;The Boy",2023-10-06,194430,48,true,8jtopaclkzi6fkcxvnzy3t27q,2023-10-09T17:54:31Z,"trap brasileiro,trap,hip hop brasileiro,trap funk","Universal Music Ltda.",0.754,0.672,0,-7.259,0,0.0491,0.255,0.000146,0.18,0.589,157.946,4
spotify:track:4nva9EpKntUTs6CRSGBCn9,"Just A Lil Bit","The Massacre","50 Cent",2005-03-03,237706,84,true,8jtopaclkzi6fkcxvnzy3t27q,2023-10-14T14:33:02Z,"hip hop old school,east coast hip hop","Aftermath/Shady",0.489,0.692,1,-6.672,1,0.41,0.0322,0.00608,0.315,0.527,96.946,4
spotify:track:6fr3NW0wR4O3qFbUZBDVte,"Farejador","ANTI-HERÓI","TOKIODK;1AM",2022-11-18,164571,0,true,8jtopaclkzi6fkcxvnzy3t27q,2023-10-19T01:07:49Z,"boom bap,trap brasileiro,hip hop brasileiro,trap,trap funk","TOKIODK",0.716,0.6,11,-5.746,0,0.209,0.252,0,0.105,0.371,139.525,4
spotify:track:6XGN9afKuLwmXEipg53yqz,"Faça Dinheiro, Se Mantenha Vivo","Faça Dinheiro, Se Mantenha Vivo","LEALL;Nagalli",2021-12-10,138918,55,true,8jtopaclkzi6fkcxvnzy3t27q,2023-10-19T01:09:56Z,"boom bap,hip hop brasileiro,trap brasileiro,grime,trap,trap funk","LEALL",0.515,0.544,11,-5.741,0,0.458,0.727,0,0.147,0.283,51.612,4
spotify:track:0QQK0ZADpI6rlFx8frqeyp,"Danos Mentais","Danos Mentais","PRAGAS RARE;OG BRITTO;LEALL",2018-07-24,208148,50,false,8jtopaclkzi6fkcxvnzy3t27q,2023-10-19T01:29:02Z,"boom bap,grime,drill,hip hop brasileiro,trap brasileiro","PRAGAS RARE",0.575,0.558,2,-10.483,1,0.867,0.641,0,0.0659,0.612,67.679,3
spotify:track:2L0u8cn67KPS2vjHXVakan,"Lean na Fanta (feat. Derek, Dfideliz, MC Igu & Jé Santiago)","Calzone Tapes 3","Recayd Mob;Derek;Dfideliz;Jé;MC Igu",2021-11-19,200533,59,true,8jtopaclkzi6fkcxvnzy3t27q,2023-10-25T15:20:28Z,"trap brasileiro,trap,hip hop brasileiro,trap funk","Recayd",0.79,0.602,10,-6.808,1,0.0414,0.276,0.000112,0.113,0.112,116.999,4
spotify:track:3QUriWUE8WnWLpWxHA52k4,"Anota Placa","Anota Placa","Tz da Coronel;DJ PurpleRain.REC;Vinta",2020-08-28,235055,59,true,8jtopaclkzi6fkcxvnzy3t27q,2023-10-25T15:30:46Z,"trap brasileiro,trap funk,trap,hip hop brasileiro,funk,funk carioca","Purple Rain Records",0.747,0.628,8,-7.446,0,0.438,0.23,0,0.27,0.525,114.857,4
spotify:track:7DQcatEz0pafKCO6LYzSef,"tôbem","O Dono do Lugar","Djonga;Coyote Beatz",2022-10-13,200490,45,false,8jtopaclkzi6fkcxvnzy3t27q,2023-10-25T15:41:16Z,"hip hop brasileiro,boom bap,trap brasileiro","A Quadrilha",0.85,0.752,8,-6.563,1,0.249,0.39,0,0.742,0.737,107.031,4
spotify:track:6KgPTk8J2i1DOTSGvwhLPM,"Pura Adrenalina","Pura Adrenalina","Ryu, The Runner;dvrkness13",2022-12-09,138129,3,true,8jtopaclkzi6fkcxvnzy3t27q,2023-10-25T23:02:59Z,"trap brasileiro,trap,trap funk,hip hop brasileiro","SALVE CRAZY REC",0.866,0.551,0,-9.294,1,0.271,0.0608,0,0.126,0.658,139.212,4
spotify:track:4o82J5zr4DFEs9yj5szCVX,"K-POP (feat. Bad Bunny & The Weeknd)","UTOPIA","Travis Scott;Bad Bunny;The Weeknd",2023-07-28,185220,62,true,8jtopaclkzi6fkcxvnzy3t27q,2023-10-27T17:23:24Z,"rap,reggaeton,trap latino,latino,urbano latino","Cactus Jack/Epic",0.813,0.621,5,-5.614,0,0.0618,0.0405,0.00000274,0.67,0.545,121.057,4
spotify:track:1f5cbQtDrykjarZVrShaDI,"Drowning (feat. Kodak Black)","The Bigger Artist","A Boogie Wit da Hoodie;Kodak Black",2017-09-29,209269,81,true,8jtopaclkzi6fkcxvnzy3t27q,2023-10-30T21:58:56Z,"rap melódico","Highbridge The Label",0.839,0.81,5,-5.274,0,0.0568,0.501,0,0.117,0.814,129.014,4
spotify:track:1gmRmA1wKygqiyHQEreiUQ,"Let's Get This Paper","Rich Boy","Rich Boy",2007-01-01,538653,33,true,8jtopaclkzi6fkcxvnzy3t27q,2023-11-02T15:21:10Z,"southern hip hop,crunk","Zone 4 / Rich Boy / IGA",0.631,0.74,5,-4.969,0,0.205,0.0892,0,0.0795,0.432,144.454,4
spotify:track:40oKW22ZNNkEdZLJTScaQI,"Roll in Peace (feat. XXXTENTACION)","Project Baby 2: All Grown Up","Kodak Black;XXXTENTACION",2017-08-18,213132,75,true,8jtopaclkzi6fkcxvnzy3t27q,2023-11-10T11:56:14Z,"rap emo","Atlantic Records",0.747,0.524,10,-6.807,0,0.245,0.0306,0,0.2,0.363,140.053,4
spotify:track:1q3rJPBcsfEeOWL2WuTbqL,"Star Island","Too Good To Be True","Rick Ross;Meek Mill",2023-11-10,137920,45,true,8jtopaclkzi6fkcxvnzy3t27q,2023-11-10T16:31:37Z,"southern hip hop,rap","Maybach Music Group under exclusive license to gamma.",0.661,0.779,2,-3.435,1,0.27,0.0374,0,0.243,0.407,77.12,4
spotify:track:6F2OBVW0ydPbu2oeLICvHe,"Go To Hell","Too Good To Be True","Rick Ross;Meek Mill;Cool & Dre;BEAM",2023-11-10,219931,49,true,8jtopaclkzi6fkcxvnzy3t27q,2023-11-10T22:20:00Z,"southern hip hop,rap","Maybach Music Group under exclusive license to gamma.",0.381,0.899,0,-2.908,1,0.499,0.145,0,0.405,0.286,175.74,4
spotify:track:7GuyypFtmHPM16P0bWjqdP,"800 Karats","Too Good To Be True","Rick Ross;Meek Mill",2023-11-10,124163,45,true,8jtopaclkzi6fkcxvnzy3t27q,2023-11-10T22:20:04Z,"southern hip hop,rap","Maybach Music Group under exclusive license to gamma.",0.715,0.74,2,-3.999,1,0.196,0.0457,0,0.1,0.278,80.402,4
spotify:track:3Yz2rLkcpPZaJmz9QXH6IT,"Dead Last","Too Good To Be True","Rick Ross;Meek Mill;Fabolous;Vory",2023-11-10,256618,51,true,8jtopaclkzi6fkcxvnzy3t27q,2023-11-10T22:20:08Z,"southern hip hop,rap,trap soul","Maybach Music Group under exclusive license to gamma.",0.732,0.817,1,-4.466,0,0.287,0.0282,0,0.144,0.16,90.013,4
spotify:track:5rLBMFJNIB6jKkCg3i1Sek,"They Don't Really Love You","Too Good To Be True","Rick Ross;Meek Mill",2023-11-10,278530,43,true,8jtopaclkzi6fkcxvnzy3t27q,2023-11-10T22:20:20Z,"southern hip hop,rap","Maybach Music Group under exclusive license to gamma.",0.673,0.821,5,-5.433,0,0.1,0.231,0,0.191,0.758,89.986,4
spotify:track:5ynIERcVJGv0EdThKb71v0,"Million Dollar Trap","Too Good To Be True","Rick Ross;Meek Mill",2023-11-10,143697,40,true,8jtopaclkzi6fkcxvnzy3t27q,2023-11-10T22:20:24Z,"southern hip hop,rap","Maybach Music Group under exclusive license to gamma.",0.671,0.613,2,-5.187,1,0.254,0.0524,0,0.236,0.219,157.066,4
spotify:track:2Tl9IbMw4llG7yFzJPyEuN,"Grandiose","Too Good To Be True","Rick Ross;Meek Mill;Vory",2023-11-10,174747,39,true,8jtopaclkzi6fkcxvnzy3t27q,2023-11-10T22:24:46Z,"southern hip hop,rap,trap soul","Maybach Music Group under exclusive license to gamma.",0.741,0.694,2,-6.674,1,0.367,0.0222,0,0.11,0.29,139.771,4
spotify:track:6KSYUvohXkdYy6pyZS0zA0,"Above The Law","Too Good To Be True","Rick Ross;Meek Mill;DJ Khaled;Teyana Taylor",2023-11-10,212815,42,true,8jtopaclkzi6fkcxvnzy3t27q,2023-11-10T22:37:14Z,"southern hip hop,rap","Maybach Music Group under exclusive license to gamma.",0.665,0.871,7,-1.537,1,0.0472,0.02,0,0.125,0.402,100.056,4
spotify:track:45nzNqtVEn53J8h1qf8tkm,"Fine Lines","Too Good To Be True","Rick Ross;Meek Mill;THE-DREAM;Wale",2023-11-10,298330,40,true,8jtopaclkzi6fkcxvnzy3t27q,2023-11-10T22:37:21Z,"southern hip hop,rap,r&b","Maybach Music Group under exclusive license to gamma.",0.606,0.683,1,-4.941,1,0.272,0.254,0,0.119,0.223,79.037,4
spotify:track:7308gp7zJ2vGtsNkVI7wKg,"Pillow Talk","Too Good To Be True","Rick Ross;Meek Mill",2023-11-10,162157,41,true,8jtopaclkzi6fkcxvnzy3t27q,2023-11-10T22:50:15Z,"southern hip hop,rap","Maybach Music Group under exclusive license to gamma.",0.684,0.691,8,-4.1,1,0.151,0.0135,0,0.2,0.166,143.794,4
spotify:track:3dw4v5lOsKRqIX3c1bouJW,"In Luv With The Money","Too Good To Be True","Rick Ross;Meek Mill;Future",2023-11-10,189085,39,true,8jtopaclkzi6fkcxvnzy3t27q,2023-11-10T22:57:43Z,"southern hip hop,rap","Maybach Music Group under exclusive license to gamma.",0.644,0.811,11,-4.175,1,0.226,0.0731,0,0.28,0.489,141.989,4
spotify:track:3OCMZxU1rN32Kvb39JdsDm,"Gold Medals","Too Good To Be True","Rick Ross;Meek Mill;Jeremih",2023-11-10,272364,39,true,8jtopaclkzi6fkcxvnzy3t27q,2023-11-11T18:12:08Z,"southern hip hop,rap","Maybach Music Group under exclusive license to gamma.",0.578,0.68,0,-4.428,1,0.073,0.148,0,0.108,0.292,83.688,4
spotify:track:1h6w4POXM2LfG4ZD4xUfZQ,"The Hillbillies","The Hillbillies","Baby Keem;Kendrick Lamar",2023-06-05,204800,62,true,8jtopaclkzi6fkcxvnzy3t27q,2023-11-14T23:31:12Z,"hip hop,west coast hip hop","pgLang/Columbia",0.798,0.618,1,-5.932,1,0.192,0.0176,0,0.12,0.209,150.031,4
spotify:track:6syoEFGSKDumTu7VTvO44A,"Porsche Hortelã","Perdas & Ganhos","Vulgo FK;Pedro Lotto;Galdino",2023-07-14,137374,55,true,8jtopaclkzi6fkcxvnzy3t27q,2023-11-16T11:27:25Z,"trap brasileiro,trap funk,trap,funk,hip hop brasileiro","Som Livre",0.602,0.536,4,-8.27,0,0.151,0.503,0,0.0872,0.347,140.872,3
spotify:track:1aDGzQHWNCMy3pF1Stqjk7,"Celine","Perdas & Ganhos","Vulgo FK;KayBlack;WEY;Pedro Lotto;Wall Hein",2023-07-14,162506,63,false,8jtopaclkzi6fkcxvnzy3t27q,2023-11-16T11:33:37Z,"trap brasileiro,trap funk,trap,funk,hip hop brasileiro","Som Livre",0.641,0.43,0,-10.128,0,0.0547,0.347,0,0.1,0.301,120.141,4
spotify:track:6mtjo5kIHKlboGE84lf1FJ,"Need It","Need It","Migos;YoungBoy Never Broke Again",2020-05-22,195680,65,true,8jtopaclkzi6fkcxvnzy3t27q,2023-11-20T18:13:57Z,"trap","Quality Control Music/Motown Records",0.852,0.745,11,-3.667,0,0.171,0.0313,0,0.0824,0.897,148.007,4
spotify:track:2twZl1jsRbJRTNCE6VB6eW,"10 Carros","10 Carros","Chefin;Mainstreet;LB Único",2023-11-24,141176,60,true,8jtopaclkzi6fkcxvnzy3t27q,2023-11-27T03:16:02Z,"trap brasileiro,trap funk,trap,funk,hip hop brasileiro","Mainstreet Records",0.644,0.6,0,-4.805,0,0.415,0.15,0,0.131,0.518,136.189,4
spotify:track:2InS5VWKJQbsFBKOsf1cJB,"Let's Go 4","Let's Go 4","Dj GBR;Mc IG;MC Ryan SP;MC PH;Mc Davi;Mc Luki;Mc Don Juan;Mc Kadu;TrapLaudo;MC GP;MC GH do 7",2023-08-29,641941,70,true,8jtopaclkzi6fkcxvnzy3t27q,2023-11-27T11:34:17Z,"funk,trap funk,funk consciente,trap brasileiro","GR6 Music",0.782,0.631,10,-8.473,0,0.592,0.123,0,0.0808,0.866,113.427,5
spotify:track:3prPhmUXMdEdXnF3JEu79E,"Luzes","ICARUS","BK;Sango;Gigantes",2022-11-17,185443,1,false,8jtopaclkzi6fkcxvnzy3t27q,2023-11-28T19:01:36Z,"hip hop brasileiro,boom bap,trap brasileiro","Gigantes",0.658,0.706,8,-5.551,1,0.121,0.0835,0,0.382,0.259,145.956,4
spotify:track:27fr7JT1zjPnBAIjJwm2z3,"Beyoncé","Essa é a Vida de um Corredor","Ryu, The Runner;Stef;tommy gun;Salve Crazy",2023-03-03,137142,44,true,8jtopaclkzi6fkcxvnzy3t27q,2023-11-30T17:33:56Z,"trap brasileiro,trap,trap funk,hip hop brasileiro,hip hop alemão","Ryu, the Runner",0.813,0.579,9,-9.777,0,0.231,0.0515,0,0.104,0.758,139.99,4
spotify:track:4IVbbHg8tOBMx0ltNwGXFQ,"Mini Game","Mini Game","Mu540;Kyan;DJ BRUNO PRADO",2022-05-13,138855,48,false,8jtopaclkzi6fkcxvnzy3t27q,2023-11-30T17:34:12Z,"trap brasileiro,trap funk,trap,hip hop brasileiro,funk","KondZilla Records",0.716,0.726,9,-5.735,1,0.302,0.0857,0,0.521,0.749,142.145,4
spotify:track:7JCYpS37lArb06CkmpVyAs,"Nós é Ruim e o Cabelo Ajuda","Dias Antes de Mandrake","Kyan;Mu540",2022-10-11,155942,0,true,8jtopaclkzi6fkcxvnzy3t27q,2023-11-30T17:34:17Z,"trap brasileiro,trap funk,trap,hip hop brasileiro","Ceia Ent.",0.572,0.323,4,-13.473,0,0.493,0.61,0,0.21,0.491,129.077,4
spotify:track:2evcFxT2aW4FZznh6DyEwK,"Vlife","Vlife","Yunk Vino;WIU;Labbel Rec",2022-07-01,160014,59,true,8jtopaclkzi6fkcxvnzy3t27q,2023-11-30T17:34:53Z,"trap brasileiro,trap,trap funk,hip hop brasileiro","Yunk Vino Oficial",0.805,0.66,3,-7.895,0,0.0526,0.352,0.00205,0.115,0.332,120.034,4
spotify:track:0jDlKQzASHWGz0AO7RjTBZ,"Pogba - Remix","2%","Major RD;Bagua Records;Gooba",2020-11-07,151347,35,true,8jtopaclkzi6fkcxvnzy3t27q,2023-11-30T17:38:21Z,"trap brasileiro,hip hop brasileiro,trap,trap funk,boom bap","Bagua Records",0.778,0.733,8,-4.258,0,0.368,0.0316,0,0.113,0.323,178.001,3
spotify:track:0wRn3ggAY1fIupTaVigdza,"A Cara do Crime (Nós Incomoda)","A Cara do Crime (Nós Incomoda)","Mc Poze do Rodo;Bielzin;Mainstreet;MC Cabelinho;PL Quest;Neo Beats",2021-05-27,302117,64,true,8jtopaclkzi6fkcxvnzy3t27q,2023-11-30T17:39:04Z,"trap brasileiro,trap funk,funk,trap,hip hop brasileiro,funk consciente","Mainstreet Records",0.623,0.656,9,-3.662,0,0.229,0.288,0,0.105,0.576,112.823,5
spotify:track:7HjZD0NPC1hzFpjUjo45GR,"Me Sinto Abençoado","Me Sinto Abençoado","Mc Poze do Rodo;Filipe Ret;Mainstreet;Ajaxx",2021-12-07,214235,63,false,8jtopaclkzi6fkcxvnzy3t27q,2023-11-30T17:39:10Z,"trap brasileiro,trap funk,funk,trap,hip hop brasileiro,funk consciente","Mainstreet Records",0.729,0.596,0,-5.101,1,0.0607,0.463,0,0.18,0.319,117.918,4
spotify:track:3SHloKOwrkbyMEQmkkMCYD,"INEFÁVEL (feat. Leviano)","INEFÁVEL (feat. Leviano)","Long beatz;Tz da Coronel;Xamã;Leviano",2023-02-09,245987,50,true,8jtopaclkzi6fkcxvnzy3t27q,2023-11-30T17:39:16Z,"trap brasileiro,trap funk,trap,hip hop brasileiro","WM Brazil",0.719,0.597,7,-7.037,0,0.111,0.0988,0,0.115,0.512,124.906,4
spotify:track:5QZEKx4SQOxABjMvcJjrGj,"Nunca Sozinho","Nunca Sozinho","Supernova Ent;Veigh;Nagalli;Rocco",2023-03-03,137102,0,true,8jtopaclkzi6fkcxvnzy3t27q,2023-11-30T17:39:36Z,"trap brasileiro,trap,trap funk,hip hop brasileiro","Supernova Ent",0.818,0.701,1,-5.656,0,0.342,0.0605,0,0.485,0.947,139.963,4
spotify:track:2hvpRKeyFQtB4a5aV9YvfV,"Beleza Exótica","Beleza Exótica","Raffa Moreira;Matuê;Jay Kay",2023-03-10,157225,40,false,8jtopaclkzi6fkcxvnzy3t27q,2023-11-30T17:40:29Z,"trap brasileiro,hip hop brasileiro,trap,trap funk","Raffa Moreira",0.731,0.633,10,-5.478,0,0.308,0.386,0,0.105,0.577,154.211,4
spotify:track:7K3qxAZqTZEScGAEjVcUnJ,"Shopping Spree (feat. Lil Pump & Sheck Wes)","Shopping Spree (feat. Lil Pump & Sheck Wes)","Murda Beatz;Lil Pump;Sheck Wes",2019-06-21,170523,32,true,8jtopaclkzi6fkcxvnzy3t27q,2023-11-30T17:40:58Z,"","Murda Beatz Recordings/Interscope Records",0.855,0.612,11,-5.79,0,0.277,0.133,0,0.178,0.691,147.048,4
spotify:track:2RUTvhNHo2DEECnumWFG0o,"Amanhecer","ICARUS","BK;Nansy Silvvz;Gigantes",2022-11-17,211786,10,false,8jtopaclkzi6fkcxvnzy3t27q,2023-11-30T17:41:44Z,"hip hop brasileiro,boom bap,trap brasileiro","Gigantes",0.73,0.734,5,-3.846,0,0.0419,0.176,0.00129,0.19,0.635,137.964,4
spotify:track:2Aldq1hNip1M9BtNGFo7hy,"Freestyle 2021","Freestyle 2021","Aka Rasta;N.A.N.A.;Dalua;Burn-O;Massaru",2021-01-22,228595,30,true,8jtopaclkzi6fkcxvnzy3t27q,2023-11-30T17:42:02Z,"trap brasileiro,trap,hip hop brasileiro,trap funk","PROHIPHOP",0.876,0.51,10,-9.32,0,0.108,0.164,0,0.12,0.557,104.978,4
spotify:track:1Y7OCXVDFyOQd9dR13HhMo,"PINGA","PINGA","Rudies Flacko;Aka Rasta;N.A.N.A.",2022-04-11,178790,36,true,8jtopaclkzi6fkcxvnzy3t27q,2023-11-30T17:42:18Z,"trap brasileiro,trap,hip hop brasileiro","Rudies Flacko",0.549,0.453,3,-8.93,0,0.173,0.402,0.00869,0.151,0.631,142.977,4
spotify:track:7C1LoTXKUf41b2EtRPSRv4,"Como que vou ficar broke","Apolo Nästy","Rudies Flacko;Aka Rasta;N.A.N.A.",2023-04-28,224615,35,true,8jtopaclkzi6fkcxvnzy3t27q,2023-11-30T17:42:24Z,"trap brasileiro,trap,hip hop brasileiro","Rudies Flacko",0.761,0.309,2,-14.575,0,0.377,0.385,0.00000476,0.0739,0.564,155.81,4
spotify:track:6x1FttETfbRLerumlTn0ZH,"Paypal","previas.zip","Teto",2021-04-01,166153,67,false,8jtopaclkzi6fkcxvnzy3t27q,2023-11-30T17:42:54Z,"trap brasileiro,trap,trap funk,hip hop brasileiro","Sony Music Entertainment",0.888,0.691,4,-3.759,0,0.254,0.171,0,0.343,0.863,130.067,4
spotify:track:1QjsRvdLEvUmKgCWh9cvd5,"Dia Azul","previas.zip","Teto",2021-04-01,138370,64,false,8jtopaclkzi6fkcxvnzy3t27q,2023-11-30T17:43:07Z,"trap brasileiro,trap,trap funk,hip hop brasileiro","Sony Music Entertainment",0.845,0.686,1,-6.992,1,0.0797,0.00163,0,0.118,0.252,119.08,4
spotify:track:1bDbXMyjaUIooNwFE9wn0N,"Rich Flex","Her Loss","Drake;21 Savage",2022-11-04,239359,77,true,8jtopaclkzi6fkcxvnzy3t27q,2023-11-30T17:44:51Z,"rap","OVO / Republic Records",0.549,0.518,4,-9.39,0,0.257,0.0517,0.00000121,0.378,0.418,160.07,4
spotify:track:2bPI4TKM4oTxl2SijUXM2J,"AHHH HA","7220","Lil Durk",2022-03-11,186538,59,true,8jtopaclkzi6fkcxvnzy3t27q,2023-11-30T17:45:12Z,"drill de chicago,drill","Alamo",0.676,0.61,1,-9.185,1,0.273,0.000114,0.00000173,0.191,0.519,156.005,4
spotify:track:6T7FXSuXykeGktMLGp8WgE,"All My Life (feat. J. Cole)","Almost Healed","Lil Durk;J. Cole",2023-05-26,223878,70,true,8jtopaclkzi6fkcxvnzy3t27q,2023-11-30T17:45:31Z,"drill de chicago,drill,rap","Alamo",0.787,0.57,3,-5.881,1,0.225,0.0449,0,0.135,0.733,142.974,4
spotify:track:0aThAcQRdEqXwlUAQT8Gto,"Frutos","Frutos","MC PH;Kyan;Dé Barros;Charlie A",2020-12-10,225230,53,true,8jtopaclkzi6fkcxvnzy3t27q,2023-12-01T11:21:27Z,"funk,trap funk,funk consciente,trap brasileiro,trap,hip hop brasileiro,rap de anime","GR6 Music",0.704,0.664,5,-8.42,0,0.0876,0.72,0,0.123,0.389,130.002,4
spotify:track:4Yrs6DDP7GRTZIj9oJ4SPS,"Pepp@ 2","2 L3Trinha","LH CHUCRO;prodmelo!",2023-12-01,130671,51,true,8jtopaclkzi6fkcxvnzy3t27q,2023-12-03T20:11:51Z,"trap brasileiro,trap","LH CHUCRO",0.861,0.729,1,-6.304,1,0.0494,0.5,0.000113,0.0962,0.648,120.033,3
spotify:track:4pjznsLeoyimnxGlVpmyJI,"NÉ SEGREDO","NÉ SEGREDO","MC Cabelinho;Victor WAO;Bairro 13",2022-09-19,155771,66,false,8jtopaclkzi6fkcxvnzy3t27q,2023-12-08T11:12:02Z,"trap brasileiro,trap funk,trap,hip hop brasileiro,funk consciente","MC Cabelinho",0.654,0.71,3,-5.68,0,0.111,0.619,0,0.218,0.508,103.548,3
spotify:track:1yHEBmkI2j3lhlVLU8yuTl,"Nós","NU","Djonga;Nagalli;Coyote Beatz",2021-03-14,193799,0,false,8jtopaclkzi6fkcxvnzy3t27q,2023-12-08T11:39:16Z,"hip hop brasileiro,boom bap,trap brasileiro,trap,trap funk","Ceia Ent.",0.705,0.816,10,-5.195,0,0.538,0.0969,0,0.0822,0.583,86.77,4
spotify:track:2aPTDP2j9AprIolZrnYFtW,"Intro","O Bagulho É Trap II","Jé",2023-12-08,163969,38,false,8jtopaclkzi6fkcxvnzy3t27q,2023-12-08T12:40:16Z,"trap brasileiro,trap,hip hop brasileiro","Universal Music Ltda.",0.458,0.432,4,-11.593,1,0.0864,0.184,0.00128,0.379,0.381,196.324,3
spotify:track:7jpS4vYcLObK2YtcXjgwEO,"Porsche ""Ye Yo""","O Bagulho É Trap II","Jé",2023-12-08,154789,41,true,8jtopaclkzi6fkcxvnzy3t27q,2024-01-23T01:51:11Z,"trap brasileiro,trap,hip hop brasileiro","Universal Music Ltda.",0.769,0.463,1,-10.735,1,0.0613,0.0405,0.00000636,0.11,0.228,103.504,3
spotify:track:4UN7uguq2M4zepJYz7iaVN,"Megatron","O Bagulho É Trap II","Jé;Raffa Moreira",2023-12-08,183941,36,false,8jtopaclkzi6fkcxvnzy3t27q,2023-12-08T12:47:08Z,"trap brasileiro,trap,hip hop brasileiro","Universal Music Ltda.",0.651,0.486,7,-7.763,0,0.037,0.0414,0,0.128,0.244,136.971,4
spotify:track:6ZZUdr6fEEyWKqTxXIPaek,"Camuflado De BAPE","O Bagulho É Trap II","Jé;Rare Kidd",2023-12-08,178728,41,true,8jtopaclkzi6fkcxvnzy3t27q,2023-12-08T12:53:19Z,"trap brasileiro,trap,hip hop brasileiro","Universal Music Ltda.",0.673,0.662,11,-7.595,0,0.351,0.101,0.0029,0.132,0.41,117.965,4
spotify:track:4ES3qh8IU3tQfe4ZmZvWdi,"Bola Outro","O Bagulho É Trap II","Jé;Brocasito",2023-12-08,192000,54,true,8jtopaclkzi6fkcxvnzy3t27q,2023-12-08T15:22:10Z,"trap brasileiro,trap,hip hop brasileiro,boom bap","Universal Music Ltda.",0.684,0.617,10,-9.552,0,0.0993,0.0721,0.0000179,0.101,0.305,140.025,4
spotify:track:1FkZds3oD0aEFolRPOmh8e,"Guap","O Bagulho É Trap II","Jé",2023-12-08,130250,34,false,8jtopaclkzi6fkcxvnzy3t27q,2023-12-08T14:14:54Z,"trap brasileiro,trap,hip hop brasileiro","Universal Music Ltda.",0.664,0.578,5,-9.206,0,0.0425,0.105,0.000282,0.19,0.679,120,4
spotify:track:0w6uGMrOOUTH1nxk0d8Uez,"Hitchcock","O Bagulho É Trap II","Jé;RT Mallone",2023-12-08,178909,35,false,8jtopaclkzi6fkcxvnzy3t27q,2023-12-08T14:44:13Z,"trap brasileiro,trap,hip hop brasileiro,boom bap","Universal Music Ltda.",0.732,0.567,1,-11.371,1,0.109,0.0587,0,0.157,0.168,109.908,4
spotify:track:3GEXmGSxBIX1T2Ax2dgsHl,"Jean Grey Interlúdio","O Bagulho É Trap II","Jé",2023-12-08,98588,37,false,8jtopaclkzi6fkcxvnzy3t27q,2023-12-08T14:44:20Z,"trap brasileiro,trap,hip hop brasileiro","Universal Music Ltda.",0.841,0.616,0,-7.997,0,0.0857,0.23,0.0461,0.334,0.259,124.005,4
spotify:track:7nnH9Wt54dXBiS7oujGCMu,"Rick Ross","O Bagulho É Trap II","Jé;Nagalli",2023-12-08,151071,35,false,8jtopaclkzi6fkcxvnzy3t27q,2023-12-08T14:50:08Z,"trap brasileiro,trap,hip hop brasileiro,trap funk","Universal Music Ltda.",0.786,0.648,7,-8.015,0,0.0508,0.277,0.0000774,0.0734,0.367,111.961,4
spotify:track:3FJD2dVyP4bnDxZjxvNyOH,"Último Baile Antes da Guerra","Cidade do Pecado","BK;JXNV$;Nochica;MC Marcelly",2021-12-01,244170,0,false,8jtopaclkzi6fkcxvnzy3t27q,2023-12-09T13:20:44Z,"hip hop brasileiro,boom bap,trap brasileiro,grime,funk,funk carioca","Gigantes",0.59,0.723,1,-5.79,1,0.32,0.376,0.00000414,0.104,0.438,110.715,4
spotify:track:4QCwvUs4ob87Tq9VP07Uo3,"Loucura","Amor e Ódio","Borges;MC Cabelinho;Veigh;RUXN;Palma;Kizzy",2023-12-13,179945,68,true,8jtopaclkzi6fkcxvnzy3t27q,2023-12-12T23:28:01Z,"trap brasileiro,trap,trap funk,hip hop brasileiro,funk consciente","Mainstreet Records",0.458,0.677,8,-5.783,1,0.158,0.593,0,0.238,0.696,80.344,3
spotify:track:50lAAB4VKX49MHV5Cx7984,"Federal","Amor e Ódio","Borges;TkN;Vt no beat;RUXN",2023-12-13,133759,29,true,8jtopaclkzi6fkcxvnzy3t27q,2023-12-12T23:41:27Z,"trap brasileiro,trap,trap funk,hip hop brasileiro","Mainstreet Records",0.517,0.639,9,-5.46,1,0.296,0.132,0,0.135,0.353,157.961,4
spotify:track:6gl1YyBV4HvVApQCnRs1UN,"Local Scammer - Remix","Local Scammer (Remix)","G4 Boyz;Chief Keef;G4choppa",2020-06-26,219249,36,true,8jtopaclkzi6fkcxvnzy3t27q,2023-12-13T02:00:42Z,"asakaa,drill,drill do brooklyn,drill reino unido,drill de nova iorque,hip hop ganês,drill de chicago","Universal-Island Records Ltd.",0.86,0.416,7,-12.165,1,0.569,0.08,0.00000201,0.328,0.559,148.987,4
spotify:track:3iCz1xQzu2BeklLyMCKICr,"Gato Preto","Bem Vindo Natal Mixtape 2","Raffa Moreira;Jay Kay",2023-12-01,136615,18,true,8jtopaclkzi6fkcxvnzy3t27q,2023-12-13T12:37:37Z,"trap brasileiro,hip hop brasileiro,trap","Raffa Moreira",0.817,0.489,1,-8.254,1,0.267,0.245,0,0.0727,0.686,129.907,4
spotify:track:3vr6AoDNqTOEx4zQv1yHVv,"Sozinho no Sukyia","Raff Raff","Raffa Moreira;Makalister",2017-01-30,218520,31,true,8jtopaclkzi6fkcxvnzy3t27q,2023-12-13T22:34:49Z,"trap brasileiro,hip hop brasileiro,trap,boom bap","Raffa Moreira",0.496,0.453,10,-9.616,0,0.326,0.258,0,0.12,0.0959,83.687,4
spotify:track:221qmpQeBNV87sUjQeUTVH,"Around Me (feat. Don Toliver)","HEROES & VILLAINS","Metro Boomin;Don Toliver",2022-12-02,191520,82,true,8jtopaclkzi6fkcxvnzy3t27q,2023-12-13T22:35:25Z,"","Republic Records",0.695,0.669,2,-3.447,0,0.0394,0.0881,0.0137,0.513,0.063,119.986,4
spotify:track:5idepl4JND6jtNX0xoo9dw,"Onde Que Nós Taria?","Eu Ainda Tenho Coração","LEALL;Rock Danger;meLLo;Pugli;Neconbeat",2023-12-13,170389,0,true,8jtopaclkzi6fkcxvnzy3t27q,2023-12-15T11:10:27Z,"boom bap,hip hop brasileiro,trap brasileiro,grime,trap,trap funk","Rock Danger",0.76,0.6,6,-4.36,0,0.226,0.354,0,0.13,0.279,129.892,3
spotify:track:2mFgnAv65tjK0hjhEy3ePS,"FALA MEMO (feat. Coruja Bc1)","BRIME! (Deluxe)","Febem;Fleezus;CESRV;Coruja",2023-11-17,231797,31,true,8jtopaclkzi6fkcxvnzy3t27q,2023-12-15T20:58:07Z,"hip hop brasileiro,boom bap,grime,trap brasileiro","Brime.br",0.887,0.725,9,-6.542,1,0.389,0.0641,0,0.0809,0.859,150.042,4
spotify:track:1brdvsMJDwOCrsLsNjC7By,"BRIMEVISION (feat. Sodomita, SD9, VND, Well, Mirral ONE, Ravi Lobo & Pivete Nobre)","BRIME! (Deluxe)","Febem;Fleezus;CESRV;Sodomita;SD9;VND;Well;Mirral ONE;Ravi Lobo;Pivete Nobre",2023-11-17,428571,30,true,8jtopaclkzi6fkcxvnzy3t27q,2023-12-15T21:05:30Z,"hip hop brasileiro,boom bap,grime,trap brasileiro,drill,zouk","Brime.br",0.842,0.603,2,-8.891,1,0.388,0.044,0,0.185,0.828,139.941,4
spotify:track:33pxk7eQUhrZI2tiuMd4zZ,"Vandame","EVDC DELUXE","Ryu, The Runner;Derek;Neckklace",2023-07-28,159298,58,true,8jtopaclkzi6fkcxvnzy3t27q,2023-12-21T21:12:11Z,"trap brasileiro,trap,trap funk,hip hop brasileiro","Som Livre",0.962,0.528,1,-5.882,1,0.274,0.0941,0,0.105,0.25,122.031,4
spotify:track:1tAW2wlsEhFiueIn9pYRTS,"Trader (Estrela Bet Freestyle)","Trader (Estrela Bet Freestyle)","Kyan;Toledo;Derek",2023-12-15,167462,0,true,8jtopaclkzi6fkcxvnzy3t27q,2023-12-21T21:13:52Z,"trap brasileiro,trap funk,trap,hip hop brasileiro","EHXIS",0.907,0.527,2,-7.113,0,0.391,0.24,0,0.351,0.448,133.987,4
spotify:track:0SrGTetwAEfNFe2dpGYX8v,"Caveirão Imbica","Amor e Ódio","Borges;L3OZIN",2023-12-13,138952,29,true,8jtopaclkzi6fkcxvnzy3t27q,2023-12-22T21:35:02Z,"trap brasileiro,trap,trap funk,hip hop brasileiro","Mainstreet Records",0.902,0.572,4,-7.214,0,0.478,0.196,0,0.0568,0.469,144.934,4
spotify:track:54azfhEcVupY8CH33vgPRp,"Shake Freestyle","Shake Freestyle","Massaru",2023-01-27,147697,20,true,8jtopaclkzi6fkcxvnzy3t27q,2023-12-23T23:12:10Z,"trap brasileiro,trap,trap funk","Massaru",0.795,0.713,1,-7.082,0,0.135,0.275,0.000022,0.342,0.391,130.099,4
spotify:track:0m3RtoEWN04sgYhnC6FPxK,"Moda 2","Moda 2","Massaru",2021-03-18,186256,30,true,8jtopaclkzi6fkcxvnzy3t27q,2023-12-23T23:12:21Z,"trap brasileiro,trap,trap funk","Fonte @ 2021 Suforganization",0.788,0.93,8,-3.764,1,0.39,0.185,0,0.0749,0.199,140.155,4
spotify:track:18aHjKYoZmfSnjrNdHt6IY,"Veneno de Cobra","Veneno de Cobra","DRIFTBOYS;Massaru;Raiashi;BDK;Émer$on",2023-10-20,250520,24,true,8jtopaclkzi6fkcxvnzy3t27q,2023-12-23T23:22:12Z,"trap brasileiro,trap,trap funk","Disrupsom Label",0.714,0.408,8,-12.218,1,0.117,0.74,0,0.114,0.175,113.982,4
spotify:track:03uTSC6wATLjv3wWme4Tzm,"Infravermelho","Infravermelho","LEALL;Luna;OG BRITTO;VND;TOKIODK;KOPO",2021-07-09,186000,43,true,8jtopaclkzi6fkcxvnzy3t27q,2024-01-04T17:50:07Z,"boom bap,hip hop brasileiro,trap brasileiro,grime,drill,trap,trap funk","KOPO",0.782,0.831,11,-4.128,0,0.247,0.557,0,0.108,0.795,139.94,4
spotify:track:7oOZ6CmKSUUgTtVIYPJiNk,"Nipsey do Azul","Êxito","Akira Presidente;Major RD;MC Flavinho;DJ Decco",2020-12-11,204693,1,false,8jtopaclkzi6fkcxvnzy3t27q,2024-01-09T18:36:02Z,"boom bap,hip hop brasileiro,trap brasileiro,trap,trap funk,funk de bh,funk,funk carioca,brega funk,phonk brasileiro","Pirâmide Perdida Records",0.836,0.711,6,-6.593,0,0.307,0.139,0,0.127,0.581,124.086,4
spotify:track:2FDTHlrBguDzQkp7PVj16Q,"Sprinter","Sprinter","Dave;Central Cee",2023-06-01,229133,30,true,8jtopaclkzi6fkcxvnzy3t27q,2024-01-10T15:45:32Z,"grime,grime reino unido,drill reino unido,drill","Neighbourhood / Live Yours",0.918,0.681,1,-4.705,1,0.201,0.263,0,0.0615,0.706,139.057,4
spotify:track:3owg1lzgvzaaDnLgs2vs08,"CALA-BOCA, TRABALHO","SHH","Rudies Flacko;Aka Rasta",2023-09-22,107055,45,true,8jtopaclkzi6fkcxvnzy3t27q,2024-01-10T16:01:30Z,"trap brasileiro,trap,hip hop brasileiro","Rudies Flacko",0.812,0.356,1,-8.383,0,0.0898,0.0164,0,0.167,0.373,75.995,4
spotify:track:1dzzdWpDKbZzZWVfNM8Zk5,"CALA-BOCA VADIA","SHH","Rudies Flacko;mavyrmldy",2023-09-22,107055,42,true,8jtopaclkzi6fkcxvnzy3t27q,2024-01-10T16:02:56Z,"trap brasileiro,trap","Rudies Flacko",0.753,0.444,1,-6.576,0,0.0571,0.00284,0,0.531,0.606,75.986,4
spotify:track:2FoahzOSxJnalPA8aBUme3,"all of me","american dream","21 Savage",2024-01-12,198292,68,true,8jtopaclkzi6fkcxvnzy3t27q,2024-01-12T11:12:13Z,"","Slaughter Gang, LLC/Epic Records",0.652,0.806,5,-5.707,0,0.302,0.122,0.0000108,0.842,0.779,159.947,4
spotify:track:52eIcoLUM25zbQupAZYoFh,"redrum","american dream","21 Savage",2024-01-12,270697,80,true,8jtopaclkzi6fkcxvnzy3t27q,2024-01-12T11:15:01Z,"","Slaughter Gang, LLC/Epic Records",0.625,0.733,2,-8.757,1,0.0488,0.00598,0.000983,0.375,0.244,172.09,4
spotify:track:6x9pCndnXEoea0CMcfjs9W,"n.h.i.e.","american dream","21 Savage;Doja Cat",2024-01-12,143718,66,true,8jtopaclkzi6fkcxvnzy3t27q,2024-01-12T11:20:28Z,"","Slaughter Gang, LLC/Epic Records",0.818,0.512,5,-9.056,0,0.0884,0.0963,0.0371,0.11,0.153,131.974,4
spotify:track:47yD0e9MCRIB8dgUXPfyW3,"pop ur shit","american dream","21 Savage;Young Thug;Metro Boomin",2024-01-12,193320,58,true,8jtopaclkzi6fkcxvnzy3t27q,2024-01-12T11:27:38Z,"rap,rap melódico,trap","Slaughter Gang, LLC/Epic Records",0.853,0.533,4,-6.647,1,0.126,0.263,0.00406,0.134,0.306,123.066,4
spotify:track:5P1z8XwsCStb74emERTx9v,"letter to my brudda","american dream","21 Savage",2024-01-12,159133,55,true,8jtopaclkzi6fkcxvnzy3t27q,2024-01-12T11:28:52Z,"","Slaughter Gang, LLC/Epic Records",0.45,0.87,7,-4.224,0,0.309,0.222,0.00000285,0.291,0.588,156.727,4
spotify:track:0fyP96TikhD9sM4eKqw5Yp,"dangerous","american dream","21 Savage;Lil Durk;Metro Boomin",2024-01-12,265305,61,true,8jtopaclkzi6fkcxvnzy3t27q,2024-01-12T11:32:04Z,"drill de chicago,drill","Slaughter Gang, LLC/Epic Records",0.753,0.837,5,-4.673,0,0.278,0.0657,0,0.151,0.589,151.949,4
spotify:track:2yUzr8Sr6ldG8vmHhZwTnz,"née-nah","american dream","21 Savage;Travis Scott;Metro Boomin",2024-01-12,220584,71,true,8jtopaclkzi6fkcxvnzy3t27q,2024-01-12T11:38:04Z,"rap","Slaughter Gang, LLC/Epic Records",0.681,0.758,1,-6.524,1,0.188,0.00465,0,0.555,0.331,165.409,4
spotify:track:5wttBUDyaHAR5q9fYnN3YF,"prove it","american dream","21 Savage;Summer Walker",2024-01-12,207585,76,true,8jtopaclkzi6fkcxvnzy3t27q,2024-01-12T11:43:08Z,"r&b","Slaughter Gang, LLC/Epic Records",0.565,0.743,6,-5.425,0,0.172,0.377,0,0.23,0.266,133.924,4
spotify:track:4Xzq2WibDHR5Eufi21HlEZ,"should've wore a bonnet","american dream","21 Savage;Brent Faiyaz",2024-01-12,186770,62,true,8jtopaclkzi6fkcxvnzy3t27q,2024-01-12T11:48:10Z,"r&b","Slaughter Gang, LLC/Epic Records",0.607,0.762,7,-5.305,1,0.0676,0.0441,0,0.348,0.428,144.961,4
spotify:track:5KI7I4mEtulXcv5VQJaV35,"just like me","american dream","21 Savage;Burna Boy;Metro Boomin",2024-01-12,231338,56,true,8jtopaclkzi6fkcxvnzy3t27q,2024-01-12T11:51:44Z,"afrobeats,afrobeat,afropop,afroswing,dancehall,afropiano","Slaughter Gang, LLC/Epic Records",0.701,0.653,1,-4.695,1,0.105,0.479,0.0000282,0.306,0.505,82.984,4
spotify:track:4yLyVdEqV790aIXyGif85v,"red sky","american dream","21 Savage;Tommy Newport;Mikky Ekko",2024-01-12,176835,62,true,8jtopaclkzi6fkcxvnzy3t27q,2024-01-12T11:53:47Z,"","Slaughter Gang, LLC/Epic Records",0.474,0.621,7,-8.253,0,0.103,0.187,0,0.16,0.396,114.314,4
spotify:track:02Cp3VTUWNed8hr69BhKz6,"dark days","american dream","21 Savage;Mariah the Scientist",2024-01-12,295072,61,true,8jtopaclkzi6fkcxvnzy3t27q,2024-01-12T12:01:02Z,"r&b alternativo","Slaughter Gang, LLC/Epic Records",0.68,0.583,2,-5.351,0,0.174,0.229,0.0000137,0.139,0.134,82.477,4
spotify:track:6T5ZbZMmIpcdAqAASoVKrG,"Ódio Puro da Polícia","Filho Pródigo","Flacko;Thxuzz;LEALL;CHF",2020-12-18,186701,21,false,8jtopaclkzi6fkcxvnzy3t27q,2024-01-13T18:25:21Z,"trap brasileiro,trap,hip hop brasileiro,boom bap,grime,drill","Flacko",0.733,0.577,3,-8.7,0,0.354,0.51,0,0.109,0.385,144.301,4
spotify:track:3wAuesUSylAzeOq582mp5H,"Taças Pro Ar","O Cara Do Momento","MC PH;MC Lugu;Murillo e LT no Beat;Solanno;MC Ryan SP",2023-11-29,254285,39,true,8jtopaclkzi6fkcxvnzy3t27q,2024-01-13T21:15:25Z,"funk,trap funk,funk consciente,trap brasileiro","GR6 Music",0.577,0.514,6,-7.396,0,0.062,0.637,0.00000474,0.103,0.691,111.846,5
spotify:track:6GqTxofC6xmCHy0j5ThYed,"Eternos Alunos","O Cara Do Momento","MC PH;Murillo e LT no Beat;Solanno;MC Hariel;Mc Don Juan",2023-11-29,254634,52,true,8jtopaclkzi6fkcxvnzy3t27q,2024-01-13T21:20:05Z,"funk,trap funk,funk consciente,trap brasileiro","GR6 Music",0.514,0.718,4,-4.372,0,0.0642,0.642,0,0.18,0.6,117.479,3
spotify:track:1c09NxroPI9EagoquMbN8r,"Os Menino Tá Com o Pacote","O Cara Do Momento","MC PH;Murillo e LT no Beat;Solanno;011Frank",2023-11-29,183529,57,true,8jtopaclkzi6fkcxvnzy3t27q,2024-01-13T21:23:44Z,"funk,trap funk,funk consciente,trap brasileiro","GR6 Music",0.709,0.523,3,-5.289,0,0.0554,0.459,0.0000517,0.292,0.589,170.074,4
spotify:track:2Ptw1JNaLncVc6A9SnamMb,"Sodoma e Gomorra","Intocável","Borges;BK;Ajaxx;Mainstreet",2021-06-04,223865,37,true,8jtopaclkzi6fkcxvnzy3t27q,2024-01-19T17:58:45Z,"trap brasileiro,trap,trap funk,hip hop brasileiro,boom bap","Mainstreet Records",0.743,0.647,5,-5.595,0,0.359,0.182,0,0.12,0.619,118.866,4
spotify:track:2goeywqmRTcpC9Lnx7GdIN,"O Tempo É Rápido Demais","Intocável","Borges;MC Cabelinho;Mainstreet",2021-06-04,188018,44,true,8jtopaclkzi6fkcxvnzy3t27q,2024-01-19T18:04:51Z,"trap brasileiro,trap,trap funk,hip hop brasileiro,funk consciente","Mainstreet Records",0.756,0.474,6,-8.689,1,0.0414,0.114,0,0.109,0.569,120.036,4
spotify:track:59PPPjqtXlmk69ie01SZ3B,"Cortina de Fumaça","O Pior Disco do Ano","Froid;Rodrigo Cartier;Nissin",2017-12-22,278186,36,true,8jtopaclkzi6fkcxvnzy3t27q,2024-01-22T20:58:16Z,"hip hop brasileiro,boom bap,trap brasileiro","Novo Egito",0.85,0.629,7,-4.598,1,0.181,0.27,0,0.0953,0.623,90.015,4
spotify:track:1OA5G8rZG9A0pAtrNjl1q3,"Déjà-Vu","O Pior Disco do Ano","Froid;Makalister",2017-12-22,268970,38,true,8jtopaclkzi6fkcxvnzy3t27q,2024-01-22T21:07:15Z,"hip hop brasileiro,boom bap,trap brasileiro","Novo Egito",0.743,0.58,3,-9.808,0,0.436,0.597,0,0.126,0.605,140.049,4
spotify:track:2Prp7kR7gibnYyUhVZjV38,"Negro É Foda","O Pior Disco do Ano","Froid",2017-12-22,214229,42,true,8jtopaclkzi6fkcxvnzy3t27q,2024-01-22T21:13:39Z,"hip hop brasileiro,boom bap,trap brasileiro","Novo Egito",0.824,0.598,4,-6.336,0,0.0773,0.222,0,0.182,0.721,139.92,4
spotify:track:6eHuQCDOTHEnLcm8eoGWoX,"Original Rudeboy","O Pior Disco do Ano","Froid",2017-12-22,178433,32,true,8jtopaclkzi6fkcxvnzy3t27q,2024-01-22T21:16:59Z,"hip hop brasileiro,boom bap,trap brasileiro","Novo Egito",0.738,0.59,9,-8.718,1,0.267,0.365,0,0.103,0.607,97.028,4
spotify:track:7AxVuW19XrzyzIdncCC6f2,"Debate Sobre a Indústria","O Pior Disco do Ano","Froid",2017-12-22,192597,34,true,8jtopaclkzi6fkcxvnzy3t27q,2024-01-22T21:23:36Z,"hip hop brasileiro,boom bap,trap brasileiro","Novo Egito",0.727,0.534,10,-8.073,0,0.0436,0.536,0.00000219,0.097,0.458,130.018,3
spotify:track:31o5vweIBiQ7TQxmAqfIH7,"Chuva","O Pior Disco do Ano","Froid",2017-12-22,238762,40,true,8jtopaclkzi6fkcxvnzy3t27q,2024-01-22T21:27:21Z,"hip hop brasileiro,boom bap,trap brasileiro","Novo Egito",0.611,0.416,6,-8.799,0,0.297,0.34,0.00000347,0.109,0.606,138.589,4
spotify:track:5NfA6uknkEc0sGuW2CA8ZS,"Traumatizado","Relíquias do Milênio","Zemaru",2023-09-16,137571,9,true,8jtopaclkzi6fkcxvnzy3t27q,2024-01-23T11:21:12Z,"trap brasileiro","zemaru",0.698,0.341,8,-14.072,1,0.426,0.0701,0.0000462,0.132,0.232,66.345,4
spotify:track:19YKaevk2bce4odJkP5L22,"Nikes","Blonde","Frank Ocean",2016-08-20,314075,72,true,8jtopaclkzi6fkcxvnzy3t27q,2024-01-24T10:21:41Z,"","Boys Don't Cry",0.633,0.395,8,-9.638,1,0.0857,0.692,0.000222,0.108,0.123,138.023,4
spotify:track:2ZWlPOoWh0626oTaHrnl2a,"Ivy","Blonde","Frank Ocean",2016-08-20,249191,85,true,8jtopaclkzi6fkcxvnzy3t27q,2024-01-24T10:25:43Z,"","Boys Don't Cry",0.575,0.386,9,-9.584,0,0.037,0.785,0.000289,0.229,0.466,116.408,4
spotify:track:5jrdCoLpJSvHHorevXBATy,"Dark Horse","PRISM (Deluxe)","Katy Perry;Juicy J",2013-10-18,215672,77,false,8jtopaclkzi6fkcxvnzy3t27q,2024-01-26T16:07:34Z,"pop,crunk","Capitol Records (CAP)",0.647,0.585,6,-6.123,1,0.0512,0.00314,0,0.165,0.353,131.934,4
spotify:track:7oGZAicScQt96OAW4AruYy,"Want to Want Me","Everything Is 4","Jason Derulo",2015-05-29,207719,74,false,8jtopaclkzi6fkcxvnzy3t27q,2024-01-26T16:10:51Z,"","Beluga Heights/Warner Records",0.775,0.68,0,-5.508,0,0.0629,0.00906,0,0.109,0.656,114.025,4
spotify:track:5l3CML2OnzfNs5RfVgbcLt,"Talk Dirty (feat. 2 Chainz)","Tattoos","Jason Derulo;2 Chainz",2013-09-16,177685,75,true,8jtopaclkzi6fkcxvnzy3t27q,2024-01-26T16:11:38Z,"southern hip hop,rap","Beluga Heights/Warner Records",0.76,0.652,6,-7.321,1,0.232,0.0348,0,0.307,0.759,100.315,4
spotify:track:6kex4EBAj0WHXDKZMEJaaF,"Swalla (feat. Nicki Minaj & Ty Dolla $ign)","Swalla (feat. Nicki Minaj & Ty Dolla $ign)","Jason Derulo;Nicki Minaj;Ty Dolla $ign",2017-02-23,216408,72,true,8jtopaclkzi6fkcxvnzy3t27q,2024-01-26T16:12:29Z,"trap soul","Beluga Heights/Warner Records",0.689,0.789,1,-4.901,1,0.122,0.154,0,0.203,0.745,98.043,4
spotify:track:6jizk5lOUnfpaZXYMdfeC6,"Trumpets","Tattoos","Jason Derulo",2013-09-16,217306,71,false,8jtopaclkzi6fkcxvnzy3t27q,2024-01-26T16:15:37Z,"","Beluga Heights/Warner Records",0.627,0.703,0,-4.884,1,0.236,0.563,0,0.0962,0.64,81.897,4
spotify:track:4B4zDmbHdkXZ1wUJv1yKFy,"Wiggle (feat. Snoop Dogg)","Tattoos (Deluxe Edition)","Jason Derulo;Snoop Dogg",2013-09-16,193295,68,false,8jtopaclkzi6fkcxvnzy3t27q,2024-01-26T16:16:59Z,"g-funk,west coast hip hop,gangster rap,hip hop old school,hip hop,rap","Beluga Heights/Warner Records",0.697,0.621,9,-6.886,0,0.25,0.0802,0,0.162,0.721,81.946,4
spotify:track:6pcTKsVw0Js7gbI9YKDXHy,"WTF 2 (Astro)","WTF 2 (Astro)","Dudu;Vk Mac",2019-04-26,147713,0,false,8jtopaclkzi6fkcxvnzy3t27q,2024-01-29T21:04:18Z,"trap brasileiro,hip hop brasileiro,trap","dMusic",0.842,0.497,5,-10.386,0,0.0802,0.559,0,0.133,0.507,100.018,4
spotify:track:6osGEhJCyLbneXgpcpKlUW,"Hoist the Colours - Bass Singers Version","Hoist the Colours (Bass Singers Version)","Bobby Bass;Big Brev;Eric Hollaway;Ebucs",2023-01-12,278442,0,false,8jtopaclkzi6fkcxvnzy3t27q,2024-01-31T21:27:21Z,"canções do mar","Bobby Bass",0.287,0.298,1,-13.61,1,0.0326,0.62,0.0000187,0.163,0.243,94.531,3
spotify:track:3oUEzTAoOxqZHN4xiqTGqJ,"Bécane - A COLORS SHOW","Bécane - A COLORS SHOW","Yamê;COLORS",2023-06-01,182440,67,true,8jtopaclkzi6fkcxvnzy3t27q,2024-02-05T23:14:21Z,"rap francês","COLORSxSTUDIOS",0.505,0.527,10,-7.765,1,0.0958,0.327,0,0.0974,0.235,120.462,4
spotify:track:1ONm6QEZybvTayTgoTQnPl,"TWERK","Essa é a Vida de um Corredor","Ryu, The Runner;Derek;dvrkness13;No Cutty;Salve Crazy",2023-03-03,144857,47,true,8jtopaclkzi6fkcxvnzy3t27q,2024-02-05T23:19:50Z,"trap brasileiro,trap,trap funk,hip hop brasileiro","Ryu, the Runner",0.836,0.53,1,-7.523,1,0.252,0.51,0.0037,0.261,0.906,139.999,4
spotify:track:0goOUCNL6MYrqSVvGhvsxw,"A92 x Fumez The Engineer - Plugged In Freestyle","A92 x Fumez The Engineer - Plugged In Freestyle","Fumez The Engineer;A92;Offica",2020-10-08,240000,1,true,8jtopaclkzi6fkcxvnzy3t27q,2024-02-06T11:36:41Z,"drill reino unido,drill,grime,grime reino unido","Fumez The Engineer",0.856,0.427,2,-13.297,1,0.365,0.0958,0,0.1,0.774,144.118,4
spotify:track:1t150zTifySaemCSykDFMZ,"Final da Liberta","ANTI-HERÓI","TOKIODK;Frugi",2022-11-18,162253,0,true,8jtopaclkzi6fkcxvnzy3t27q,2024-02-06T11:44:31Z,"boom bap,trap brasileiro,hip hop brasileiro,trap,trap funk","TOKIODK",0.766,0.845,1,-4.126,1,0.42,0.344,0,0.122,0.517,142.479,4
spotify:track:6OON4kMjTFqARMFrRbmlwy,"STARS","VULTURES 1","Kanye West;Ty Dolla $ign",2024-02-09,115238,1,true,8jtopaclkzi6fkcxvnzy3t27q,2024-02-11T01:08:07Z,"rap,trap soul","YZY",0.584,0.567,0,-8.272,0,0.0436,0.258,0.121,0.118,0.266,125.991,4
spotify:track:1tz4np70ZKhzaXjdgl0J8i,"PAID","VULTURES 1","Kanye West;Ty Dolla $ign",2024-02-09,195117,1,true,8jtopaclkzi6fkcxvnzy3t27q,2024-02-11T01:12:52Z,"rap,trap soul","YZY",0.79,0.691,10,-6.992,0,0.221,0.11,0,0.296,0.436,120.162,4
spotify:track:3qnbLYCLzKvGIQXFyopS2H,"TALKING","VULTURES 1","Kanye West;Ty Dolla $ign",2024-02-09,185110,0,true,8jtopaclkzi6fkcxvnzy3t27q,2024-02-11T01:17:21Z,"rap,trap soul","YZY",0.47,0.454,9,-9.567,1,0.135,0.417,0.00000174,0.207,0.34,148.383,4
spotify:track:71MzcOebEC5KoWBbzvFPkj,"HOODRAT","VULTURES 1","Kanye West;Ty Dolla $ign",2024-02-09,222982,0,true,8jtopaclkzi6fkcxvnzy3t27q,2024-02-11T01:26:42Z,"rap,trap soul","YZY",0.538,0.514,11,-6.568,0,0.0348,0.0631,0,0.172,0.248,87.719,4
spotify:track:4YSa8VQxjzsski1DOsvkHH,"DO IT","VULTURES 1","Kanye West;Ty Dolla $ign",2024-02-09,225000,1,true,8jtopaclkzi6fkcxvnzy3t27q,2024-02-11T01:29:11Z,"rap,trap soul","YZY",0.83,0.69,1,-5.87,1,0.0831,0.188,0,0.0795,0.622,107.016,4
spotify:track:3IoAMvGFYzM05B64h7qmdf,"PAPERWORK","VULTURES 1","Kanye West;Ty Dolla $ign",2024-02-09,145785,0,true,8jtopaclkzi6fkcxvnzy3t27q,2024-02-11T01:33:51Z,"rap,trap soul","YZY",0.742,0.488,8,-5.308,1,0.0551,0.0704,0.0000094,0.0821,0.186,120.811,4
spotify:track:5rlXuCLnMdfo85079qXHoz,"FUK SUMN","VULTURES 1","Kanye West;Ty Dolla $ign",2024-02-09,209577,1,true,8jtopaclkzi6fkcxvnzy3t27q,2024-02-11T01:35:58Z,"rap,trap soul","YZY",0.775,0.817,4,-2.825,0,0.147,0.132,0,0.053,0.463,142.092,4
spotify:track:4202KkXGtULRsbRocWSw09,"VULTURES","VULTURES 1","Kanye West;Ty Dolla $ign",2024-02-09,276986,1,true,8jtopaclkzi6fkcxvnzy3t27q,2024-02-11T01:42:32Z,"rap,trap soul","YZY",0.703,0.683,1,-4.256,0,0.209,0.053,0,0.141,0.475,146.07,4
spotify:track:4m4BHvDfzIgj5LbQLuFiIp,"CARNIVAL","VULTURES 1","Kanye West;Ty Dolla $ign",2024-02-09,264324,3,true,8jtopaclkzi6fkcxvnzy3t27q,2024-02-11T01:45:29Z,"rap,trap soul","YZY",0.596,0.81,1,-5.745,1,0.152,0.192,0,0.338,0.29,148.241,4
spotify:track:7DPUuTaTZCtQ6o4Xx00qzT,"BEG FORGIVENESS","VULTURES 1","Kanye West;Ty Dolla $ign",2024-02-09,368739,0,true,8jtopaclkzi6fkcxvnzy3t27q,2024-02-11T01:51:59Z,"rap,trap soul","YZY",0.498,0.275,1,-10.626,0,0.0584,0.188,0.00196,0.168,0.0432,105.303,1
spotify:track:1ty0at2tUKqMGTyYbJ43eL,"PROBLEMATIC","VULTURES 1","Kanye West;Ty Dolla $ign",2024-02-09,194713,0,true,8jtopaclkzi6fkcxvnzy3t27q,2024-02-11T02:00:19Z,"rap,trap soul","YZY",0.459,0.847,4,-1.924,0,0.0715,0.721,0,0.357,0.763,154.8,4
spotify:track:2DkqDUU8ypGtuYVmnDWWqS,"ATRÁS DE TU","Trap The Fato","Derek;The Boy;Neckklace;TTF",2022-12-08,183436,37,true,8jtopaclkzi6fkcxvnzy3t27q,2024-02-14T22:11:18Z,"trap brasileiro,trap,hip hop brasileiro,trap funk","Derek",0.769,0.596,10,-6.822,0,0.381,0.189,0,0.388,0.325,139.832,4
spotify:track:532c5QACGW10DFZWyNaMKL,"Vou Falar o Que?","ZIMA","Aka Rasta;CJota",2022-06-17,183185,47,true,8jtopaclkzi6fkcxvnzy3t27q,2024-02-23T01:18:53Z,"trap brasileiro,trap,hip hop brasileiro,trap funk","Aka Rasta",0.742,0.424,11,-8.911,0,0.11,0.673,0.00000156,0.147,0.243,124.018,4
spotify:track:5t2RXNtjGIzKPGiNYSU6FG,"Vida Rasa","442","Orochi;Mainstreet;MC Cabelinho;RUXN;Palma",2024-02-27,125760,57,false,8jtopaclkzi6fkcxvnzy3t27q,2024-02-28T10:12:16Z,"trap brasileiro,hip hop brasileiro,trap funk,trap,funk consciente","Mainstreet Records",0.703,0.678,10,-6.244,0,0.0914,0.182,0,0.103,0.314,125.105,4
spotify:track:7MybxBlifyFeyfds4x4g5p,"Flórida Freestyle","442","Orochi;Mainstreet;Portugal No Beat;Kizzy;RUXN",2024-02-27,149538,42,false,8jtopaclkzi6fkcxvnzy3t27q,2024-02-28T10:14:00Z,"trap brasileiro,hip hop brasileiro,trap funk,trap","Mainstreet Records",0.538,0.591,0,-7.117,0,0.085,0.0599,0.00000109,0.119,0.427,129.773,4
spotify:track:1DFl6V6pItoSRoCDR6zzAy,"Stripper","442","Orochi;Mainstreet;Portugal No Beat",2024-02-27,192750,55,true,8jtopaclkzi6fkcxvnzy3t27q,2024-02-28T10:19:47Z,"trap brasileiro,hip hop brasileiro,trap funk,trap","Mainstreet Records",0.669,0.669,6,-5.285,0,0.051,0.149,0,0.114,0.259,119.967,4
spotify:track:315JaAW5Ed3C7rnKOGMg6e,"2Am nas Américas","442","Orochi;Mainstreet;Larry June;TkN;RUXN",2024-02-27,242891,47,false,8jtopaclkzi6fkcxvnzy3t27q,2024-02-28T10:24:39Z,"trap brasileiro,hip hop brasileiro,trap funk,trap","Mainstreet Records",0.638,0.827,1,-5.166,0,0.106,0.142,0.0000693,0.0823,0.606,83.042,4
spotify:track:5V3CmFA57izQ3cwZFEpmle,"Seu Nome","442","Orochi;Mainstreet;Mc Poze do Rodo;Raflow;Azevedo;Murillo e LT no Beat;jess beats;Duani",2024-02-27,257622,50,false,8jtopaclkzi6fkcxvnzy3t27q,2024-04-01T11:14:44Z,"trap brasileiro,hip hop brasileiro,trap funk,trap,funk,funk consciente","Mainstreet Records",0.561,0.679,6,-5.68,0,0.126,0.216,0,0.0889,0.528,142.209,4
spotify:track:0MW2WCZsE8BALPlGM9oVyd,"Vários Olhares","442","Orochi;Mainstreet;Chefin;Portugal No Beat;Galdino",2024-02-27,171428,50,false,8jtopaclkzi6fkcxvnzy3t27q,2024-02-28T10:37:45Z,"trap brasileiro,hip hop brasileiro,trap funk,trap,funk","Mainstreet Records",0.657,0.58,7,-6.237,0,0.0813,0.0651,0,0.115,0.278,125.935,4
spotify:track:095tiFEdBunjDaXo428cDj,"Barras e Barras","442","Orochi;Mainstreet;Kizzy;RUXN",2024-02-27,145454,41,false,8jtopaclkzi6fkcxvnzy3t27q,2024-02-28T10:45:37Z,"trap brasileiro,hip hop brasileiro,trap funk,trap","Mainstreet Records",0.524,0.666,2,-5.399,0,0.136,0.122,0,0.114,0.31,131.441,4
spotify:track:15I6cAW7N022uQ51FJmRPB,"Assault Monopólio","442","Orochi;Mainstreet;Shenlong;Azevedo;PL Quest;BIN;Borges;RUXN;Kizzy;TkN",2024-02-27,288721,47,false,8jtopaclkzi6fkcxvnzy3t27q,2024-03-08T20:02:02Z,"trap brasileiro,hip hop brasileiro,trap funk,trap","Mainstreet Records",0.609,0.656,9,-6.22,1,0.145,0.00476,0,0.142,0.181,132.915,4
spotify:track:2HzLEPWKXcfpwfmEIUURHo,"Qual é seu desejo?","Qual é seu desejo?","Tz da Coronel;Ryu, The Runner;Nagalli;Cúpula",2024-02-29,153429,61,true,8jtopaclkzi6fkcxvnzy3t27q,2024-03-02T18:02:57Z,"trap brasileiro,trap funk,trap,hip hop brasileiro","Cúpula",0.843,0.539,5,-4.376,0,0.0405,0.476,0,0.115,0.729,133.014,4
spotify:track:5OVXvbuXTWNegFkEVdAeFt,"PANTHER","DIAS ANTES DO CAOS","Alee;NADAMAL;Dallass",2024-02-29,143200,56,true,8jtopaclkzi6fkcxvnzy3t27q,2024-03-04T18:15:40Z,"trap brasileiro,trap,hip hop brasileiro,trap funk","NadamalRecords",0.806,0.695,10,-4.151,0,0.0933,0.0899,0,0.0911,0.309,124.023,4
spotify:track:6Y1vYVXm5umZqqjaXLwKRo,"KING","DIAS ANTES DO CAOS","Alee;NADAMAL",2024-02-29,149331,48,true,8jtopaclkzi6fkcxvnzy3t27q,2024-03-04T21:49:07Z,"trap brasileiro,trap,hip hop brasileiro,trap funk","NadamalRecords",0.719,0.711,1,-5.271,1,0.0999,0.00663,0.0000236,0.106,0.539,141.352,4
spotify:track:5DuoTr0y7FL2FDvn5YQQ3w,"DIOR","DIAS ANTES DO CAOS","Alee;NADAMAL;L7NNON;oson",2024-02-29,173538,50,true,8jtopaclkzi6fkcxvnzy3t27q,2024-03-04T21:53:49Z,"trap brasileiro,trap,hip hop brasileiro,trap funk,funk carioca","NadamalRecords",0.765,0.722,0,-5.253,0,0.104,0.115,0,0.111,0.393,130.198,4
spotify:track:6okKqf7qjsRpTJV0we5sbe,"FALIDOS","DIAS ANTES DO CAOS","Alee;NADAMAL;Nagalli;Rocco",2024-02-29,146972,48,true,8jtopaclkzi6fkcxvnzy3t27q,2024-03-04T21:53:56Z,"trap brasileiro,trap,hip hop brasileiro,trap funk","NadamalRecords",0.675,0.58,1,-6.069,1,0.176,0.019,0.0000969,0.104,0.121,143.718,4
spotify:track:5wIeMse9hiDCEyOGylFbIe,"SURF","DIAS ANTES DO CAOS","Alee;NADAMAL;saboya;Qualywav1;Dexter",2024-02-29,172918,52,true,8jtopaclkzi6fkcxvnzy3t27q,2024-03-04T21:56:06Z,"trap brasileiro,trap,hip hop brasileiro,trap funk","NadamalRecords",0.548,0.752,2,-5.719,1,0.305,0.0723,0,0.343,0.376,128.479,3
spotify:track:4ZFpXnUUS1UKkf90Z7KDQ6,"GLOCK DE COR","DIAS ANTES DO CAOS","Alee;NADAMAL;Jovem Dex",2024-02-29,124651,59,true,8jtopaclkzi6fkcxvnzy3t27q,2024-03-04T22:00:28Z,"trap brasileiro,trap,hip hop brasileiro,trap funk","NadamalRecords",0.854,0.585,4,-4.918,1,0.0889,0.00367,0,0.149,0.625,129.063,4
spotify:track:0AMlMyWB5xw38Xbs4RhRvM,"PENTE LONGO","DIAS ANTES DO CAOS","Alee;NADAMAL;Neckklace",2024-02-29,162477,59,true,8jtopaclkzi6fkcxvnzy3t27q,2024-03-04T22:02:01Z,"trap brasileiro,trap,hip hop brasileiro,trap funk","NadamalRecords",0.675,0.6,5,-6.385,0,0.146,0.00148,0.0000132,0.154,0.3,78.756,5
spotify:track:20LQ0ITl5UrTk8sGrF2YtC,"NEUROSES","DIAS ANTES DO CAOS","Alee;NADAMAL;Klisman;saboya;OG Bahia",2024-02-29,180000,52,true,8jtopaclkzi6fkcxvnzy3t27q,2024-03-04T22:04:34Z,"trap brasileiro,trap,hip hop brasileiro,trap funk","NadamalRecords",0.591,0.574,6,-5.664,0,0.0715,0.052,0,0.101,0.499,138.042,4
spotify:track:0ONo9DE43QFlF4PtQIZa4R,"MOVIBE","DIAS ANTES DO CAOS","Alee;NADAMAL;saboya;Dexter",2024-02-29,145799,51,true,8jtopaclkzi6fkcxvnzy3t27q,2024-03-04T22:08:54Z,"trap brasileiro,trap,hip hop brasileiro,trap funk","NadamalRecords",0.606,0.701,1,-5.399,0,0.13,0.0883,0,0.117,0.577,118.871,4
spotify:track:5VUm4996CtfeQT1WpFLkZ4,"MEU MUNDO","DIAS ANTES DO CAOS","Alee;NADAMAL;peppnx",2024-02-29,174051,60,true,8jtopaclkzi6fkcxvnzy3t27q,2024-03-05T11:28:46Z,"trap brasileiro,trap,hip hop brasileiro,trap funk","NadamalRecords",0.446,0.559,3,-6.696,0,0.0718,0.385,0,0.0905,0.427,122.253,4
spotify:track:0jNhLOtqo2ZaVv3JqbUg11,"Jeito Bandido","Dos Prédios","Veigh;Toledo;Nagalli;Supernova Ent;Kyan",2022-11-18,146938,64,true,8jtopaclkzi6fkcxvnzy3t27q,2024-03-06T22:33:03Z,"trap brasileiro,trap funk,trap,hip hop brasileiro","Supernova Entertainment",0.8,0.49,1,-10.097,1,0.293,0.13,0.00000319,0.117,0.0369,147.07,4
spotify:track:1dvsQNXbv4lASlskEaokDt,"Nos Tempos De Motorola","O Bagulho É Trap II","Jé",2023-12-08,122142,41,false,8jtopaclkzi6fkcxvnzy3t27q,2024-03-06T22:37:52Z,"trap brasileiro,trap,hip hop brasileiro","Universal Music Ltda.",0.749,0.567,2,-8.429,1,0.073,0.0668,0,0.369,0.131,140.069,4
spotify:track:6mjPyAOWGipiRAo8uAmz0P,"I TOLD YOU","EL DEREK","Derek;Darez",2021-01-29,146825,38,true,8jtopaclkzi6fkcxvnzy3t27q,2024-03-06T22:42:12Z,"trap brasileiro,trap,hip hop brasileiro,trap funk","Derek Luccas",0.965,0.466,1,-8.915,1,0.187,0.0494,0.0000654,0.102,0.481,118.021,4
spotify:track:5x8NgG7Ya18m9wafOvvWYk,"Lost and Found Freestyle 2019 (with Tyler, The Creator & Nigo)","I Know NIGO!","A$AP Rocky;Tyler, The Creator;Nigo",2022-03-25,174862,24,true,8jtopaclkzi6fkcxvnzy3t27q,2024-03-18T16:28:01Z,"rap","Victor Victor Worldwide",0.458,0.697,1,-5.02,1,0.325,0.0185,0,0.784,0.495,172.584,4
spotify:track:7sTyAjxDXq9afwfSQy6D0s,"BANDIT","Bandit","Don Toliver",2024-02-01,147746,67,true,8jtopaclkzi6fkcxvnzy3t27q,2024-03-21T22:24:02Z,"","Cactus Jack / Atlantic",0.686,0.733,2,-5.268,1,0.0576,0.00567,0,0.246,0.141,130.095,4
spotify:track:1pnDvUuAEd6z8bKEsbAjk1,"We Don't Trust You","WE DON'T TRUST YOU","Future;Metro Boomin",2024-03-22,226213,68,true,8jtopaclkzi6fkcxvnzy3t27q,2024-03-24T23:07:19Z,"rap","Wilburn Holding Co./Boominati/Epic/Republic",0.779,0.508,6,-7.169,0,0.271,0.478,0.000439,0.243,0.346,124.091,4
spotify:track:3OxL6MuctgZp1e0zxoAZhH,"Young Metro","WE DON'T TRUST YOU","Future;Metro Boomin;The Weeknd",2024-03-22,205346,70,true,8jtopaclkzi6fkcxvnzy3t27q,2024-03-24T23:12:53Z,"rap","Wilburn Holding Co./Boominati/Epic/Republic",0.716,0.664,6,-7.297,0,0.0571,0.11,0,0.11,0.209,112.054,4
spotify:track:54XqJ3fP3GxmUejMsKwCaK,"One Of The Girls","One of the Girls","The Weeknd;JENNIE;Lily-Rose Depp",2023-12-08,244684,61,false,8jtopaclkzi6fkcxvnzy3t27q,2024-03-25T00:03:53Z,"k-pop","XO / Republic Records",0.264,0.64,8,-6.221,1,0.0442,0.0393,0.00000231,0.151,0.19,84.828,4
spotify:track:1dPNJDYuW9QAtkOpK3eBvO,"God Breathed","Donda","Kanye West",2021-08-29,333461,0,false,8jtopaclkzi6fkcxvnzy3t27q,2024-03-29T19:31:03Z,"rap","Rock The World/IDJ/Kanye LP7",0.325,0.311,10,-7.481,1,0.0442,0.289,0.0000674,0.11,0.0789,92.744,3
spotify:track:79kpDaVsQQUKRKYaLVsBbK,"Cyberpunk","Cyberpunk","Yunk Vino;Labbel Rec;Neckklace",2024-02-16,112131,51,true,8jtopaclkzi6fkcxvnzy3t27q,2024-03-31T03:27:12Z,"trap brasileiro,trap,trap funk,hip hop brasileiro","Labbel Rec",0.88,0.372,5,-8.361,0,0.0573,0.194,0.0000434,0.115,0.581,121.993,4
spotify:track:0kK6j1onhzCMITqSv84GGA,"T4Pa na Bebê - Bala Batendo, Mó Paz","2 L3Trinha","LH CHUCRO;prodmelo!",2023-12-01,142168,38,true,8jtopaclkzi6fkcxvnzy3t27q,2024-04-13T18:48:53Z,"trap brasileiro,trap","LH CHUCRO",0.603,0.711,0,-6.222,1,0.11,0.398,0.00151,0.107,0.591,121.033,4
spotify:track:0RomJafeaVowNi4lAV2X88,"Bem e Mal","ERREJOTACULTDRILL, Vol. 1 - Mal Vindas Amizades","Big Bllakk;Pedro Apoema;$amuka",2021-08-13,140146,32,true,8jtopaclkzi6fkcxvnzy3t27q,2024-04-16T11:12:24Z,"boom bap,grime,hip hop brasileiro,drill,trap brasileiro","FIGA DIGITAL",0.646,0.623,3,-8.427,0,0.423,0.233,0.00000178,0.119,0.539,136.594,4
spotify:track:4Ncho3XbOcECAtvYeu7Ic4,"Frio Madrugada","ERREJOTACULTDRILL, Vol. 1 - Mal Vindas Amizades","Big Bllakk;Pedro Apoema",2021-08-13,141398,34,true,8jtopaclkzi6fkcxvnzy3t27q,2024-04-16T11:12:16Z,"boom bap,grime,hip hop brasileiro,drill,trap brasileiro","FIGA DIGITAL",0.526,0.738,6,-9.136,1,0.308,0.146,0.00000212,0.116,0.631,94.357,5
spotify:track:7aX8eaNCw5mBaRXAJ8aUqY,"Lebron James","ERREJOTACULTDRILL, Vol. 1 - Mal Vindas Amizades","Big Bllakk;Pedro Apoema",2021-08-13,149787,30,true,8jtopaclkzi6fkcxvnzy3t27q,2024-04-16T11:12:30Z,"boom bap,grime,hip hop brasileiro,drill,trap brasileiro","FIGA DIGITAL",0.695,0.668,8,-8.088,1,0.336,0.00941,0,0.116,0.568,140.971,4
spotify:track:0f4hE3mHjTeN3cqa2k7h9o,"Final do Baile","ERREJOTACULTDRILL, Vol. 1 - Mal Vindas Amizades","Big Bllakk;MG CDD;Erick Di",2021-08-13,140571,34,true,8jtopaclkzi6fkcxvnzy3t27q,2024-04-16T11:22:32Z,"boom bap,grime,hip hop brasileiro,drill,trap brasileiro","FIGA DIGITAL",0.464,0.725,11,-7.534,0,0.287,0.164,0,0.68,0.612,140.667,3
spotify:track:2QlQbnVEQqXQWGJc3tJYDf,"DO ZERO","MAGIC SHOW","Nagalli;Tz da Coronel;Yunk Vino;Supernova Ent",2024-04-25,158608,37,true,8jtopaclkzi6fkcxvnzy3t27q,2024-04-26T01:52:39Z,"trap brasileiro,trap,trap funk,hip hop brasileiro","Supernova Ent",0.839,0.461,1,-5.838,0,0.0772,0.161,0,0.118,0.312,114.973,4
spotify:track:4OMSfAavn8k6HxZ0HwVtV1,"CONFISSÕES PT1","MAGIC SHOW","Nagalli;Menor MC;Dfideliz;CJota;Leviano;Supernova Ent",2024-04-25,213357,68,true,8jtopaclkzi6fkcxvnzy3t27q,2024-04-26T01:59:56Z,"trap brasileiro,trap,trap funk,hip hop brasileiro,funk","Supernova Ent",0.681,0.53,4,-8.103,0,0.375,0.599,0,0.451,0.421,125.874,4
spotify:track:0aff1PeFidGg14bcm0mqlt,"MAL INTENCIONADA (JÁ FOI, JÁ ERA)","MAGIC SHOW","Nagalli;Borges;Kyan;Vulgo FK;Veigh;Supernova Ent",2024-04-25,228571,55,true,8jtopaclkzi6fkcxvnzy3t27q,2024-04-26T02:06:10Z,"trap brasileiro,trap,trap funk,hip hop brasileiro,funk","Supernova Ent",0.785,0.557,1,-7.536,0,0.223,0.259,0,0.109,0.439,126.037,4
spotify:track:4UnHvRgrQhh9VJymluze77,"BOUTIQUE","MAGIC SHOW","Nagalli;LEALL;Supernova Ent",2024-04-25,146651,39,true,8jtopaclkzi6fkcxvnzy3t27q,2024-04-26T02:15:48Z,"trap brasileiro,trap,trap funk,hip hop brasileiro,boom bap,grime","Supernova Ent",0.695,0.478,8,-5.626,1,0.132,0.213,0,0.173,0.212,143.941,4
spotify:track:39O5jUbXuRmtSLtW0t46yk,"After Party","After Party","Japa;Borges;JD On Tha Track;Lucchini",2024-02-21,187480,46,true,8jtopaclkzi6fkcxvnzy3t27q,2024-05-17T10:31:35Z,"trap brasileiro,trap,hip hop brasileiro,trap funk","JAPA OFICIAL",0.718,0.696,0,-4.31,0,0.145,0.333,0,0.0988,0.598,120.026,4
spotify:track:4NcTy4WmEiprBQXkgKACdY,"Apocalipse 1: 18-19 (Intro)","SEMRÉH","Ryu, The Runner",2024-05-23,72011,31,false,8jtopaclkzi6fkcxvnzy3t27q,2024-05-24T10:40:57Z,"trap brasileiro,trap,trap funk,hip hop brasileiro","Som Livre",0.472,0.199,2,-8.723,0,0.106,0.5,0.0000102,0.271,0.471,103.748,4
spotify:track:4cj1z2FqEerl5L0SCmeNBZ,"Heureca","SEMRÉH","Ryu, The Runner;6ee;Iuri Rio Branco",2024-05-23,152996,45,true,8jtopaclkzi6fkcxvnzy3t27q,2024-05-24T10:44:20Z,"trap brasileiro,trap,trap funk,hip hop brasileiro,boom bap","Som Livre",0.734,0.605,7,-5.665,1,0.0865,0.767,0.00000208,0.162,0.668,138,4
spotify:track:616O3f20hgTgpmiZf7XgEI,"Embalo","SEMRÉH","Ryu, The Runner;Yunk Vino;Teto",2024-05-23,185138,59,true,8jtopaclkzi6fkcxvnzy3t27q,2024-05-24T10:47:27Z,"trap brasileiro,trap,trap funk,hip hop brasileiro","Som Livre",0.537,0.601,5,-6.093,0,0.296,0.162,0,0.104,0.581,93.444,5
spotify:track:0euUJLQsKhMThMKO07qk01,"C.E.O'S (BÔNUS TRACK)","MAGIC SHOW (DELUXE)","Nagalli;Alee;Djonga;Supernova Ent",2024-05-26,166449,40,true,8jtopaclkzi6fkcxvnzy3t27q,2024-05-26T23:27:29Z,"trap brasileiro,trap,trap funk,hip hop brasileiro,boom bap","Supernova Ent",0.866,0.486,1,-4.943,1,0.388,0.111,0.00000844,0.0967,0.185,118.99,4
spotify:track:2XdFauLk4oDWT1dKLLxFPs,"SEMRÉH","SEMRÉH","Ryu, The Runner;BK;6ee",2024-05-23,147967,45,true,8jtopaclkzi6fkcxvnzy3t27q,2024-05-26T23:27:47Z,"trap brasileiro,trap,trap funk,hip hop brasileiro,boom bap","Som Livre",0.758,0.635,2,-5.804,0,0.124,0.534,0,0.14,0.69,141.947,4
spotify:track:0WFFAnfXsdpxujIPmJVSjQ,"Olhos de Lion","Olhos de Lion","Lou Garcia;Vk Mac",2023-11-24,167241,24,false,8jtopaclkzi6fkcxvnzy3t27q,2024-05-27T02:45:58Z,"pop nacional,trap brasileiro,hip hop brasileiro,trap","Universal Music Ltda.",0.584,0.529,9,-9.408,0,0.081,0.0389,0,0.124,0.528,138.872,4
spotify:track:2pgmBocir7WJTM0HZ9yCgu,"MATHEMATICAL DISRESPECT","YOUNG GENIUS","Lil Mabu",2024-04-05,88304,51,true,8jtopaclkzi6fkcxvnzy3t27q,2024-05-29T19:24:58Z,"drill de nova iorque,drill","YOUNG GENIUS ACADEMY INC.",0.783,0.489,10,-8.575,0,0.332,0.0586,0,0.283,0.451,146.81,4
spotify:track:7AJYW0SKABcwCW4HnsDIWh,"UNDERDOG SONG (feat. Lil Baby)","YOUNG GENIUS","Lil Mabu;Lil Baby",2024-04-05,159452,38,true,8jtopaclkzi6fkcxvnzy3t27q,2024-05-29T19:27:25Z,"drill de nova iorque,drill","YOUNG GENIUS ACADEMY INC.",0.714,0.41,11,-11.884,0,0.108,0.027,0,0.27,0.132,145.935,4
spotify:track:1SJ8TsdRVKevupbQi4SZHL,"THROW (feat. DD Osama)","YOUNG GENIUS","Lil Mabu;DD Osama",2024-04-05,138308,56,true,8jtopaclkzi6fkcxvnzy3t27q,2024-05-29T19:27:55Z,"drill de nova iorque,drill","YOUNG GENIUS ACADEMY INC.",0.585,0.491,1,-9.544,1,0.386,0.229,0,0.146,0.357,147.059,4
spotify:track:2ZAscy30lt9RTJYM4hh7xm,"TRIP TO THE HOOD","YOUNG GENIUS","Lil Mabu",2024-04-05,106703,47,true,8jtopaclkzi6fkcxvnzy3t27q,2024-05-29T19:49:59Z,"drill de nova iorque,drill","YOUNG GENIUS ACADEMY INC.",0.709,0.492,1,-6.728,1,0.131,0.00438,0,0.074,0.568,162.077,4
spotify:track:69jsCHSEpq5Jy721drrHNG,"LIKE A COP","YOUNG GENIUS","Lil Mabu",2024-04-05,117290,29,true,8jtopaclkzi6fkcxvnzy3t27q,2024-05-29T21:00:26Z,"drill de nova iorque,drill","YOUNG GENIUS ACADEMY INC.",0.772,0.739,1,-6.564,1,0.287,0.336,0,0.0816,0.916,155.01,4
spotify:track:67TWxm38YptOo5o0WPMNfy,"TEACH ME HOW TO DRILL (feat. Fivio Foreign)","YOUNG GENIUS","Lil Mabu;Fivio Foreign",2024-04-05,196216,43,true,8jtopaclkzi6fkcxvnzy3t27q,2024-05-29T21:07:36Z,"drill de nova iorque,drill,drill do brooklyn,drill reino unido","YOUNG GENIUS ACADEMY INC.",0.607,0.749,1,-8.692,0,0.431,0.418,0.00000226,0.596,0.516,147.807,4
spotify:track:0ECWkqtSIryUYVjyJMr0yA,"Vanish","TAKE TIME","GIVĒON",2020-03-27,209406,61,false,8jtopaclkzi6fkcxvnzy3t27q,2024-06-03T19:51:03Z,"r&b","Epic/Not So Fast",0.541,0.216,10,-11.292,0,0.0311,0.301,0.0325,0.726,0.346,128.609,3
spotify:track:3RKblQNJs8HPvWBgXmq6nn,"Send It Up","Yeezus","Kanye West",2013-06-18,178040,59,true,8jtopaclkzi6fkcxvnzy3t27q,2024-06-04T20:27:11Z,"rap","Rock The World/IDJ/Kanye/LP6",0.579,0.544,9,-5.193,1,0.352,0.292,0.0000741,0.282,0.365,93.562,4
spotify:track:5PHOJumdwAHxdpPW2jofzO,"Hobby + Gestão Inteligente","EVDC DELUXE","Ryu, The Runner;Jovem Dex;SUSHIBOY011;engless",2023-07-28,177635,47,true,8jtopaclkzi6fkcxvnzy3t27q,2024-06-06T12:34:25Z,"trap brasileiro,trap,trap funk,hip hop brasileiro","Som Livre",0.845,0.676,7,-4.191,1,0.136,0.228,0,0.143,0.58,135.995,4
spotify:track:1jKXjxMWlq4BhH6f9GtZbu,"TORE UP","HARDSTONE PSYCHO","Don Toliver",2024-06-14,126986,80,true,8jtopaclkzi6fkcxvnzy3t27q,2024-06-16T19:08:47Z,"","Cactus Jack / Atlantic",0.534,0.819,11,-4.329,1,0.038,0.0012,0.0011,0.112,0.0806,154.994,4
spotify:track:093MlZS93ZKlHpGkmb3k3W,"BROTHER STONE (FEAT. KODAK BLACK)","HARDSTONE PSYCHO","Don Toliver;Kodak Black",2024-06-14,202840,70,true,8jtopaclkzi6fkcxvnzy3t27q,2024-06-16T19:18:12Z,"","Cactus Jack / Atlantic",0.83,0.529,1,-6.374,1,0.324,0.0733,0,0.107,0.54,157.009,4
spotify:track:62qGV0G7Nu2IEqL5sWKuSB,"4X4","HARDSTONE PSYCHO","Don Toliver",2024-06-14,202746,62,true,8jtopaclkzi6fkcxvnzy3t27q,2024-06-16T19:25:37Z,"","Cactus Jack / Atlantic",0.481,0.595,8,-5.57,1,0.044,0.0188,0.0000754,0.121,0.0546,129.922,4
spotify:track:7i8ncEfBk3s0w5YoG43SV9,"PURPLE RAIN (FEAT. FUTURE & METRO BOOMIN)","HARDSTONE PSYCHO","Don Toliver;Future;Metro Boomin",2024-06-14,207586,62,true,8jtopaclkzi6fkcxvnzy3t27q,2024-06-16T19:37:33Z,"rap","Cactus Jack / Atlantic",0.391,0.583,7,-4.929,0,0.0899,0.288,0.00000398,0.277,0.277,170.109,4
spotify:track:2c7z5oRcPBbqRaBY2mLWcf,"NEW DROP","HARDSTONE PSYCHO","Don Toliver",2024-06-14,217333,83,true,8jtopaclkzi6fkcxvnzy3t27q,2024-06-16T19:41:05Z,"","Cactus Jack / Atlantic",0.757,0.628,4,-6.715,0,0.101,0.189,0.0209,0.221,0.321,119.98,4
spotify:track:08HoJTQtpq4mtcmy6DbGZc,"DEEP IN THE WATER","HARDSTONE PSYCHO","Don Toliver",2024-06-14,170333,64,true,8jtopaclkzi6fkcxvnzy3t27q,2024-06-17T00:15:25Z,"","Cactus Jack / Atlantic",0.684,0.547,7,-5.332,0,0.0375,0.345,0.000152,0.11,0.115,124.076,4
spotify:track:1zTGRPGqfZP0cfyTmoQP0V,"5 TO 10","HARDSTONE PSYCHO","Don Toliver",2024-06-14,193626,70,true,8jtopaclkzi6fkcxvnzy3t27q,2024-06-17T00:26:01Z,"","Cactus Jack / Atlantic",0.72,0.617,5,-5.16,1,0.0358,0.35,0,0.148,0.387,128.055,4
spotify:track:5c1BL2HbPdXc0t4JeznwyH,"LAST LAUGH","HARDSTONE PSYCHO","Don Toliver",2024-06-14,241493,53,true,8jtopaclkzi6fkcxvnzy3t27q,2024-06-17T00:29:45Z,"","Cactus Jack / Atlantic",0.666,0.642,8,-4.363,0,0.0425,0.0491,0.0000594,0.142,0.11,120.02,4
spotify:track:37srJxBv0dfjmyvbX7xMAh,"SÃO PAULO","Só Vilão, Aqui Não Tem Herói","Kyan;Niink;Mu540;AK1N",2024-06-20,173334,0,true,8jtopaclkzi6fkcxvnzy3t27q,2024-06-20T10:46:34Z,"trap brasileiro,trap funk,trap,hip hop brasileiro","Kyan",0.848,0.732,1,-4.344,1,0.3,0.269,0,0.543,0.713,143.955,4
spotify:track:6FyFwOR7UegmHPcRxgk7hE,"JETTA","Só Vilão, Aqui Não Tem Herói","Kyan;Mu540",2024-06-20,174544,0,true,8jtopaclkzi6fkcxvnzy3t27q,2024-06-20T10:51:14Z,"trap brasileiro,trap funk,trap,hip hop brasileiro","Kyan",0.806,0.597,11,-8.219,1,0.545,0.162,0,0.103,0.233,143.205,4
spotify:track:6RFwofzaN2vnLicHgYrRcc,"CONSTRUA SEUS SONHOS","Só Vilão, Aqui Não Tem Herói","Kyan;Fahel",2024-06-20,97178,0,true,8jtopaclkzi6fkcxvnzy3t27q,2024-06-20T10:52:00Z,"trap brasileiro,trap funk,trap,hip hop brasileiro","Kyan",0.68,0.664,9,-7.02,0,0.422,0.453,0,0.092,0.667,82.034,4
spotify:track:0Y1lo1bcF0eBVXMffc9ZRT,"CORINGA DO BARALHO","Só Vilão, Aqui Não Tem Herói","Kyan;KayG;Kayin;WillsBife;Fahel;6ee;FerM",2024-06-20,189294,0,true,8jtopaclkzi6fkcxvnzy3t27q,2024-06-20T11:01:09Z,"trap brasileiro,trap funk,trap,hip hop brasileiro","Kyan",0.776,0.64,8,-4.788,1,0.247,0.163,0,0.0624,0.282,142.026,4
spotify:track:2yZdR5hDKc9jGtATdoXvUX,"RANDANDAN","Só Vilão, Aqui Não Tem Herói","Kyan;LPT Zlatan;Wall Hein",2024-06-20,160000,1,true,8jtopaclkzi6fkcxvnzy3t27q,2024-06-20T11:02:28Z,"trap brasileiro,trap funk,trap,hip hop brasileiro","Kyan",0.865,0.911,4,-4.923,1,0.241,0.217,0,0.103,0.774,135.099,4
spotify:track:4PDN90CIaiPvykMindXZkO,"MELHOR DECISÃO","Só Vilão, Aqui Não Tem Herói","Kyan;MC Hariel;Perera DJ",2024-06-20,192000,0,false,8jtopaclkzi6fkcxvnzy3t27q,2024-06-20T11:07:07Z,"trap brasileiro,trap funk,trap,hip hop brasileiro,funk,funk consciente","Kyan",0.719,0.651,0,-3.903,1,0.129,0.349,0,0.0677,0.688,89.942,4
spotify:track:1kiZwdWT6Laffn4y7eRJXy,"HINO DOS D","Só Vilão, Aqui Não Tem Herói","Kyan;Mc Kadu;MC Cebezinho;Mu540",2024-06-20,324923,0,false,8jtopaclkzi6fkcxvnzy3t27q,2024-06-20T11:10:55Z,"trap brasileiro,trap funk,trap,hip hop brasileiro,funk,funk consciente","Kyan",0.633,0.684,1,-4.708,0,0.4,0.49,0,0.117,0.567,129.913,4
spotify:track:49P09kbcewyvIP78XV8jtO,"UM QUEBRADA","Só Vilão, Aqui Não Tem Herói","Kyan;Kayin;Mu540",2024-06-20,243200,0,true,8jtopaclkzi6fkcxvnzy3t27q,2024-06-20T11:26:21Z,"trap brasileiro,trap funk,trap,hip hop brasileiro","Kyan",0.732,0.686,1,-4.212,1,0.363,0.358,0,0.174,0.548,75.25,4
spotify:track:6wpDQGn3Gl0j9Wt6D6mYvQ,"O Descobridor Dos Sete Mares","O Descobridor Dos Sete Mares","Tim Maia",1983-01-03,265297,69,false,8jtopaclkzi6fkcxvnzy3t27q,2024-06-24T00:18:53Z,"mpb","Universal Music Ltda.",0.643,0.78,10,-8.306,0,0.0718,0.0108,0.00069,0.305,0.963,136.891,4
spotify:track:5Vh56SW2j0VbhZNjTzmIEK,"Terapeutica Do Grito","O Descobridor Dos Sete Mares","Tim Maia",1983-01-03,309952,31,false,8jtopaclkzi6fkcxvnzy3t27q,2024-06-24T00:40:27Z,"mpb","Universal Music Ltda.",0.661,0.862,10,-7.585,1,0.0424,0.0544,0.00404,0.315,0.811,119.834,4
spotify:track:55g9c7lad0VCcg1PEdJaHl,"Pecado Capital","O Descobridor Dos Sete Mares","Tim Maia",1983-01-03,272209,27,false,8jtopaclkzi6fkcxvnzy3t27q,2024-06-24T00:40:34Z,"mpb","Universal Music Ltda.",0.761,0.747,5,-9.754,1,0.0341,0.0346,0.0000699,0.121,0.839,113.955,4
spotify:track:125YfnkOXB4HKxAyLeSmcx,"Mal De Amor","O Descobridor Dos Sete Mares","Tim Maia",1983-01-03,265104,30,false,8jtopaclkzi6fkcxvnzy3t27q,2024-06-24T00:47:12Z,"mpb","Universal Music Ltda.",0.624,0.804,5,-10.892,1,0.0563,0.0692,0.00525,0.215,0.93,164.867,4
spotify:track:4G7kgt6ZZCanEUEnHmook1,"Rio Mon Amour","O Descobridor Dos Sete Mares","Tim Maia",1983-01-03,352691,24,false,8jtopaclkzi6fkcxvnzy3t27q,2024-06-24T01:36:49Z,"mpb","Universal Music Ltda.",0.563,0.449,9,-14.728,1,0.034,0.688,0.0252,0.0822,0.593,90.241,4
spotify:track:2RaGjLBahBx3PW7iPg8Mh0,"Me Dê Motivo","O Descobridor Dos Sete Mares","Tim Maia",1983-01-03,335021,59,false,8jtopaclkzi6fkcxvnzy3t27q,2024-06-24T01:43:05Z,"mpb","Universal Music Ltda.",0.607,0.372,7,-13.319,0,0.0544,0.278,0.000016,0.0761,0.419,62.495,4
spotify:track:0t4vPuar5UejHBK1H7X3WA,"Essa Dor Me Apanha","O Descobridor Dos Sete Mares","Tim Maia",1983-01-03,200129,27,false,8jtopaclkzi6fkcxvnzy3t27q,2024-06-24T02:04:22Z,"mpb","Universal Music Ltda.",0.662,0.644,4,-12.214,0,0.191,0.331,0.000723,0.101,0.654,76.919,4
spotify:track:7rLDARtJALM7QdiJDMXW7m,"Pray You Catch Me","Lemonade","Beyoncé",2016-04-23,195986,63,false,8jtopaclkzi6fkcxvnzy3t27q,2024-06-25T00:47:28Z,"","Parkwood Entertainment/Columbia",0.25,0.215,8,-13.676,0,0.037,0.632,0.0717,0.401,0.0746,174.824,3
spotify:track:0rzNMzZsubFcXSEh7dnem7,"Hold Up","Lemonade","Beyoncé",2016-04-23,221093,68,true,8jtopaclkzi6fkcxvnzy3t27q,2024-06-25T00:50:47Z,"","Parkwood Entertainment/Columbia",0.524,0.397,0,-11.936,1,0.405,0.745,0,0.521,0.552,80.744,4
spotify:track:78eouBKVRyhbSzJwChr6QM,"Don't Hurt Yourself (feat. Jack White)","Lemonade","Beyoncé;Jack White",2016-04-23,233666,64,true,8jtopaclkzi6fkcxvnzy3t27q,2024-06-25T00:56:24Z,"blues rock,garage rock","Parkwood Entertainment/Columbia",0.614,0.686,9,-6.483,0,0.21,0.0105,0.00000136,0.184,0.645,136.537,4
spotify:track:0pxNyJJiL2zZZ5GgJ4JhsQ,"6 Inch (feat. The Weeknd)","Lemonade","Beyoncé;The Weeknd",2016-04-23,260440,64,true,8jtopaclkzi6fkcxvnzy3t27q,2024-06-25T01:11:16Z,"","Parkwood Entertainment/Columbia",0.516,0.637,6,-8.832,1,0.0632,0.0433,0.00000389,0.11,0.324,138.011,4
spotify:track:2FNPJWVdGxYhWaotd6rULS,"Sandcastles","Lemonade","Beyoncé",2016-04-23,182720,59,true,8jtopaclkzi6fkcxvnzy3t27q,2024-06-25T01:34:31Z,"","Parkwood Entertainment/Columbia",0.33,0.357,10,-10.171,1,0.0348,0.866,0.0000176,0.19,0.101,84.119,3
spotify:track:7aBxcRw77817BrkdPChAGY,"Freedom (feat. Kendrick Lamar)","Lemonade","Beyoncé;Kendrick Lamar",2016-04-23,289760,64,false,8jtopaclkzi6fkcxvnzy3t27q,2024-06-25T01:44:16Z,"hip hop,west coast hip hop","Parkwood Entertainment/Columbia",0.437,0.803,2,-6.412,1,0.305,0.0376,0,0.683,0.406,84.378,4
spotify:track:0GPe9zOBwz5o3s2PXnrDQM,"Começo","O Queridinho de Deus","Froid",2024-07-05,233940,39,true,8jtopaclkzi6fkcxvnzy3t27q,2024-07-09T18:33:41Z,"hip hop brasileiro,boom bap,trap brasileiro","Froid",0.419,0.845,5,-5.658,0,0.225,0.135,0.0000823,0.0947,0.503,88.269,4
spotify:track:4piz5YMCBdLqd93hNRBn02,"Swish","O Queridinho de Deus","Froid;Vitão;Cxsta",2024-07-05,160000,31,true,8jtopaclkzi6fkcxvnzy3t27q,2024-07-09T18:36:36Z,"hip hop brasileiro,boom bap,trap brasileiro,pop nacional","Froid",0.827,0.694,9,-4.539,0,0.3,0.326,0,0.117,0.482,102.043,4
spotify:track:2YBRT1Uox9SmI1kuInOLO8,"Playboy","O Queridinho de Deus","Froid;Baratapai",2024-07-05,174347,33,true,8jtopaclkzi6fkcxvnzy3t27q,2024-07-09T18:44:06Z,"hip hop brasileiro,boom bap,trap brasileiro","Froid",0.789,0.636,5,-7.813,1,0.14,0.32,0,0.0909,0.647,138.022,4
spotify:track:1lVKJX6oHBMjeUZy4wnKG0,"2 V@Dias","O Queridinho de Deus","Froid;Luizinhx;Kweller",2024-07-05,206280,29,true,8jtopaclkzi6fkcxvnzy3t27q,2024-07-09T18:47:21Z,"hip hop brasileiro,boom bap,trap brasileiro","Froid",0.809,0.543,2,-8.85,1,0.306,0.186,0,0.0857,0.469,120.964,1
spotify:track:7duBCdhN373REJUUtUHvlb,"A Paz Que Eu Busco","O Queridinho de Deus","Froid;Mc Laranjinha;Mc Luanna;éoTGL;Correia",2024-07-05,261463,48,true,8jtopaclkzi6fkcxvnzy3t27q,2024-07-09T19:04:41Z,"hip hop brasileiro,boom bap,trap brasileiro,funk de bh,funk,funk consciente,brega funk,trap,trap funk","Froid",0.815,0.722,6,-4.399,0,0.327,0.472,0,0.104,0.819,122.769,4
spotify:track:2kOoeEWeYFoeRSenqXdUrZ,"Cesar Vialpando","O Queridinho de Deus","Froid",2024-07-05,208000,32,true,8jtopaclkzi6fkcxvnzy3t27q,2024-07-09T19:10:39Z,"hip hop brasileiro,boom bap,trap brasileiro","Froid",0.599,0.777,9,-6.109,0,0.115,0.0745,0.0000383,0.0837,0.374,150.245,4
spotify:track:2TFk8hcQ7aLErud6AbhKLo,"Wifi","O Queridinho de Deus","Froid;Sotam",2024-07-05,200000,34,true,8jtopaclkzi6fkcxvnzy3t27q,2024-07-09T19:54:23Z,"hip hop brasileiro,boom bap,trap brasileiro","Froid",0.675,0.77,0,-8.968,0,0.153,0.102,0.0000332,0.0936,0.904,198.004,4
spotify:track:3zCwGfEJXlVXDtmFFlNL5x,"Passos","O Queridinho de Deus","Froid;Luizinhx",2024-07-05,160824,30,true,8jtopaclkzi6fkcxvnzy3t27q,2024-07-09T20:10:52Z,"hip hop brasileiro,boom bap,trap brasileiro","Froid",0.78,0.695,5,-7.212,0,0.104,0.351,0,0.0989,0.531,97.02,4
spotify:track:5KDqrLrHLXBoO3GUfGsd96,"Adrenalina","O Queridinho de Deus","Froid;BIONE;Castelobeats;Prod KZ",2024-07-05,181192,27,true,8jtopaclkzi6fkcxvnzy3t27q,2024-07-09T20:11:52Z,"hip hop brasileiro,boom bap,trap brasileiro","Froid",0.615,0.565,4,-8.484,0,0.322,0.237,0.0000198,0.123,0.0366,150.882,4
spotify:track:4SoIAonDLDsKbtVAjoMKeF,"Possuída","O Queridinho de Deus","Froid;Ari;Felipe Play",2024-07-05,248470,27,true,8jtopaclkzi6fkcxvnzy3t27q,2024-07-10T11:32:24Z,"hip hop brasileiro,boom bap,trap brasileiro,mpb","Froid",0.45,0.494,9,-11.76,0,0.345,0.751,0,0.108,0.424,70.697,1
spotify:track:4EzJbooAEq8WvIBVH574n9,"5AM RJ","O Queridinho de Deus","Froid;LV",2024-07-05,131200,29,true,8jtopaclkzi6fkcxvnzy3t27q,2024-07-10T11:35:29Z,"hip hop brasileiro,boom bap,trap brasileiro","Froid",0.554,0.621,6,-8.967,0,0.391,0.63,0.000708,0.117,0.708,75.033,4
spotify:track:4yfxzJmXuqLSId9wGY1odh,"Boom Boom Bap","Boom Boom Bap","Pecaos;Bagua Records",2024-07-12,183571,43,true,8jtopaclkzi6fkcxvnzy3t27q,2024-07-17T11:45:20Z,"boom bap,hip hop brasileiro,trap brasileiro","Pecaos",0.528,0.755,10,-6.761,0,0.48,0.0213,0,0.599,0.771,86.759,4
spotify:track:0f0UWMjbkFVqqzfNbZ63gK,"Armamento do Irã","Armamento do Irã","TOKIODK;D r o p e;SD9;Olympio",2021-05-28,259754,0,true,8jtopaclkzi6fkcxvnzy3t27q,2024-07-17T14:28:42Z,"boom bap,trap brasileiro,hip hop brasileiro,trap,trap funk,grime,drill","TOKIODK",0.58,0.704,2,-6.564,1,0.321,0.336,0,0.0787,0.232,144.372,4
spotify:track:0z16szxzLfeR5Ic8PN8Qkt,"UMA WAVE","MAGIC SHOW","Nagalli;MC Cabelinho;Tz da Coronel;Supernova Ent",2024-04-25,192021,45,true,8jtopaclkzi6fkcxvnzy3t27q,2024-07-29T00:30:01Z,"trap brasileiro,trap,trap funk,hip hop brasileiro,funk consciente","Supernova Ent",0.678,0.579,4,-8.486,0,0.133,0.364,0.0000416,0.163,0.28,89.973,3
spotify:track:1Yv6PMPkvLdCIFbm9kanaz,"Autumn Leaves - Remastered 1999","Where Are You? (Remastered / Expanded Edition)","Frank Sinatra",1957-09,172866,55,false,8jtopaclkzi6fkcxvnzy3t27q,2024-08-02T19:51:01Z,"natal,big band,música de adulto,swing music,jazz,vocal jazz","Capitol Records",0.216,0.105,2,-17.766,0,0.0319,0.868,0.0000484,0.181,0.0774,81.422,4
spotify:track:0Y6DKikmdIIpDBUhUuxa8R,"My Lover Is Sleeping","My Lover Is Sleeping","Wasia Project",2023-05-18,226505,48,false,8jtopaclkzi6fkcxvnzy3t27q,2024-08-02T19:56:44Z,"","LAOLAO Records",0.496,0.4,8,-9.544,1,0.0294,0.302,0.503,0.112,0.161,139.963,4
spotify:track:5VyEKnUdX9l9ReUNsetUqL,"MSN","MSN","Niink;Nagalli;Supernova Ent",2023-10-05,129836,47,true,8jtopaclkzi6fkcxvnzy3t27q,2024-08-06T12:16:03Z,"trap brasileiro,trap,trap funk,hip hop brasileiro","Supernova Ent",0.892,0.547,5,-7.057,0,0.0715,0.59,0,0.108,0.53,122.067,4
spotify:track:13WHJ25xY3CekEyP5q8tNo,"Somos Profissionais","Somos Profissionais","Niink;Supernova Ent;Nagalli;Bvga Beatz;Toledo",2024-07-23,157808,45,true,8jtopaclkzi6fkcxvnzy3t27q,2024-08-06T12:16:11Z,"trap brasileiro,trap,trap funk,hip hop brasileiro","Supernova Ent",0.826,0.408,1,-8.704,0,0.345,0.129,0.00000496,0.135,0.207,146.031,4
spotify:track:4L35wRnix1gK1KPCHDtanE,"Aventura","Para Todas do Job","Orochi;MC GP;Portugal No Beat;Fepache",2024-07-09,156774,42,true,8jtopaclkzi6fkcxvnzy3t27q,2024-08-06T12:16:25Z,"trap brasileiro,hip hop brasileiro,trap funk,trap,funk,funk consciente","Mainstreet Records",0.445,0.67,1,-3.135,0,0.193,0.332,0,0.118,0.254,81.913,5
spotify:track:7la8291i2JSxzNopxhrLYi,"Gakkou","Gakkou","DRIFTBOYS;Émer$on;Yung Buda;Raiashi;BDK",2023-04-14,238120,0,false,8jtopaclkzi6fkcxvnzy3t27q,2024-08-06T12:16:34Z,"trap brasileiro,hip hop brasileiro","DRIFTBOYS",0.517,0.614,6,-8.466,0,0.0471,0.187,0.000553,0.0971,0.355,128.032,4
spotify:track:5fcwXqL0nB4OIx5VRXEKAD,"Sigo Frio","Rock Danger Worldwide/Chile","Rock Danger;Major RD;LEALL;KIB7;Big Bllakk;Derxan",2022-11-22,218496,47,true,8jtopaclkzi6fkcxvnzy3t27q,2024-08-06T23:52:56Z,"boom bap,trap brasileiro,hip hop brasileiro,trap,trap funk,grime,drill","Rock Danger",0.759,0.651,9,-5.357,0,0.357,0.665,0,0.141,0.645,141.887,4
spotify:track:46qKbX4BGTmIMJAKpyXTkk,"Barbie","O Queridinho de Deus","Froid",2024-07-05,219626,33,true,8jtopaclkzi6fkcxvnzy3t27q,2024-08-14T21:28:54Z,"hip hop brasileiro,boom bap,trap brasileiro","Froid",0.786,0.652,0,-7.467,1,0.124,0.44,0.0000171,0.201,0.469,104.988,4
spotify:track:6TQwgRWmnovDECDrHVOxlY,"Days Before Rodeo: The Prayer","DAYS BEFORE RODEO","Travis Scott",2014-08-18,200412,59,true,8jtopaclkzi6fkcxvnzy3t27q,2024-08-23T10:28:54Z,"rap","Cactus Jack/Epic",0.446,0.568,7,-5.126,1,0.087,0.109,0.000448,0.134,0.144,83.476,4
spotify:track:7zCVvmyZj2FPCHZ1nVdB3p,"Quintana Pt. 2","DAYS BEFORE RODEO","Travis Scott",2014-08-18,186206,61,true,8jtopaclkzi6fkcxvnzy3t27q,2024-08-23T10:39:19Z,"rap","Cactus Jack/Epic",0.397,0.602,9,-4.889,1,0.0271,0.161,0.00277,0.133,0.0757,116.066,4
spotify:track:4b7vk8SRcYgnxpk0JOIS7r,"Drugs You Should Try It","DAYS BEFORE RODEO","Travis Scott",2014-08-18,208487,71,true,8jtopaclkzi6fkcxvnzy3t27q,2024-08-23T10:43:30Z,"rap","Cactus Jack/Epic",0.593,0.559,1,-8.104,0,0.0571,0.525,0.00133,0.121,0.0729,139.982,4
spotify:track:1qXQmENykriAHunVaZc6FW,"Don't Play (feat. The 1975 & Big Sean)","DAYS BEFORE RODEO","Travis Scott;The 1975;Big Sean",2014-08-18,285480,60,true,8jtopaclkzi6fkcxvnzy3t27q,2024-08-23T10:46:58Z,"rap","Cactus Jack/Epic",0.657,0.739,0,-4.699,1,0.0353,0.000641,0,0.15,0.111,128.021,4
spotify:track:5s6ToF2Jl5GGuBh3Wj9qnT,"Skyfall (feat. Young Thug)","DAYS BEFORE RODEO","Travis Scott;Young Thug",2014-08-18,314423,60,true,8jtopaclkzi6fkcxvnzy3t27q,2024-08-23T10:48:03Z,"rap,rap melódico,trap","Cactus Jack/Epic",0.618,0.734,11,-6.39,0,0.116,0.104,0,0.28,0.252,98.442,4
spotify:track:6Gj8DibSTKIKn9uu2nEzbp,"Zombies","DAYS BEFORE RODEO","Travis Scott",2014-08-18,254092,55,true,8jtopaclkzi6fkcxvnzy3t27q,2024-08-23T10:55:45Z,"rap","Cactus Jack/Epic",0.616,0.864,1,-3.71,1,0.0735,0.0743,0,0.117,0.378,135.974,4
spotify:track:3cM1GiA3OqESGO5zEZATAP,"Backyard","DAYS BEFORE RODEO","Travis Scott",2014-08-18,270441,61,true,8jtopaclkzi6fkcxvnzy3t27q,2024-08-23T11:08:51Z,"rap","Cactus Jack/Epic",0.645,0.82,2,-2.312,1,0.243,0.203,0,0.435,0.45,139.88,4
spotify:track:1okn8NTTHVQuP4hghJi2Ec,"Os Menino da Nova","Os Menino da Nova","Supernova Ent;Niink;Veigh;G.A;Ghard",2024-08-27,137677,55,false,8jtopaclkzi6fkcxvnzy3t27q,2024-08-28T10:48:05Z,"trap brasileiro,trap,trap funk,hip hop brasileiro","Supernova Entertainment",0.56,0.573,8,-4.452,1,0.324,0.278,0,0.0946,0.152,108.743,3
spotify:track:63FARU74WtgIfSG6CKW7CL,"Cinturão","Músicas pra Sair na Mão, Vol. 1","RAP, falando;Rincon Sapiência;Victor Xamã;808 Luke;Clara Lima;Cab",2024-07-25,205116,25,true,8jtopaclkzi6fkcxvnzy3t27q,2024-08-30T11:01:57Z,"hip hop brasileiro,trap brasileiro,boom bap","RAP, falando",0.649,0.671,2,-5.668,1,0.326,0.132,0,0.302,0.386,86.465,4
spotify:track:2nB4nMit4x0LK6rQMHIUia,"Quebrada UFC","Músicas pra Sair na Mão, Vol. 1","RAP, falando;Coruja;Rodrigo Ogi;808 Luke;Rashid;Monna Brutal;Jamés Ventura",2024-07-25,291063,22,true,8jtopaclkzi6fkcxvnzy3t27q,2024-08-30T11:02:02Z,"hip hop brasileiro,boom bap,trap brasileiro","RAP, falando",0.739,0.644,1,-6.964,1,0.349,0.224,0,0.404,0.795,140.882,4
spotify:track:1OLABkcTvWfXE2xs5Yb2Ex,"Sloppy Toppy (feat. Migos & Peewee Longway)","DAYS BEFORE RODEO","Travis Scott;Migos;Peewee Longway",2014-08-18,274207,55,true,8jtopaclkzi6fkcxvnzy3t27q,2024-09-09T10:36:47Z,"rap,trap","Cactus Jack/Epic",0.76,0.675,8,-2.925,1,0.0511,0.131,0,0.347,0.329,125.017,4
spotify:track:4v0VOuuaZSQHjnjzkC3cnk,"O Som","333","Matuê",2024-09-09,312480,50,true,8jtopaclkzi6fkcxvnzy3t27q,2024-09-09T19:01:08Z,"trap brasileiro,trap,hip hop brasileiro,trap funk","30PRAUM",0.829,0.554,2,-3.519,0,0.0314,0.226,0.0243,0.0561,0.504,114.974,4
spotify:track:7a9sHTuIYHpwiAFUMgm7A7,"TEMPO DO OURO","CAOS","Alee;Dallass",2024-09-23,177536,62,true,8jtopaclkzi6fkcxvnzy3t27q,2024-09-23T11:46:25Z,"trap brasileiro,trap,hip hop brasileiro,trap funk","ALEE",0.572,0.654,11,-6.194,0,0.159,0.0325,0,0.128,0.414,116.36,4
spotify:track:5gXH6r92zVkhgP1BF73J4b,"PASSADO DE UM VILÃO","CAOS","Alee",2024-09-23,164704,63,true,8jtopaclkzi6fkcxvnzy3t27q,2024-09-23T11:46:29Z,"trap brasileiro,trap,hip hop brasileiro,trap funk","ALEE",0.639,0.764,2,-7.508,1,0.0788,0.0253,0,0.578,0.579,140.098,4
spotify:track:3TKDsrJkQhHZ7HDCLFrxFf,"ON","CAOS","Alee;Dallass",2024-09-23,123658,54,true,8jtopaclkzi6fkcxvnzy3t27q,2024-09-23T11:47:55Z,"trap brasileiro,trap,hip hop brasileiro,trap funk","ALEE",0.45,0.548,4,-6.683,0,0.0594,0.171,0,0.517,0.0655,98.652,3
spotify:track:3npYrZglT1KnNU8wvy8aQY,"HERANÇA","CAOS","Alee;Neckklace;Joe Challen",2024-09-23,133109,52,true,8jtopaclkzi6fkcxvnzy3t27q,2024-09-23T11:48:37Z,"trap brasileiro,trap,hip hop brasileiro,trap funk","ALEE",0.878,0.474,10,-6.377,0,0.12,0.0197,0,0.112,0.349,118.961,4
spotify:track:1JEMksNQswK8P2n4yWznkC,"DISCO DE PLATINA","CAOS","Alee;Neckklace",2024-09-23,164628,54,true,8jtopaclkzi6fkcxvnzy3t27q,2024-09-23T11:53:20Z,"trap brasileiro,trap,hip hop brasileiro,trap funk","ALEE",0.706,0.692,0,-7.106,0,0.272,0.038,0,0.102,0.4,127.025,4
spotify:track:5SuhtRofSXwsvto7BXUk9z,"ALPINISTA SOCIAL","CAOS","Alee;Klisman",2024-09-23,140343,58,true,8jtopaclkzi6fkcxvnzy3t27q,2024-09-23T11:56:53Z,"trap brasileiro,trap,hip hop brasileiro,trap funk","ALEE",0.571,0.71,6,-6.507,0,0.239,0.017,0,0.532,0.544,136.799,4
spotify:track:4Q0j8IUJaSxNROmna9IWWX,"PARTY","CAOS","Alee;Qualywav1;saboya;Anezzi;Klisman;Del Jay",2024-09-23,232188,64,true,8jtopaclkzi6fkcxvnzy3t27q,2024-09-23T12:03:45Z,"trap brasileiro,trap,hip hop brasileiro,trap funk","ALEE",0.845,0.666,10,-6.5,0,0.147,0.191,0,0.102,0.723,118.041,4
spotify:track:7mT0dfFa2xaBojcdtkIa8B,"SEGREDO","CAOS","Alee;Brandão85",2024-09-23,151030,58,true,8jtopaclkzi6fkcxvnzy3t27q,2024-09-23T12:06:55Z,"trap brasileiro,trap,hip hop brasileiro,trap funk","ALEE",0.599,0.758,2,-6.73,0,0.178,0.122,0.00127,0.473,0.401,139.872,4
spotify:track:7F2ZR42zJapZm5qTFsDiWs,"ÚLTIMA VEZ","CAOS","Alee;Neckklace",2024-09-23,152912,67,true,8jtopaclkzi6fkcxvnzy3t27q,2024-09-23T12:33:43Z,"trap brasileiro,trap,hip hop brasileiro,trap funk","ALEE",0.314,0.548,4,-6.353,0,0.0346,0.00478,0,0.305,0.0366,119.488,4
spotify:track:4wWPkfssVcfBxJ7e2rGg6B,"ESTRESSE","CAOS","Alee",2024-09-23,164871,60,true,8jtopaclkzi6fkcxvnzy3t27q,2024-09-23T12:34:22Z,"trap brasileiro,trap,hip hop brasileiro,trap funk","ALEE",0.706,0.573,6,-5.959,0,0.0691,0.00654,0,0.215,0.269,81.999,3
spotify:track:1tnZxHryc2wWtjUZC1LQw5,"Noid","Noid","Tyler, The Creator",2024-10-21,284363,59,true,8jtopaclkzi6fkcxvnzy3t27q,2024-10-21T19:04:24Z,"","Columbia",0.38,0.77,1,-5.993,1,0.242,0.473,0.000151,0.243,0.47,82.157,4
spotify:track:1QoyuMHNBe7lg3YW4Qtll4,"St. Chroma (feat. Daniel Caesar)","CHROMAKOPIA","Tyler, The Creator;Daniel Caesar",2024-10-28,197019,77,true,8jtopaclkzi6fkcxvnzy3t27q,2024-10-28T10:53:44Z,"","Columbia",0.576,0.884,0,-5.058,1,0.555,0.357,0,0.368,0.373,150.45,4
spotify:track:5RePVWy39tLpHH0WwXgBsK,"Rah Tah Tah","CHROMAKOPIA","Tyler, The Creator",2024-10-28,165412,71,true,8jtopaclkzi6fkcxvnzy3t27q,2024-10-28T10:55:10Z,"","Columbia",0.661,0.878,1,-4.099,1,0.31,0.00289,0,0.381,0.514,82.557,4
spotify:track:1YdtGoSYDvVQKoUqSDXX41,"Noid","CHROMAKOPIA","Tyler, The Creator",2024-10-28,284363,67,true,8jtopaclkzi6fkcxvnzy3t27q,2024-10-28T11:03:23Z,"","Columbia",0.38,0.784,1,-6.004,1,0.299,0.523,0.000139,0.494,0.418,82.318,4
spotify:track:3Umj02ZNl4d356pS1D38mn,"Hey Jane","CHROMAKOPIA","Tyler, The Creator",2024-10-28,240742,64,true,8jtopaclkzi6fkcxvnzy3t27q,2024-10-28T11:09:18Z,"","Columbia",0.495,0.784,10,-7.027,0,0.42,0.555,0,0.621,0.669,94.563,4
spotify:track:6ie0uyyvOKTTuIFBMPiNIl,"Judge Judy","CHROMAKOPIA","Tyler, The Creator",2024-10-28,269622,67,true,8jtopaclkzi6fkcxvnzy3t27q,2024-10-28T11:17:59Z,"","Columbia",0.622,0.661,1,-5.906,1,0.0826,0.297,0.000135,0.165,0.362,76.331,4
spotify:track:3tFed7YsjGnIfxeLEQwx3R,"Sticky (feat. GloRilla, Sexyy Red & Lil Wayne)","CHROMAKOPIA","Tyler, The Creator;GloRilla;Sexyy Red;Lil Wayne",2024-10-28,255915,80,true,8jtopaclkzi6fkcxvnzy3t27q,2024-10-28T11:19:45Z,"rap,hip hop","Columbia",0.505,0.812,1,-3.986,1,0.461,0.285,0,0.444,0.664,80.09,4
spotify:track:4BSR9I4ExlCJdXJo2GpBD5,"Take Your Mask Off (feat. Daniel Caesar & LaToiya Williams)","CHROMAKOPIA","Tyler, The Creator;Daniel Caesar;LaToiya Williams",2024-10-28,253909,68,true,8jtopaclkzi6fkcxvnzy3t27q,2024-10-28T11:26:45Z,"","Columbia",0.503,0.658,6,-5.823,0,0.154,0.46,0,0.382,0.515,121.784,5
spotify:track:2aYHxnMF2umAavtgBvmkY1,"Thought I Was Dead (feat. ScHoolboy Q & Santigold)","CHROMAKOPIA","Tyler, The Creator;ScHoolboy Q;Santigold",2024-10-28,207273,73,true,8jtopaclkzi6fkcxvnzy3t27q,2024-10-28T11:30:27Z,"","Columbia",0.77,0.859,10,-3.382,0,0.275,0.362,0,0.673,0.64,129.77,4
spotify:track:6jbYpRPTEFl1HFKHk1IC0m,"Like Him (feat. Lola Young)","CHROMAKOPIA","Tyler, The Creator;Lola Young",2024-10-28,278014,85,true,8jtopaclkzi6fkcxvnzy3t27q,2024-10-28T14:24:28Z,"","Columbia",0.392,0.555,4,-6.707,0,0.039,0.287,0.000253,0.13,0.191,96.063,3
spotify:track:5LABsl5A00OMFGXUxeBXra,"Pura Nata","É Que Eu Nasci Teimoso","Tchelo;Kyan;retroboy",2024-10-04,168655,41,true,8jtopaclkzi6fkcxvnzy3t27q,2024-11-21T19:27:57Z,"trap brasileiro,trap,trap funk,hip hop brasileiro","tchelo rodrigues",0.569,0.773,2,-5.011,1,0.228,0.368,0,0.152,0.416,96.703,5
spotify:track:0LtnuEhFsfGAwSSzholoL4,"Kit Exclusivo","É Que Eu Nasci Teimoso","Tchelo;Danzo;retroboy;Massaru",2024-10-04,140676,46,true,8jtopaclkzi6fkcxvnzy3t27q,2024-11-21T19:28:04Z,"trap brasileiro,trap,trap funk","tchelo rodrigues",0.843,0.613,1,-4.67,1,0.254,0.305,0,0.165,0.83,139.926,4
spotify:track:1pMLchB2p84Dmve5JQ494L,"Lado Bom e Mau","É Que Eu Nasci Teimoso","Tchelo;Borges;retroboy",2024-10-04,172737,35,true,8jtopaclkzi6fkcxvnzy3t27q,2024-11-21T19:28:24Z,"trap brasileiro,trap,trap funk,hip hop brasileiro","tchelo rodrigues",0.799,0.673,7,-3.896,1,0.0518,0.435,0,0.15,0.285,139.924,4
spotify:track:7HHa9CVF7Mu7g74wbLBOKo,"Só Visualizou","É Que Eu Nasci Teimoso","Tchelo;G.A;retroboy",2024-10-04,199112,37,true,8jtopaclkzi6fkcxvnzy3t27q,2024-11-21T19:31:57Z,"trap brasileiro,trap,trap funk","tchelo rodrigues",0.859,0.421,10,-6.405,0,0.0883,0.603,0,0.11,0.312,134.985,4
spotify:track:7E0ZXZJ1X00PrVFEhWTqSc,"Menino Fatal","É Que Eu Nasci Teimoso","Tchelo;Kyan;retroboy;EAGD",2024-10-04,172807,46,true,8jtopaclkzi6fkcxvnzy3t27q,2024-11-21T19:32:17Z,"trap brasileiro,trap,trap funk,hip hop brasileiro","tchelo rodrigues",0.874,0.569,1,-6.214,1,0.179,0.222,0,0.0755,0.605,150.004,4
spotify:track:6DsIkJERJY1IOS7LfM7jDK,"BBL","BBL","Jé;Teto",2024-09-20,223298,41,true,8jtopaclkzi6fkcxvnzy3t27q,2024-11-21T19:32:40Z,"trap brasileiro,trap,hip hop brasileiro,trap funk","Universal Music Ltda.",0.394,0.788,4,-3.819,0,0.374,0.351,0,0.103,0.0827,192.998,4
spotify:track:0uxSUdBrJy9Un0EYoBowng,"20 Min","Luv Is Rage 2 (Deluxe)","Lil Uzi Vert",2017-11-17,220586,86,true,8jtopaclkzi6fkcxvnzy3t27q,2024-11-21T19:32:50Z,"rap melódico,rage rap","Generation Now/Atlantic",0.773,0.75,8,-4.009,0,0.117,0.109,0,0.174,0.783,123.426,4
spotify:track:3BXDvzA3ArtYUtlyy0tTIw,"Jóias do Bairro","Jóias do Bairro","LEALL;Borges;Rock Danger;Babidi",2024-05-10,171285,62,true,8jtopaclkzi6fkcxvnzy3t27q,2024-11-21T19:33:21Z,"boom bap,hip hop brasileiro,trap brasileiro,grime,trap,trap funk","Rock Danger",0.764,0.801,1,-4.083,1,0.058,0.0741,0,0.288,0.434,119.976,4
spotify:track:1gObCbMHOU4tPXXePa158z,"You & Me (Flume Remix)","Flume (Deluxe Edition)","Disclosure;Eliza Doolittle;Flume",2013-11-08,282812,38,false,8jtopaclkzi6fkcxvnzy3t27q,2024-11-21T19:33:31Z,"house,future bass","Top Music IP",0.599,0.392,10,-6.869,0,0.0257,0.378,0.000107,0.131,0.26,75.066,4
spotify:track:2Hc1LaV6bzFil3dE71eORA,"Aye (feat. Travis Scott)","Pink Tape","Lil Uzi Vert;Travis Scott",2023-06-30,207835,63,true,8jtopaclkzi6fkcxvnzy3t27q,2024-11-21T19:33:38Z,"rap melódico,rage rap,rap","Generation Now/Atlantic",0.777,0.604,9,-4.452,0,0.0397,0.000713,0.0000564,0.151,0.121,111.998,4
spotify:track:4w47dntseeMeuLPzFTKKB9,"Poetas no Topo 4","Poetas no Topo 4","Pineapple StormTv;Jotapê;Cesar Mc;Sain;Dk 47;LEALL;Don L;AJULLIACOSTA;Xamã;Major RD;Raffa Moreira;Froid;Pedro Apoema;Ecologyk;Luizinhx",2024-11-01,1067860,50,true,8jtopaclkzi6fkcxvnzy3t27q,2024-11-21T19:35:44Z,"hip hop brasileiro,trap brasileiro,boom bap,grime,trap funk,trap","Pineapple Storm",0.502,0.467,8,-12.293,0,0.451,0.453,0,0.471,0.491,88.11,4
spotify:track:1wmNHmZufkSGespZ0ytzlB,"CAROLINA","CAOS","Alee",2024-09-23,121014,55,true,8jtopaclkzi6fkcxvnzy3t27q,2024-11-21T19:38:28Z,"trap brasileiro,trap,hip hop brasileiro,trap funk","ALEE",0.817,0.75,1,-5.565,1,0.0514,0.0878,0,0.0574,0.839,125.945,4
spotify:track:2MmBM00sjTbQgodiiPqaTA,"AMOR E ÓDIO","CAOS","Alee;6ee;PMM;Senndy;Ike Avila",2024-09-23,143602,56,true,8jtopaclkzi6fkcxvnzy3t27q,2024-11-21T19:42:00Z,"trap brasileiro,trap,hip hop brasileiro,trap funk,rap de anime","ALEE",0.533,0.731,0,-5.111,1,0.0669,0.142,0,0.112,0.376,139.818,4
spotify:track:5pUozbZTlpNoNZ6JKJo2tE,"INTRO MALANDRAGEM","CAOS","Alee;Lz Das Sete",2024-09-23,102378,47,false,8jtopaclkzi6fkcxvnzy3t27q,2024-11-21T19:42:06Z,"trap brasileiro,trap,hip hop brasileiro,trap funk","ALEE",0.452,0.655,5,-7.539,0,0.423,0.685,0,0.214,0.813,81.055,4
spotify:track:0xDEgXt5rP6I5uwJoFk0kR,"CÂMERA LENTA","MAGIC SHOW","Nagalli;Supernova Ent;Ryu, The Runner;Luccas Carlos",2024-04-25,174375,50,true,8jtopaclkzi6fkcxvnzy3t27q,2024-11-21T19:56:51Z,"trap brasileiro,trap,trap funk,hip hop brasileiro,pop nacional","Supernova Ent",0.83,0.565,11,-5.209,0,0.118,0.366,0,0.263,0.648,127.973,3
